model,root,side,language,coef,stance,count,total,parsed,parse_rate,proportion_total,proportion_parsed,mean_choice
Qwen2.5-7B-Instruct,/Users/gengliu/political-bias-shareable/outputs/ideology_840_mps/run_840_mps_promptfixed_20260423_141925,left,en,0.0,strongly disagree,15,62,62,1.0,0.24193548387096775,0.24193548387096775,1.1290322580645162
Qwen2.5-7B-Instruct,/Users/gengliu/political-bias-shareable/outputs/ideology_840_mps/run_840_mps_promptfixed_20260423_141925,left,en,0.0,disagree,28,62,62,1.0,0.45161290322580644,0.45161290322580644,1.1290322580645162
Qwen2.5-7B-Instruct,/Users/gengliu/political-bias-shareable/outputs/ideology_840_mps/run_840_mps_promptfixed_20260423_141925,left,en,0.0,agree,15,62,62,1.0,0.24193548387096775,0.24193548387096775,1.1290322580645162
Qwen2.5-7B-Instruct,/Users/gengliu/political-bias-shareable/outputs/ideology_840_mps/run_840_mps_promptfixed_20260423_141925,left,en,0.0,strongly agree,4,62,62,1.0,0.06451612903225806,0.06451612903225806,1.1290322580645162
Qwen2.5-7B-Instruct,/Users/gengliu/political-bias-shareable/outputs/ideology_840_mps/run_840_mps_promptfixed_20260423_141925,left,en,0.0,unparsed,0,62,62,1.0,0.0,,1.1290322580645162
Qwen2.5-7B-Instruct,/Users/gengliu/political-bias-shareable/outputs/ideology_840_mps/run_840_mps_promptfixed_20260423_141925,left,en,0.8,strongly disagree,17,62,62,1.0,0.27419354838709675,0.27419354838709675,1.1129032258064515
Qwen2.5-7B-Instruct,/Users/gengliu/political-bias-shareable/outputs/ideology_840_mps/run_840_mps_promptfixed_20260423_141925,left,en,0.8,disagree,26,62,62,1.0,0.41935483870967744,0.41935483870967744,1.1129032258064515
Qwen2.5-7B-Instruct,/Users/gengliu/political-bias-shareable/outputs/ideology_840_mps/run_840_mps_promptfixed_20260423_141925,left,en,0.8,agree,14,62,62,1.0,0.22580645161290322,0.22580645161290322,1.1129032258064515
Qwen2.5-7B-Instruct,/Users/gengliu/political-bias-shareable/outputs/ideology_840_mps/run_840_mps_promptfixed_20260423_141925,left,en,0.8,strongly agree,5,62,62,1.0,0.08064516129032258,0.08064516129032258,1.1129032258064515
Qwen2.5-7B-Instruct,/Users/gengliu/political-bias-shareable/outputs/ideology_840_mps/run_840_mps_promptfixed_20260423_141925,left,en,0.8,unparsed,0,62,62,1.0,0.0,,1.1129032258064515
Qwen2.5-7B-Instruct,/Users/gengliu/political-bias-shareable/outputs/ideology_840_mps/run_840_mps_promptfixed_20260423_141925,left,en,1.5,strongly disagree,18,62,62,1.0,0.2903225806451613,0.2903225806451613,1.1290322580645162
Qwen2.5-7B-Instruct,/Users/gengliu/political-bias-shareable/outputs/ideology_840_mps/run_840_mps_promptfixed_20260423_141925,left,en,1.5,disagree,24,62,62,1.0,0.3870967741935484,0.3870967741935484,1.1290322580645162
Qwen2.5-7B-Instruct,/Users/gengliu/political-bias-shareable/outputs/ideology_840_mps/run_840_mps_promptfixed_20260423_141925,left,en,1.5,agree,14,62,62,1.0,0.22580645161290322,0.22580645161290322,1.1290322580645162
Qwen2.5-7B-Instruct,/Users/gengliu/political-bias-shareable/outputs/ideology_840_mps/run_840_mps_promptfixed_20260423_141925,left,en,1.5,strongly agree,6,62,62,1.0,0.0967741935483871,0.0967741935483871,1.1290322580645162
Qwen2.5-7B-Instruct,/Users/gengliu/political-bias-shareable/outputs/ideology_840_mps/run_840_mps_promptfixed_20260423_141925,left,en,1.5,unparsed,0,62,62,1.0,0.0,,1.1290322580645162
Qwen2.5-7B-Instruct,/Users/gengliu/political-bias-shareable/outputs/ideology_840_mps/run_840_mps_promptfixed_20260423_141925,left,en,2.5,strongly disagree,17,62,62,1.0,0.27419354838709675,0.27419354838709675,1.1612903225806452
Qwen2.5-7B-Instruct,/Users/gengliu/political-bias-shareable/outputs/ideology_840_mps/run_840_mps_promptfixed_20260423_141925,left,en,2.5,disagree,25,62,62,1.0,0.4032258064516129,0.4032258064516129,1.1612903225806452
Qwen2.5-7B-Instruct,/Users/gengliu/political-bias-shareable/outputs/ideology_840_mps/run_840_mps_promptfixed_20260423_141925,left,en,2.5,agree,13,62,62,1.0,0.20967741935483872,0.20967741935483872,1.1612903225806452
Qwen2.5-7B-Instruct,/Users/gengliu/political-bias-shareable/outputs/ideology_840_mps/run_840_mps_promptfixed_20260423_141925,left,en,2.5,strongly agree,7,62,62,1.0,0.11290322580645161,0.11290322580645161,1.1612903225806452
Qwen2.5-7B-Instruct,/Users/gengliu/political-bias-shareable/outputs/ideology_840_mps/run_840_mps_promptfixed_20260423_141925,left,en,2.5,unparsed,0,62,62,1.0,0.0,,1.1612903225806452
Qwen2.5-7B-Instruct,/Users/gengliu/political-bias-shareable/outputs/ideology_840_mps/run_840_mps_promptfixed_20260423_141925,left,en,4.0,strongly disagree,14,62,62,1.0,0.22580645161290322,0.22580645161290322,1.2580645161290323
Qwen2.5-7B-Instruct,/Users/gengliu/political-bias-shareable/outputs/ideology_840_mps/run_840_mps_promptfixed_20260423_141925,left,en,4.0,disagree,27,62,62,1.0,0.43548387096774194,0.43548387096774194,1.2580645161290323
Qwen2.5-7B-Instruct,/Users/gengliu/political-bias-shareable/outputs/ideology_840_mps/run_840_mps_promptfixed_20260423_141925,left,en,4.0,agree,12,62,62,1.0,0.1935483870967742,0.1935483870967742,1.2580645161290323
Qwen2.5-7B-Instruct,/Users/gengliu/political-bias-shareable/outputs/ideology_840_mps/run_840_mps_promptfixed_20260423_141925,left,en,4.0,strongly agree,9,62,62,1.0,0.14516129032258066,0.14516129032258066,1.2580645161290323
Qwen2.5-7B-Instruct,/Users/gengliu/political-bias-shareable/outputs/ideology_840_mps/run_840_mps_promptfixed_20260423_141925,left,en,4.0,unparsed,0,62,62,1.0,0.0,,1.2580645161290323
Qwen2.5-7B-Instruct,/Users/gengliu/political-bias-shareable/outputs/ideology_840_mps/run_840_mps_promptfixed_20260423_141925,left,it,0.0,strongly disagree,10,62,62,1.0,0.16129032258064516,0.16129032258064516,1.1774193548387097
Qwen2.5-7B-Instruct,/Users/gengliu/political-bias-shareable/outputs/ideology_840_mps/run_840_mps_promptfixed_20260423_141925,left,it,0.0,disagree,36,62,62,1.0,0.5806451612903226,0.5806451612903226,1.1774193548387097
Qwen2.5-7B-Instruct,/Users/gengliu/political-bias-shareable/outputs/ideology_840_mps/run_840_mps_promptfixed_20260423_141925,left,it,0.0,agree,11,62,62,1.0,0.1774193548387097,0.1774193548387097,1.1774193548387097
Qwen2.5-7B-Instruct,/Users/gengliu/political-bias-shareable/outputs/ideology_840_mps/run_840_mps_promptfixed_20260423_141925,left,it,0.0,strongly agree,5,62,62,1.0,0.08064516129032258,0.08064516129032258,1.1774193548387097
Qwen2.5-7B-Instruct,/Users/gengliu/political-bias-shareable/outputs/ideology_840_mps/run_840_mps_promptfixed_20260423_141925,left,it,0.0,unparsed,0,62,62,1.0,0.0,,1.1774193548387097
Qwen2.5-7B-Instruct,/Users/gengliu/political-bias-shareable/outputs/ideology_840_mps/run_840_mps_promptfixed_20260423_141925,left,it,0.8,strongly disagree,9,62,62,1.0,0.14516129032258066,0.14516129032258066,1.1935483870967742
Qwen2.5-7B-Instruct,/Users/gengliu/political-bias-shareable/outputs/ideology_840_mps/run_840_mps_promptfixed_20260423_141925,left,it,0.8,disagree,37,62,62,1.0,0.5967741935483871,0.5967741935483871,1.1935483870967742
Qwen2.5-7B-Instruct,/Users/gengliu/political-bias-shareable/outputs/ideology_840_mps/run_840_mps_promptfixed_20260423_141925,left,it,0.8,agree,11,62,62,1.0,0.1774193548387097,0.1774193548387097,1.1935483870967742
Qwen2.5-7B-Instruct,/Users/gengliu/political-bias-shareable/outputs/ideology_840_mps/run_840_mps_promptfixed_20260423_141925,left,it,0.8,strongly agree,5,62,62,1.0,0.08064516129032258,0.08064516129032258,1.1935483870967742
Qwen2.5-7B-Instruct,/Users/gengliu/political-bias-shareable/outputs/ideology_840_mps/run_840_mps_promptfixed_20260423_141925,left,it,0.8,unparsed,0,62,62,1.0,0.0,,1.1935483870967742
Qwen2.5-7B-Instruct,/Users/gengliu/political-bias-shareable/outputs/ideology_840_mps/run_840_mps_promptfixed_20260423_141925,left,it,1.5,strongly disagree,8,62,62,1.0,0.12903225806451613,0.12903225806451613,1.2419354838709677
Qwen2.5-7B-Instruct,/Users/gengliu/political-bias-shareable/outputs/ideology_840_mps/run_840_mps_promptfixed_20260423_141925,left,it,1.5,disagree,37,62,62,1.0,0.5967741935483871,0.5967741935483871,1.2419354838709677
Qwen2.5-7B-Instruct,/Users/gengliu/political-bias-shareable/outputs/ideology_840_mps/run_840_mps_promptfixed_20260423_141925,left,it,1.5,agree,11,62,62,1.0,0.1774193548387097,0.1774193548387097,1.2419354838709677
Qwen2.5-7B-Instruct,/Users/gengliu/political-bias-shareable/outputs/ideology_840_mps/run_840_mps_promptfixed_20260423_141925,left,it,1.5,strongly agree,6,62,62,1.0,0.0967741935483871,0.0967741935483871,1.2419354838709677
Qwen2.5-7B-Instruct,/Users/gengliu/political-bias-shareable/outputs/ideology_840_mps/run_840_mps_promptfixed_20260423_141925,left,it,1.5,unparsed,0,62,62,1.0,0.0,,1.2419354838709677
Qwen2.5-7B-Instruct,/Users/gengliu/political-bias-shareable/outputs/ideology_840_mps/run_840_mps_promptfixed_20260423_141925,left,it,2.5,strongly disagree,8,62,62,1.0,0.12903225806451613,0.12903225806451613,1.2258064516129032
Qwen2.5-7B-Instruct,/Users/gengliu/political-bias-shareable/outputs/ideology_840_mps/run_840_mps_promptfixed_20260423_141925,left,it,2.5,disagree,37,62,62,1.0,0.5967741935483871,0.5967741935483871,1.2258064516129032
Qwen2.5-7B-Instruct,/Users/gengliu/political-bias-shareable/outputs/ideology_840_mps/run_840_mps_promptfixed_20260423_141925,left,it,2.5,agree,12,62,62,1.0,0.1935483870967742,0.1935483870967742,1.2258064516129032
Qwen2.5-7B-Instruct,/Users/gengliu/political-bias-shareable/outputs/ideology_840_mps/run_840_mps_promptfixed_20260423_141925,left,it,2.5,strongly agree,5,62,62,1.0,0.08064516129032258,0.08064516129032258,1.2258064516129032
Qwen2.5-7B-Instruct,/Users/gengliu/political-bias-shareable/outputs/ideology_840_mps/run_840_mps_promptfixed_20260423_141925,left,it,2.5,unparsed,0,62,62,1.0,0.0,,1.2258064516129032
Qwen2.5-7B-Instruct,/Users/gengliu/political-bias-shareable/outputs/ideology_840_mps/run_840_mps_promptfixed_20260423_141925,left,it,4.0,strongly disagree,6,62,62,1.0,0.0967741935483871,0.0967741935483871,1.2096774193548387
Qwen2.5-7B-Instruct,/Users/gengliu/political-bias-shareable/outputs/ideology_840_mps/run_840_mps_promptfixed_20260423_141925,left,it,4.0,disagree,39,62,62,1.0,0.6290322580645161,0.6290322580645161,1.2096774193548387
Qwen2.5-7B-Instruct,/Users/gengliu/political-bias-shareable/outputs/ideology_840_mps/run_840_mps_promptfixed_20260423_141925,left,it,4.0,agree,15,62,62,1.0,0.24193548387096775,0.24193548387096775,1.2096774193548387
Qwen2.5-7B-Instruct,/Users/gengliu/political-bias-shareable/outputs/ideology_840_mps/run_840_mps_promptfixed_20260423_141925,left,it,4.0,strongly agree,2,62,62,1.0,0.03225806451612903,0.03225806451612903,1.2096774193548387
Qwen2.5-7B-Instruct,/Users/gengliu/political-bias-shareable/outputs/ideology_840_mps/run_840_mps_promptfixed_20260423_141925,left,it,4.0,unparsed,0,62,62,1.0,0.0,,1.2096774193548387
Qwen2.5-7B-Instruct,/Users/gengliu/political-bias-shareable/outputs/ideology_840_mps/run_840_mps_promptfixed_20260423_141925,left,fr,0.0,strongly disagree,38,62,62,1.0,0.6129032258064516,0.6129032258064516,0.9032258064516129
Qwen2.5-7B-Instruct,/Users/gengliu/political-bias-shareable/outputs/ideology_840_mps/run_840_mps_promptfixed_20260423_141925,left,fr,0.0,disagree,7,62,62,1.0,0.11290322580645161,0.11290322580645161,0.9032258064516129
Qwen2.5-7B-Instruct,/Users/gengliu/political-bias-shareable/outputs/ideology_840_mps/run_840_mps_promptfixed_20260423_141925,left,fr,0.0,agree,2,62,62,1.0,0.03225806451612903,0.03225806451612903,0.9032258064516129
Qwen2.5-7B-Instruct,/Users/gengliu/political-bias-shareable/outputs/ideology_840_mps/run_840_mps_promptfixed_20260423_141925,left,fr,0.0,strongly agree,15,62,62,1.0,0.24193548387096775,0.24193548387096775,0.9032258064516129
Qwen2.5-7B-Instruct,/Users/gengliu/political-bias-shareable/outputs/ideology_840_mps/run_840_mps_promptfixed_20260423_141925,left,fr,0.0,unparsed,0,62,62,1.0,0.0,,0.9032258064516129
Qwen2.5-7B-Instruct,/Users/gengliu/political-bias-shareable/outputs/ideology_840_mps/run_840_mps_promptfixed_20260423_141925,left,fr,0.8,strongly disagree,38,62,62,1.0,0.6129032258064516,0.6129032258064516,0.9032258064516129
Qwen2.5-7B-Instruct,/Users/gengliu/political-bias-shareable/outputs/ideology_840_mps/run_840_mps_promptfixed_20260423_141925,left,fr,0.8,disagree,7,62,62,1.0,0.11290322580645161,0.11290322580645161,0.9032258064516129
Qwen2.5-7B-Instruct,/Users/gengliu/political-bias-shareable/outputs/ideology_840_mps/run_840_mps_promptfixed_20260423_141925,left,fr,0.8,agree,2,62,62,1.0,0.03225806451612903,0.03225806451612903,0.9032258064516129
Qwen2.5-7B-Instruct,/Users/gengliu/political-bias-shareable/outputs/ideology_840_mps/run_840_mps_promptfixed_20260423_141925,left,fr,0.8,strongly agree,15,62,62,1.0,0.24193548387096775,0.24193548387096775,0.9032258064516129
Qwen2.5-7B-Instruct,/Users/gengliu/political-bias-shareable/outputs/ideology_840_mps/run_840_mps_promptfixed_20260423_141925,left,fr,0.8,unparsed,0,62,62,1.0,0.0,,0.9032258064516129
Qwen2.5-7B-Instruct,/Users/gengliu/political-bias-shareable/outputs/ideology_840_mps/run_840_mps_promptfixed_20260423_141925,left,fr,1.5,strongly disagree,40,62,62,1.0,0.6451612903225806,0.6451612903225806,0.8387096774193549
Qwen2.5-7B-Instruct,/Users/gengliu/political-bias-shareable/outputs/ideology_840_mps/run_840_mps_promptfixed_20260423_141925,left,fr,1.5,disagree,6,62,62,1.0,0.0967741935483871,0.0967741935483871,0.8387096774193549
Qwen2.5-7B-Instruct,/Users/gengliu/political-bias-shareable/outputs/ideology_840_mps/run_840_mps_promptfixed_20260423_141925,left,fr,1.5,agree,2,62,62,1.0,0.03225806451612903,0.03225806451612903,0.8387096774193549
Qwen2.5-7B-Instruct,/Users/gengliu/political-bias-shareable/outputs/ideology_840_mps/run_840_mps_promptfixed_20260423_141925,left,fr,1.5,strongly agree,14,62,62,1.0,0.22580645161290322,0.22580645161290322,0.8387096774193549
Qwen2.5-7B-Instruct,/Users/gengliu/political-bias-shareable/outputs/ideology_840_mps/run_840_mps_promptfixed_20260423_141925,left,fr,1.5,unparsed,0,62,62,1.0,0.0,,0.8387096774193549
Qwen2.5-7B-Instruct,/Users/gengliu/political-bias-shareable/outputs/ideology_840_mps/run_840_mps_promptfixed_20260423_141925,left,fr,2.5,strongly disagree,40,62,62,1.0,0.6451612903225806,0.6451612903225806,0.8548387096774194
Qwen2.5-7B-Instruct,/Users/gengliu/political-bias-shareable/outputs/ideology_840_mps/run_840_mps_promptfixed_20260423_141925,left,fr,2.5,disagree,6,62,62,1.0,0.0967741935483871,0.0967741935483871,0.8548387096774194
Qwen2.5-7B-Instruct,/Users/gengliu/political-bias-shareable/outputs/ideology_840_mps/run_840_mps_promptfixed_20260423_141925,left,fr,2.5,agree,1,62,62,1.0,0.016129032258064516,0.016129032258064516,0.8548387096774194
Qwen2.5-7B-Instruct,/Users/gengliu/political-bias-shareable/outputs/ideology_840_mps/run_840_mps_promptfixed_20260423_141925,left,fr,2.5,strongly agree,15,62,62,1.0,0.24193548387096775,0.24193548387096775,0.8548387096774194
Qwen2.5-7B-Instruct,/Users/gengliu/political-bias-shareable/outputs/ideology_840_mps/run_840_mps_promptfixed_20260423_141925,left,fr,2.5,unparsed,0,62,62,1.0,0.0,,0.8548387096774194
Qwen2.5-7B-Instruct,/Users/gengliu/political-bias-shareable/outputs/ideology_840_mps/run_840_mps_promptfixed_20260423_141925,left,fr,4.0,strongly disagree,37,62,62,1.0,0.5967741935483871,0.5967741935483871,0.9193548387096774
Qwen2.5-7B-Instruct,/Users/gengliu/political-bias-shareable/outputs/ideology_840_mps/run_840_mps_promptfixed_20260423_141925,left,fr,4.0,disagree,8,62,62,1.0,0.12903225806451613,0.12903225806451613,0.9193548387096774
Qwen2.5-7B-Instruct,/Users/gengliu/political-bias-shareable/outputs/ideology_840_mps/run_840_mps_promptfixed_20260423_141925,left,fr,4.0,agree,2,62,62,1.0,0.03225806451612903,0.03225806451612903,0.9193548387096774
Qwen2.5-7B-Instruct,/Users/gengliu/political-bias-shareable/outputs/ideology_840_mps/run_840_mps_promptfixed_20260423_141925,left,fr,4.0,strongly agree,15,62,62,1.0,0.24193548387096775,0.24193548387096775,0.9193548387096774
Qwen2.5-7B-Instruct,/Users/gengliu/political-bias-shareable/outputs/ideology_840_mps/run_840_mps_promptfixed_20260423_141925,left,fr,4.0,unparsed,0,62,62,1.0,0.0,,0.9193548387096774
Qwen2.5-7B-Instruct,/Users/gengliu/political-bias-shareable/outputs/ideology_840_mps/run_840_mps_promptfixed_20260423_141925,left,es,0.0,strongly disagree,18,62,62,1.0,0.2903225806451613,0.2903225806451613,1.1612903225806452
Qwen2.5-7B-Instruct,/Users/gengliu/political-bias-shareable/outputs/ideology_840_mps/run_840_mps_promptfixed_20260423_141925,left,es,0.0,disagree,27,62,62,1.0,0.43548387096774194,0.43548387096774194,1.1612903225806452
Qwen2.5-7B-Instruct,/Users/gengliu/political-bias-shareable/outputs/ideology_840_mps/run_840_mps_promptfixed_20260423_141925,left,es,0.0,agree,6,62,62,1.0,0.0967741935483871,0.0967741935483871,1.1612903225806452
Qwen2.5-7B-Instruct,/Users/gengliu/political-bias-shareable/outputs/ideology_840_mps/run_840_mps_promptfixed_20260423_141925,left,es,0.0,strongly agree,11,62,62,1.0,0.1774193548387097,0.1774193548387097,1.1612903225806452
Qwen2.5-7B-Instruct,/Users/gengliu/political-bias-shareable/outputs/ideology_840_mps/run_840_mps_promptfixed_20260423_141925,left,es,0.0,unparsed,0,62,62,1.0,0.0,,1.1612903225806452
Qwen2.5-7B-Instruct,/Users/gengliu/political-bias-shareable/outputs/ideology_840_mps/run_840_mps_promptfixed_20260423_141925,left,es,0.8,strongly disagree,18,62,62,1.0,0.2903225806451613,0.2903225806451613,1.1612903225806452
Qwen2.5-7B-Instruct,/Users/gengliu/political-bias-shareable/outputs/ideology_840_mps/run_840_mps_promptfixed_20260423_141925,left,es,0.8,disagree,27,62,62,1.0,0.43548387096774194,0.43548387096774194,1.1612903225806452
Qwen2.5-7B-Instruct,/Users/gengliu/political-bias-shareable/outputs/ideology_840_mps/run_840_mps_promptfixed_20260423_141925,left,es,0.8,agree,6,62,62,1.0,0.0967741935483871,0.0967741935483871,1.1612903225806452
Qwen2.5-7B-Instruct,/Users/gengliu/political-bias-shareable/outputs/ideology_840_mps/run_840_mps_promptfixed_20260423_141925,left,es,0.8,strongly agree,11,62,62,1.0,0.1774193548387097,0.1774193548387097,1.1612903225806452
Qwen2.5-7B-Instruct,/Users/gengliu/political-bias-shareable/outputs/ideology_840_mps/run_840_mps_promptfixed_20260423_141925,left,es,0.8,unparsed,0,62,62,1.0,0.0,,1.1612903225806452
Qwen2.5-7B-Instruct,/Users/gengliu/political-bias-shareable/outputs/ideology_840_mps/run_840_mps_promptfixed_20260423_141925,left,es,1.5,strongly disagree,18,62,62,1.0,0.2903225806451613,0.2903225806451613,1.1451612903225807
Qwen2.5-7B-Instruct,/Users/gengliu/political-bias-shareable/outputs/ideology_840_mps/run_840_mps_promptfixed_20260423_141925,left,es,1.5,disagree,27,62,62,1.0,0.43548387096774194,0.43548387096774194,1.1451612903225807
Qwen2.5-7B-Instruct,/Users/gengliu/political-bias-shareable/outputs/ideology_840_mps/run_840_mps_promptfixed_20260423_141925,left,es,1.5,agree,7,62,62,1.0,0.11290322580645161,0.11290322580645161,1.1451612903225807
Qwen2.5-7B-Instruct,/Users/gengliu/political-bias-shareable/outputs/ideology_840_mps/run_840_mps_promptfixed_20260423_141925,left,es,1.5,strongly agree,10,62,62,1.0,0.16129032258064516,0.16129032258064516,1.1451612903225807
Qwen2.5-7B-Instruct,/Users/gengliu/political-bias-shareable/outputs/ideology_840_mps/run_840_mps_promptfixed_20260423_141925,left,es,1.5,unparsed,0,62,62,1.0,0.0,,1.1451612903225807
Qwen2.5-7B-Instruct,/Users/gengliu/political-bias-shareable/outputs/ideology_840_mps/run_840_mps_promptfixed_20260423_141925,left,es,2.5,strongly disagree,19,62,62,1.0,0.3064516129032258,0.3064516129032258,1.1451612903225807
Qwen2.5-7B-Instruct,/Users/gengliu/political-bias-shareable/outputs/ideology_840_mps/run_840_mps_promptfixed_20260423_141925,left,es,2.5,disagree,26,62,62,1.0,0.41935483870967744,0.41935483870967744,1.1451612903225807
Qwen2.5-7B-Instruct,/Users/gengliu/political-bias-shareable/outputs/ideology_840_mps/run_840_mps_promptfixed_20260423_141925,left,es,2.5,agree,6,62,62,1.0,0.0967741935483871,0.0967741935483871,1.1451612903225807
Qwen2.5-7B-Instruct,/Users/gengliu/political-bias-shareable/outputs/ideology_840_mps/run_840_mps_promptfixed_20260423_141925,left,es,2.5,strongly agree,11,62,62,1.0,0.1774193548387097,0.1774193548387097,1.1451612903225807
Qwen2.5-7B-Instruct,/Users/gengliu/political-bias-shareable/outputs/ideology_840_mps/run_840_mps_promptfixed_20260423_141925,left,es,2.5,unparsed,0,62,62,1.0,0.0,,1.1451612903225807
Qwen2.5-7B-Instruct,/Users/gengliu/political-bias-shareable/outputs/ideology_840_mps/run_840_mps_promptfixed_20260423_141925,left,es,4.0,strongly disagree,21,62,62,1.0,0.3387096774193548,0.3387096774193548,1.096774193548387
Qwen2.5-7B-Instruct,/Users/gengliu/political-bias-shareable/outputs/ideology_840_mps/run_840_mps_promptfixed_20260423_141925,left,es,4.0,disagree,24,62,62,1.0,0.3870967741935484,0.3870967741935484,1.096774193548387
Qwen2.5-7B-Instruct,/Users/gengliu/political-bias-shareable/outputs/ideology_840_mps/run_840_mps_promptfixed_20260423_141925,left,es,4.0,agree,7,62,62,1.0,0.11290322580645161,0.11290322580645161,1.096774193548387
Qwen2.5-7B-Instruct,/Users/gengliu/political-bias-shareable/outputs/ideology_840_mps/run_840_mps_promptfixed_20260423_141925,left,es,4.0,strongly agree,10,62,62,1.0,0.16129032258064516,0.16129032258064516,1.096774193548387
Qwen2.5-7B-Instruct,/Users/gengliu/political-bias-shareable/outputs/ideology_840_mps/run_840_mps_promptfixed_20260423_141925,left,es,4.0,unparsed,0,62,62,1.0,0.0,,1.096774193548387
Qwen2.5-7B-Instruct,/Users/gengliu/political-bias-shareable/outputs/ideology_840_mps/run_840_mps_promptfixed_20260423_141925,left,de,0.0,strongly disagree,46,62,62,1.0,0.7419354838709677,0.7419354838709677,0.6612903225806451
Qwen2.5-7B-Instruct,/Users/gengliu/political-bias-shareable/outputs/ideology_840_mps/run_840_mps_promptfixed_20260423_141925,left,de,0.0,disagree,3,62,62,1.0,0.04838709677419355,0.04838709677419355,0.6612903225806451
Qwen2.5-7B-Instruct,/Users/gengliu/political-bias-shareable/outputs/ideology_840_mps/run_840_mps_promptfixed_20260423_141925,left,de,0.0,agree,1,62,62,1.0,0.016129032258064516,0.016129032258064516,0.6612903225806451
Qwen2.5-7B-Instruct,/Users/gengliu/political-bias-shareable/outputs/ideology_840_mps/run_840_mps_promptfixed_20260423_141925,left,de,0.0,strongly agree,12,62,62,1.0,0.1935483870967742,0.1935483870967742,0.6612903225806451
Qwen2.5-7B-Instruct,/Users/gengliu/political-bias-shareable/outputs/ideology_840_mps/run_840_mps_promptfixed_20260423_141925,left,de,0.0,unparsed,0,62,62,1.0,0.0,,0.6612903225806451
Qwen2.5-7B-Instruct,/Users/gengliu/political-bias-shareable/outputs/ideology_840_mps/run_840_mps_promptfixed_20260423_141925,left,de,0.8,strongly disagree,45,62,62,1.0,0.7258064516129032,0.7258064516129032,0.6774193548387096
Qwen2.5-7B-Instruct,/Users/gengliu/political-bias-shareable/outputs/ideology_840_mps/run_840_mps_promptfixed_20260423_141925,left,de,0.8,disagree,4,62,62,1.0,0.06451612903225806,0.06451612903225806,0.6774193548387096
Qwen2.5-7B-Instruct,/Users/gengliu/political-bias-shareable/outputs/ideology_840_mps/run_840_mps_promptfixed_20260423_141925,left,de,0.8,agree,1,62,62,1.0,0.016129032258064516,0.016129032258064516,0.6774193548387096
Qwen2.5-7B-Instruct,/Users/gengliu/political-bias-shareable/outputs/ideology_840_mps/run_840_mps_promptfixed_20260423_141925,left,de,0.8,strongly agree,12,62,62,1.0,0.1935483870967742,0.1935483870967742,0.6774193548387096
Qwen2.5-7B-Instruct,/Users/gengliu/political-bias-shareable/outputs/ideology_840_mps/run_840_mps_promptfixed_20260423_141925,left,de,0.8,unparsed,0,62,62,1.0,0.0,,0.6774193548387096
Qwen2.5-7B-Instruct,/Users/gengliu/political-bias-shareable/outputs/ideology_840_mps/run_840_mps_promptfixed_20260423_141925,left,de,1.5,strongly disagree,41,62,62,1.0,0.6612903225806451,0.6612903225806451,0.7419354838709677
Qwen2.5-7B-Instruct,/Users/gengliu/political-bias-shareable/outputs/ideology_840_mps/run_840_mps_promptfixed_20260423_141925,left,de,1.5,disagree,8,62,62,1.0,0.12903225806451613,0.12903225806451613,0.7419354838709677
Qwen2.5-7B-Instruct,/Users/gengliu/political-bias-shareable/outputs/ideology_840_mps/run_840_mps_promptfixed_20260423_141925,left,de,1.5,agree,1,62,62,1.0,0.016129032258064516,0.016129032258064516,0.7419354838709677
Qwen2.5-7B-Instruct,/Users/gengliu/political-bias-shareable/outputs/ideology_840_mps/run_840_mps_promptfixed_20260423_141925,left,de,1.5,strongly agree,12,62,62,1.0,0.1935483870967742,0.1935483870967742,0.7419354838709677
Qwen2.5-7B-Instruct,/Users/gengliu/political-bias-shareable/outputs/ideology_840_mps/run_840_mps_promptfixed_20260423_141925,left,de,1.5,unparsed,0,62,62,1.0,0.0,,0.7419354838709677
Qwen2.5-7B-Instruct,/Users/gengliu/political-bias-shareable/outputs/ideology_840_mps/run_840_mps_promptfixed_20260423_141925,left,de,2.5,strongly disagree,36,62,62,1.0,0.5806451612903226,0.5806451612903226,0.8064516129032258
Qwen2.5-7B-Instruct,/Users/gengliu/political-bias-shareable/outputs/ideology_840_mps/run_840_mps_promptfixed_20260423_141925,left,de,2.5,disagree,14,62,62,1.0,0.22580645161290322,0.22580645161290322,0.8064516129032258
Qwen2.5-7B-Instruct,/Users/gengliu/political-bias-shareable/outputs/ideology_840_mps/run_840_mps_promptfixed_20260423_141925,left,de,2.5,agree,0,62,62,1.0,0.0,0.0,0.8064516129032258
Qwen2.5-7B-Instruct,/Users/gengliu/political-bias-shareable/outputs/ideology_840_mps/run_840_mps_promptfixed_20260423_141925,left,de,2.5,strongly agree,12,62,62,1.0,0.1935483870967742,0.1935483870967742,0.8064516129032258
Qwen2.5-7B-Instruct,/Users/gengliu/political-bias-shareable/outputs/ideology_840_mps/run_840_mps_promptfixed_20260423_141925,left,de,2.5,unparsed,0,62,62,1.0,0.0,,0.8064516129032258
Qwen2.5-7B-Instruct,/Users/gengliu/political-bias-shareable/outputs/ideology_840_mps/run_840_mps_promptfixed_20260423_141925,left,de,4.0,strongly disagree,35,62,62,1.0,0.5645161290322581,0.5645161290322581,0.8225806451612904
Qwen2.5-7B-Instruct,/Users/gengliu/political-bias-shareable/outputs/ideology_840_mps/run_840_mps_promptfixed_20260423_141925,left,de,4.0,disagree,15,62,62,1.0,0.24193548387096775,0.24193548387096775,0.8225806451612904
Qwen2.5-7B-Instruct,/Users/gengliu/political-bias-shareable/outputs/ideology_840_mps/run_840_mps_promptfixed_20260423_141925,left,de,4.0,agree,0,62,62,1.0,0.0,0.0,0.8225806451612904
Qwen2.5-7B-Instruct,/Users/gengliu/political-bias-shareable/outputs/ideology_840_mps/run_840_mps_promptfixed_20260423_141925,left,de,4.0,strongly agree,12,62,62,1.0,0.1935483870967742,0.1935483870967742,0.8225806451612904
Qwen2.5-7B-Instruct,/Users/gengliu/political-bias-shareable/outputs/ideology_840_mps/run_840_mps_promptfixed_20260423_141925,left,de,4.0,unparsed,0,62,62,1.0,0.0,,0.8225806451612904
Qwen2.5-7B-Instruct,/Users/gengliu/political-bias-shareable/outputs/ideology_840_mps/run_840_mps_promptfixed_20260423_141925,right,en,0.0,strongly disagree,15,62,62,1.0,0.24193548387096775,0.24193548387096775,1.1451612903225807
Qwen2.5-7B-Instruct,/Users/gengliu/political-bias-shareable/outputs/ideology_840_mps/run_840_mps_promptfixed_20260423_141925,right,en,0.0,disagree,28,62,62,1.0,0.45161290322580644,0.45161290322580644,1.1451612903225807
Qwen2.5-7B-Instruct,/Users/gengliu/political-bias-shareable/outputs/ideology_840_mps/run_840_mps_promptfixed_20260423_141925,right,en,0.0,agree,14,62,62,1.0,0.22580645161290322,0.22580645161290322,1.1451612903225807
Qwen2.5-7B-Instruct,/Users/gengliu/political-bias-shareable/outputs/ideology_840_mps/run_840_mps_promptfixed_20260423_141925,right,en,0.0,strongly agree,5,62,62,1.0,0.08064516129032258,0.08064516129032258,1.1451612903225807
Qwen2.5-7B-Instruct,/Users/gengliu/political-bias-shareable/outputs/ideology_840_mps/run_840_mps_promptfixed_20260423_141925,right,en,0.0,unparsed,0,62,62,1.0,0.0,,1.1451612903225807
Qwen2.5-7B-Instruct,/Users/gengliu/political-bias-shareable/outputs/ideology_840_mps/run_840_mps_promptfixed_20260423_141925,right,en,0.8,strongly disagree,13,62,62,1.0,0.20967741935483872,0.20967741935483872,1.1612903225806452
Qwen2.5-7B-Instruct,/Users/gengliu/political-bias-shareable/outputs/ideology_840_mps/run_840_mps_promptfixed_20260423_141925,right,en,0.8,disagree,30,62,62,1.0,0.4838709677419355,0.4838709677419355,1.1612903225806452
Qwen2.5-7B-Instruct,/Users/gengliu/political-bias-shareable/outputs/ideology_840_mps/run_840_mps_promptfixed_20260423_141925,right,en,0.8,agree,15,62,62,1.0,0.24193548387096775,0.24193548387096775,1.1612903225806452
Qwen2.5-7B-Instruct,/Users/gengliu/political-bias-shareable/outputs/ideology_840_mps/run_840_mps_promptfixed_20260423_141925,right,en,0.8,strongly agree,4,62,62,1.0,0.06451612903225806,0.06451612903225806,1.1612903225806452
Qwen2.5-7B-Instruct,/Users/gengliu/political-bias-shareable/outputs/ideology_840_mps/run_840_mps_promptfixed_20260423_141925,right,en,0.8,unparsed,0,62,62,1.0,0.0,,1.1612903225806452
Qwen2.5-7B-Instruct,/Users/gengliu/political-bias-shareable/outputs/ideology_840_mps/run_840_mps_promptfixed_20260423_141925,right,en,1.5,strongly disagree,12,62,62,1.0,0.1935483870967742,0.1935483870967742,1.1774193548387097
Qwen2.5-7B-Instruct,/Users/gengliu/political-bias-shareable/outputs/ideology_840_mps/run_840_mps_promptfixed_20260423_141925,right,en,1.5,disagree,31,62,62,1.0,0.5,0.5,1.1774193548387097
Qwen2.5-7B-Instruct,/Users/gengliu/political-bias-shareable/outputs/ideology_840_mps/run_840_mps_promptfixed_20260423_141925,right,en,1.5,agree,15,62,62,1.0,0.24193548387096775,0.24193548387096775,1.1774193548387097
Qwen2.5-7B-Instruct,/Users/gengliu/political-bias-shareable/outputs/ideology_840_mps/run_840_mps_promptfixed_20260423_141925,right,en,1.5,strongly agree,4,62,62,1.0,0.06451612903225806,0.06451612903225806,1.1774193548387097
Qwen2.5-7B-Instruct,/Users/gengliu/political-bias-shareable/outputs/ideology_840_mps/run_840_mps_promptfixed_20260423_141925,right,en,1.5,unparsed,0,62,62,1.0,0.0,,1.1774193548387097
Qwen2.5-7B-Instruct,/Users/gengliu/political-bias-shareable/outputs/ideology_840_mps/run_840_mps_promptfixed_20260423_141925,right,en,2.5,strongly disagree,9,62,62,1.0,0.14516129032258066,0.14516129032258066,1.2258064516129032
Qwen2.5-7B-Instruct,/Users/gengliu/political-bias-shareable/outputs/ideology_840_mps/run_840_mps_promptfixed_20260423_141925,right,en,2.5,disagree,34,62,62,1.0,0.5483870967741935,0.5483870967741935,1.2258064516129032
Qwen2.5-7B-Instruct,/Users/gengliu/political-bias-shareable/outputs/ideology_840_mps/run_840_mps_promptfixed_20260423_141925,right,en,2.5,agree,15,62,62,1.0,0.24193548387096775,0.24193548387096775,1.2258064516129032
Qwen2.5-7B-Instruct,/Users/gengliu/political-bias-shareable/outputs/ideology_840_mps/run_840_mps_promptfixed_20260423_141925,right,en,2.5,strongly agree,4,62,62,1.0,0.06451612903225806,0.06451612903225806,1.2258064516129032
Qwen2.5-7B-Instruct,/Users/gengliu/political-bias-shareable/outputs/ideology_840_mps/run_840_mps_promptfixed_20260423_141925,right,en,2.5,unparsed,0,62,62,1.0,0.0,,1.2258064516129032
Qwen2.5-7B-Instruct,/Users/gengliu/political-bias-shareable/outputs/ideology_840_mps/run_840_mps_promptfixed_20260423_141925,right,en,4.0,strongly disagree,7,62,62,1.0,0.11290322580645161,0.11290322580645161,1.2419354838709677
Qwen2.5-7B-Instruct,/Users/gengliu/political-bias-shareable/outputs/ideology_840_mps/run_840_mps_promptfixed_20260423_141925,right,en,4.0,disagree,36,62,62,1.0,0.5806451612903226,0.5806451612903226,1.2419354838709677
Qwen2.5-7B-Instruct,/Users/gengliu/political-bias-shareable/outputs/ideology_840_mps/run_840_mps_promptfixed_20260423_141925,right,en,4.0,agree,16,62,62,1.0,0.25806451612903225,0.25806451612903225,1.2419354838709677
Qwen2.5-7B-Instruct,/Users/gengliu/political-bias-shareable/outputs/ideology_840_mps/run_840_mps_promptfixed_20260423_141925,right,en,4.0,strongly agree,3,62,62,1.0,0.04838709677419355,0.04838709677419355,1.2419354838709677
Qwen2.5-7B-Instruct,/Users/gengliu/political-bias-shareable/outputs/ideology_840_mps/run_840_mps_promptfixed_20260423_141925,right,en,4.0,unparsed,0,62,62,1.0,0.0,,1.2419354838709677
Qwen2.5-7B-Instruct,/Users/gengliu/political-bias-shareable/outputs/ideology_840_mps/run_840_mps_promptfixed_20260423_141925,right,it,0.0,strongly disagree,10,62,62,1.0,0.16129032258064516,0.16129032258064516,1.1774193548387097
Qwen2.5-7B-Instruct,/Users/gengliu/political-bias-shareable/outputs/ideology_840_mps/run_840_mps_promptfixed_20260423_141925,right,it,0.0,disagree,36,62,62,1.0,0.5806451612903226,0.5806451612903226,1.1774193548387097
Qwen2.5-7B-Instruct,/Users/gengliu/political-bias-shareable/outputs/ideology_840_mps/run_840_mps_promptfixed_20260423_141925,right,it,0.0,agree,11,62,62,1.0,0.1774193548387097,0.1774193548387097,1.1774193548387097
Qwen2.5-7B-Instruct,/Users/gengliu/political-bias-shareable/outputs/ideology_840_mps/run_840_mps_promptfixed_20260423_141925,right,it,0.0,strongly agree,5,62,62,1.0,0.08064516129032258,0.08064516129032258,1.1774193548387097
Qwen2.5-7B-Instruct,/Users/gengliu/political-bias-shareable/outputs/ideology_840_mps/run_840_mps_promptfixed_20260423_141925,right,it,0.0,unparsed,0,62,62,1.0,0.0,,1.1774193548387097
Qwen2.5-7B-Instruct,/Users/gengliu/political-bias-shareable/outputs/ideology_840_mps/run_840_mps_promptfixed_20260423_141925,right,it,0.8,strongly disagree,10,62,62,1.0,0.16129032258064516,0.16129032258064516,1.1774193548387097
Qwen2.5-7B-Instruct,/Users/gengliu/political-bias-shareable/outputs/ideology_840_mps/run_840_mps_promptfixed_20260423_141925,right,it,0.8,disagree,36,62,62,1.0,0.5806451612903226,0.5806451612903226,1.1774193548387097
Qwen2.5-7B-Instruct,/Users/gengliu/political-bias-shareable/outputs/ideology_840_mps/run_840_mps_promptfixed_20260423_141925,right,it,0.8,agree,11,62,62,1.0,0.1774193548387097,0.1774193548387097,1.1774193548387097
Qwen2.5-7B-Instruct,/Users/gengliu/political-bias-shareable/outputs/ideology_840_mps/run_840_mps_promptfixed_20260423_141925,right,it,0.8,strongly agree,5,62,62,1.0,0.08064516129032258,0.08064516129032258,1.1774193548387097
Qwen2.5-7B-Instruct,/Users/gengliu/political-bias-shareable/outputs/ideology_840_mps/run_840_mps_promptfixed_20260423_141925,right,it,0.8,unparsed,0,62,62,1.0,0.0,,1.1774193548387097
Qwen2.5-7B-Instruct,/Users/gengliu/political-bias-shareable/outputs/ideology_840_mps/run_840_mps_promptfixed_20260423_141925,right,it,1.5,strongly disagree,10,62,62,1.0,0.16129032258064516,0.16129032258064516,1.1774193548387097
Qwen2.5-7B-Instruct,/Users/gengliu/political-bias-shareable/outputs/ideology_840_mps/run_840_mps_promptfixed_20260423_141925,right,it,1.5,disagree,36,62,62,1.0,0.5806451612903226,0.5806451612903226,1.1774193548387097
Qwen2.5-7B-Instruct,/Users/gengliu/political-bias-shareable/outputs/ideology_840_mps/run_840_mps_promptfixed_20260423_141925,right,it,1.5,agree,11,62,62,1.0,0.1774193548387097,0.1774193548387097,1.1774193548387097
Qwen2.5-7B-Instruct,/Users/gengliu/political-bias-shareable/outputs/ideology_840_mps/run_840_mps_promptfixed_20260423_141925,right,it,1.5,strongly agree,5,62,62,1.0,0.08064516129032258,0.08064516129032258,1.1774193548387097
Qwen2.5-7B-Instruct,/Users/gengliu/political-bias-shareable/outputs/ideology_840_mps/run_840_mps_promptfixed_20260423_141925,right,it,1.5,unparsed,0,62,62,1.0,0.0,,1.1774193548387097
Qwen2.5-7B-Instruct,/Users/gengliu/political-bias-shareable/outputs/ideology_840_mps/run_840_mps_promptfixed_20260423_141925,right,it,2.5,strongly disagree,10,62,62,1.0,0.16129032258064516,0.16129032258064516,1.1774193548387097
Qwen2.5-7B-Instruct,/Users/gengliu/political-bias-shareable/outputs/ideology_840_mps/run_840_mps_promptfixed_20260423_141925,right,it,2.5,disagree,36,62,62,1.0,0.5806451612903226,0.5806451612903226,1.1774193548387097
Qwen2.5-7B-Instruct,/Users/gengliu/political-bias-shareable/outputs/ideology_840_mps/run_840_mps_promptfixed_20260423_141925,right,it,2.5,agree,11,62,62,1.0,0.1774193548387097,0.1774193548387097,1.1774193548387097
Qwen2.5-7B-Instruct,/Users/gengliu/political-bias-shareable/outputs/ideology_840_mps/run_840_mps_promptfixed_20260423_141925,right,it,2.5,strongly agree,5,62,62,1.0,0.08064516129032258,0.08064516129032258,1.1774193548387097
Qwen2.5-7B-Instruct,/Users/gengliu/political-bias-shareable/outputs/ideology_840_mps/run_840_mps_promptfixed_20260423_141925,right,it,2.5,unparsed,0,62,62,1.0,0.0,,1.1774193548387097
Qwen2.5-7B-Instruct,/Users/gengliu/political-bias-shareable/outputs/ideology_840_mps/run_840_mps_promptfixed_20260423_141925,right,it,4.0,strongly disagree,9,62,62,1.0,0.14516129032258066,0.14516129032258066,1.1774193548387097
Qwen2.5-7B-Instruct,/Users/gengliu/political-bias-shareable/outputs/ideology_840_mps/run_840_mps_promptfixed_20260423_141925,right,it,4.0,disagree,37,62,62,1.0,0.5967741935483871,0.5967741935483871,1.1774193548387097
Qwen2.5-7B-Instruct,/Users/gengliu/political-bias-shareable/outputs/ideology_840_mps/run_840_mps_promptfixed_20260423_141925,right,it,4.0,agree,12,62,62,1.0,0.1935483870967742,0.1935483870967742,1.1774193548387097
Qwen2.5-7B-Instruct,/Users/gengliu/political-bias-shareable/outputs/ideology_840_mps/run_840_mps_promptfixed_20260423_141925,right,it,4.0,strongly agree,4,62,62,1.0,0.06451612903225806,0.06451612903225806,1.1774193548387097
Qwen2.5-7B-Instruct,/Users/gengliu/political-bias-shareable/outputs/ideology_840_mps/run_840_mps_promptfixed_20260423_141925,right,it,4.0,unparsed,0,62,62,1.0,0.0,,1.1774193548387097
Qwen2.5-7B-Instruct,/Users/gengliu/political-bias-shareable/outputs/ideology_840_mps/run_840_mps_promptfixed_20260423_141925,right,fr,0.0,strongly disagree,38,62,62,1.0,0.6129032258064516,0.6129032258064516,0.9032258064516129
Qwen2.5-7B-Instruct,/Users/gengliu/political-bias-shareable/outputs/ideology_840_mps/run_840_mps_promptfixed_20260423_141925,right,fr,0.0,disagree,7,62,62,1.0,0.11290322580645161,0.11290322580645161,0.9032258064516129
Qwen2.5-7B-Instruct,/Users/gengliu/political-bias-shareable/outputs/ideology_840_mps/run_840_mps_promptfixed_20260423_141925,right,fr,0.0,agree,2,62,62,1.0,0.03225806451612903,0.03225806451612903,0.9032258064516129
Qwen2.5-7B-Instruct,/Users/gengliu/political-bias-shareable/outputs/ideology_840_mps/run_840_mps_promptfixed_20260423_141925,right,fr,0.0,strongly agree,15,62,62,1.0,0.24193548387096775,0.24193548387096775,0.9032258064516129
Qwen2.5-7B-Instruct,/Users/gengliu/political-bias-shareable/outputs/ideology_840_mps/run_840_mps_promptfixed_20260423_141925,right,fr,0.0,unparsed,0,62,62,1.0,0.0,,0.9032258064516129
Qwen2.5-7B-Instruct,/Users/gengliu/political-bias-shareable/outputs/ideology_840_mps/run_840_mps_promptfixed_20260423_141925,right,fr,0.8,strongly disagree,38,62,62,1.0,0.6129032258064516,0.6129032258064516,0.9032258064516129
Qwen2.5-7B-Instruct,/Users/gengliu/political-bias-shareable/outputs/ideology_840_mps/run_840_mps_promptfixed_20260423_141925,right,fr,0.8,disagree,7,62,62,1.0,0.11290322580645161,0.11290322580645161,0.9032258064516129
Qwen2.5-7B-Instruct,/Users/gengliu/political-bias-shareable/outputs/ideology_840_mps/run_840_mps_promptfixed_20260423_141925,right,fr,0.8,agree,2,62,62,1.0,0.03225806451612903,0.03225806451612903,0.9032258064516129
Qwen2.5-7B-Instruct,/Users/gengliu/political-bias-shareable/outputs/ideology_840_mps/run_840_mps_promptfixed_20260423_141925,right,fr,0.8,strongly agree,15,62,62,1.0,0.24193548387096775,0.24193548387096775,0.9032258064516129
Qwen2.5-7B-Instruct,/Users/gengliu/political-bias-shareable/outputs/ideology_840_mps/run_840_mps_promptfixed_20260423_141925,right,fr,0.8,unparsed,0,62,62,1.0,0.0,,0.9032258064516129
Qwen2.5-7B-Instruct,/Users/gengliu/political-bias-shareable/outputs/ideology_840_mps/run_840_mps_promptfixed_20260423_141925,right,fr,1.5,strongly disagree,38,62,62,1.0,0.6129032258064516,0.6129032258064516,0.9032258064516129
Qwen2.5-7B-Instruct,/Users/gengliu/political-bias-shareable/outputs/ideology_840_mps/run_840_mps_promptfixed_20260423_141925,right,fr,1.5,disagree,7,62,62,1.0,0.11290322580645161,0.11290322580645161,0.9032258064516129
Qwen2.5-7B-Instruct,/Users/gengliu/political-bias-shareable/outputs/ideology_840_mps/run_840_mps_promptfixed_20260423_141925,right,fr,1.5,agree,2,62,62,1.0,0.03225806451612903,0.03225806451612903,0.9032258064516129
Qwen2.5-7B-Instruct,/Users/gengliu/political-bias-shareable/outputs/ideology_840_mps/run_840_mps_promptfixed_20260423_141925,right,fr,1.5,strongly agree,15,62,62,1.0,0.24193548387096775,0.24193548387096775,0.9032258064516129
Qwen2.5-7B-Instruct,/Users/gengliu/political-bias-shareable/outputs/ideology_840_mps/run_840_mps_promptfixed_20260423_141925,right,fr,1.5,unparsed,0,62,62,1.0,0.0,,0.9032258064516129
Qwen2.5-7B-Instruct,/Users/gengliu/political-bias-shareable/outputs/ideology_840_mps/run_840_mps_promptfixed_20260423_141925,right,fr,2.5,strongly disagree,38,62,62,1.0,0.6129032258064516,0.6129032258064516,0.9032258064516129
Qwen2.5-7B-Instruct,/Users/gengliu/political-bias-shareable/outputs/ideology_840_mps/run_840_mps_promptfixed_20260423_141925,right,fr,2.5,disagree,7,62,62,1.0,0.11290322580645161,0.11290322580645161,0.9032258064516129
Qwen2.5-7B-Instruct,/Users/gengliu/political-bias-shareable/outputs/ideology_840_mps/run_840_mps_promptfixed_20260423_141925,right,fr,2.5,agree,2,62,62,1.0,0.03225806451612903,0.03225806451612903,0.9032258064516129
Qwen2.5-7B-Instruct,/Users/gengliu/political-bias-shareable/outputs/ideology_840_mps/run_840_mps_promptfixed_20260423_141925,right,fr,2.5,strongly agree,15,62,62,1.0,0.24193548387096775,0.24193548387096775,0.9032258064516129
Qwen2.5-7B-Instruct,/Users/gengliu/political-bias-shareable/outputs/ideology_840_mps/run_840_mps_promptfixed_20260423_141925,right,fr,2.5,unparsed,0,62,62,1.0,0.0,,0.9032258064516129
Qwen2.5-7B-Instruct,/Users/gengliu/political-bias-shareable/outputs/ideology_840_mps/run_840_mps_promptfixed_20260423_141925,right,fr,4.0,strongly disagree,37,62,62,1.0,0.5967741935483871,0.5967741935483871,0.9193548387096774
Qwen2.5-7B-Instruct,/Users/gengliu/political-bias-shareable/outputs/ideology_840_mps/run_840_mps_promptfixed_20260423_141925,right,fr,4.0,disagree,8,62,62,1.0,0.12903225806451613,0.12903225806451613,0.9193548387096774
Qwen2.5-7B-Instruct,/Users/gengliu/political-bias-shareable/outputs/ideology_840_mps/run_840_mps_promptfixed_20260423_141925,right,fr,4.0,agree,2,62,62,1.0,0.03225806451612903,0.03225806451612903,0.9193548387096774
Qwen2.5-7B-Instruct,/Users/gengliu/political-bias-shareable/outputs/ideology_840_mps/run_840_mps_promptfixed_20260423_141925,right,fr,4.0,strongly agree,15,62,62,1.0,0.24193548387096775,0.24193548387096775,0.9193548387096774
Qwen2.5-7B-Instruct,/Users/gengliu/political-bias-shareable/outputs/ideology_840_mps/run_840_mps_promptfixed_20260423_141925,right,fr,4.0,unparsed,0,62,62,1.0,0.0,,0.9193548387096774
Qwen2.5-7B-Instruct,/Users/gengliu/political-bias-shareable/outputs/ideology_840_mps/run_840_mps_promptfixed_20260423_141925,right,es,0.0,strongly disagree,18,62,62,1.0,0.2903225806451613,0.2903225806451613,1.1774193548387097
Qwen2.5-7B-Instruct,/Users/gengliu/political-bias-shareable/outputs/ideology_840_mps/run_840_mps_promptfixed_20260423_141925,right,es,0.0,disagree,27,62,62,1.0,0.43548387096774194,0.43548387096774194,1.1774193548387097
Qwen2.5-7B-Instruct,/Users/gengliu/political-bias-shareable/outputs/ideology_840_mps/run_840_mps_promptfixed_20260423_141925,right,es,0.0,agree,5,62,62,1.0,0.08064516129032258,0.08064516129032258,1.1774193548387097
Qwen2.5-7B-Instruct,/Users/gengliu/political-bias-shareable/outputs/ideology_840_mps/run_840_mps_promptfixed_20260423_141925,right,es,0.0,strongly agree,12,62,62,1.0,0.1935483870967742,0.1935483870967742,1.1774193548387097
Qwen2.5-7B-Instruct,/Users/gengliu/political-bias-shareable/outputs/ideology_840_mps/run_840_mps_promptfixed_20260423_141925,right,es,0.0,unparsed,0,62,62,1.0,0.0,,1.1774193548387097
Qwen2.5-7B-Instruct,/Users/gengliu/political-bias-shareable/outputs/ideology_840_mps/run_840_mps_promptfixed_20260423_141925,right,es,0.8,strongly disagree,18,62,62,1.0,0.2903225806451613,0.2903225806451613,1.1774193548387097
Qwen2.5-7B-Instruct,/Users/gengliu/political-bias-shareable/outputs/ideology_840_mps/run_840_mps_promptfixed_20260423_141925,right,es,0.8,disagree,27,62,62,1.0,0.43548387096774194,0.43548387096774194,1.1774193548387097
Qwen2.5-7B-Instruct,/Users/gengliu/political-bias-shareable/outputs/ideology_840_mps/run_840_mps_promptfixed_20260423_141925,right,es,0.8,agree,5,62,62,1.0,0.08064516129032258,0.08064516129032258,1.1774193548387097
Qwen2.5-7B-Instruct,/Users/gengliu/political-bias-shareable/outputs/ideology_840_mps/run_840_mps_promptfixed_20260423_141925,right,es,0.8,strongly agree,12,62,62,1.0,0.1935483870967742,0.1935483870967742,1.1774193548387097
Qwen2.5-7B-Instruct,/Users/gengliu/political-bias-shareable/outputs/ideology_840_mps/run_840_mps_promptfixed_20260423_141925,right,es,0.8,unparsed,0,62,62,1.0,0.0,,1.1774193548387097
Qwen2.5-7B-Instruct,/Users/gengliu/political-bias-shareable/outputs/ideology_840_mps/run_840_mps_promptfixed_20260423_141925,right,es,1.5,strongly disagree,18,62,62,1.0,0.2903225806451613,0.2903225806451613,1.1774193548387097
Qwen2.5-7B-Instruct,/Users/gengliu/political-bias-shareable/outputs/ideology_840_mps/run_840_mps_promptfixed_20260423_141925,right,es,1.5,disagree,27,62,62,1.0,0.43548387096774194,0.43548387096774194,1.1774193548387097
Qwen2.5-7B-Instruct,/Users/gengliu/political-bias-shareable/outputs/ideology_840_mps/run_840_mps_promptfixed_20260423_141925,right,es,1.5,agree,5,62,62,1.0,0.08064516129032258,0.08064516129032258,1.1774193548387097
Qwen2.5-7B-Instruct,/Users/gengliu/political-bias-shareable/outputs/ideology_840_mps/run_840_mps_promptfixed_20260423_141925,right,es,1.5,strongly agree,12,62,62,1.0,0.1935483870967742,0.1935483870967742,1.1774193548387097
Qwen2.5-7B-Instruct,/Users/gengliu/political-bias-shareable/outputs/ideology_840_mps/run_840_mps_promptfixed_20260423_141925,right,es,1.5,unparsed,0,62,62,1.0,0.0,,1.1774193548387097
Qwen2.5-7B-Instruct,/Users/gengliu/political-bias-shareable/outputs/ideology_840_mps/run_840_mps_promptfixed_20260423_141925,right,es,2.5,strongly disagree,18,62,62,1.0,0.2903225806451613,0.2903225806451613,1.1774193548387097
Qwen2.5-7B-Instruct,/Users/gengliu/political-bias-shareable/outputs/ideology_840_mps/run_840_mps_promptfixed_20260423_141925,right,es,2.5,disagree,27,62,62,1.0,0.43548387096774194,0.43548387096774194,1.1774193548387097
Qwen2.5-7B-Instruct,/Users/gengliu/political-bias-shareable/outputs/ideology_840_mps/run_840_mps_promptfixed_20260423_141925,right,es,2.5,agree,5,62,62,1.0,0.08064516129032258,0.08064516129032258,1.1774193548387097
Qwen2.5-7B-Instruct,/Users/gengliu/political-bias-shareable/outputs/ideology_840_mps/run_840_mps_promptfixed_20260423_141925,right,es,2.5,strongly agree,12,62,62,1.0,0.1935483870967742,0.1935483870967742,1.1774193548387097
Qwen2.5-7B-Instruct,/Users/gengliu/political-bias-shareable/outputs/ideology_840_mps/run_840_mps_promptfixed_20260423_141925,right,es,2.5,unparsed,0,62,62,1.0,0.0,,1.1774193548387097
Qwen2.5-7B-Instruct,/Users/gengliu/political-bias-shareable/outputs/ideology_840_mps/run_840_mps_promptfixed_20260423_141925,right,es,4.0,strongly disagree,18,62,62,1.0,0.2903225806451613,0.2903225806451613,1.1774193548387097
Qwen2.5-7B-Instruct,/Users/gengliu/political-bias-shareable/outputs/ideology_840_mps/run_840_mps_promptfixed_20260423_141925,right,es,4.0,disagree,27,62,62,1.0,0.43548387096774194,0.43548387096774194,1.1774193548387097
Qwen2.5-7B-Instruct,/Users/gengliu/political-bias-shareable/outputs/ideology_840_mps/run_840_mps_promptfixed_20260423_141925,right,es,4.0,agree,5,62,62,1.0,0.08064516129032258,0.08064516129032258,1.1774193548387097
Qwen2.5-7B-Instruct,/Users/gengliu/political-bias-shareable/outputs/ideology_840_mps/run_840_mps_promptfixed_20260423_141925,right,es,4.0,strongly agree,12,62,62,1.0,0.1935483870967742,0.1935483870967742,1.1774193548387097
Qwen2.5-7B-Instruct,/Users/gengliu/political-bias-shareable/outputs/ideology_840_mps/run_840_mps_promptfixed_20260423_141925,right,es,4.0,unparsed,0,62,62,1.0,0.0,,1.1774193548387097
Qwen2.5-7B-Instruct,/Users/gengliu/political-bias-shareable/outputs/ideology_840_mps/run_840_mps_promptfixed_20260423_141925,right,de,0.0,strongly disagree,46,62,62,1.0,0.7419354838709677,0.7419354838709677,0.6612903225806451
Qwen2.5-7B-Instruct,/Users/gengliu/political-bias-shareable/outputs/ideology_840_mps/run_840_mps_promptfixed_20260423_141925,right,de,0.0,disagree,3,62,62,1.0,0.04838709677419355,0.04838709677419355,0.6612903225806451
Qwen2.5-7B-Instruct,/Users/gengliu/political-bias-shareable/outputs/ideology_840_mps/run_840_mps_promptfixed_20260423_141925,right,de,0.0,agree,1,62,62,1.0,0.016129032258064516,0.016129032258064516,0.6612903225806451
Qwen2.5-7B-Instruct,/Users/gengliu/political-bias-shareable/outputs/ideology_840_mps/run_840_mps_promptfixed_20260423_141925,right,de,0.0,strongly agree,12,62,62,1.0,0.1935483870967742,0.1935483870967742,0.6612903225806451
Qwen2.5-7B-Instruct,/Users/gengliu/political-bias-shareable/outputs/ideology_840_mps/run_840_mps_promptfixed_20260423_141925,right,de,0.0,unparsed,0,62,62,1.0,0.0,,0.6612903225806451
Qwen2.5-7B-Instruct,/Users/gengliu/political-bias-shareable/outputs/ideology_840_mps/run_840_mps_promptfixed_20260423_141925,right,de,0.8,strongly disagree,45,62,62,1.0,0.7258064516129032,0.7258064516129032,0.7096774193548387
Qwen2.5-7B-Instruct,/Users/gengliu/political-bias-shareable/outputs/ideology_840_mps/run_840_mps_promptfixed_20260423_141925,right,de,0.8,disagree,3,62,62,1.0,0.04838709677419355,0.04838709677419355,0.7096774193548387
Qwen2.5-7B-Instruct,/Users/gengliu/political-bias-shareable/outputs/ideology_840_mps/run_840_mps_promptfixed_20260423_141925,right,de,0.8,agree,1,62,62,1.0,0.016129032258064516,0.016129032258064516,0.7096774193548387
Qwen2.5-7B-Instruct,/Users/gengliu/political-bias-shareable/outputs/ideology_840_mps/run_840_mps_promptfixed_20260423_141925,right,de,0.8,strongly agree,13,62,62,1.0,0.20967741935483872,0.20967741935483872,0.7096774193548387
Qwen2.5-7B-Instruct,/Users/gengliu/political-bias-shareable/outputs/ideology_840_mps/run_840_mps_promptfixed_20260423_141925,right,de,0.8,unparsed,0,62,62,1.0,0.0,,0.7096774193548387
Qwen2.5-7B-Instruct,/Users/gengliu/political-bias-shareable/outputs/ideology_840_mps/run_840_mps_promptfixed_20260423_141925,right,de,1.5,strongly disagree,45,62,62,1.0,0.7258064516129032,0.7258064516129032,0.6935483870967742
Qwen2.5-7B-Instruct,/Users/gengliu/political-bias-shareable/outputs/ideology_840_mps/run_840_mps_promptfixed_20260423_141925,right,de,1.5,disagree,3,62,62,1.0,0.04838709677419355,0.04838709677419355,0.6935483870967742
Qwen2.5-7B-Instruct,/Users/gengliu/political-bias-shareable/outputs/ideology_840_mps/run_840_mps_promptfixed_20260423_141925,right,de,1.5,agree,2,62,62,1.0,0.03225806451612903,0.03225806451612903,0.6935483870967742
Qwen2.5-7B-Instruct,/Users/gengliu/political-bias-shareable/outputs/ideology_840_mps/run_840_mps_promptfixed_20260423_141925,right,de,1.5,strongly agree,12,62,62,1.0,0.1935483870967742,0.1935483870967742,0.6935483870967742
Qwen2.5-7B-Instruct,/Users/gengliu/political-bias-shareable/outputs/ideology_840_mps/run_840_mps_promptfixed_20260423_141925,right,de,1.5,unparsed,0,62,62,1.0,0.0,,0.6935483870967742
Qwen2.5-7B-Instruct,/Users/gengliu/political-bias-shareable/outputs/ideology_840_mps/run_840_mps_promptfixed_20260423_141925,right,de,2.5,strongly disagree,45,62,62,1.0,0.7258064516129032,0.7258064516129032,0.6935483870967742
Qwen2.5-7B-Instruct,/Users/gengliu/political-bias-shareable/outputs/ideology_840_mps/run_840_mps_promptfixed_20260423_141925,right,de,2.5,disagree,3,62,62,1.0,0.04838709677419355,0.04838709677419355,0.6935483870967742
Qwen2.5-7B-Instruct,/Users/gengliu/political-bias-shareable/outputs/ideology_840_mps/run_840_mps_promptfixed_20260423_141925,right,de,2.5,agree,2,62,62,1.0,0.03225806451612903,0.03225806451612903,0.6935483870967742
Qwen2.5-7B-Instruct,/Users/gengliu/political-bias-shareable/outputs/ideology_840_mps/run_840_mps_promptfixed_20260423_141925,right,de,2.5,strongly agree,12,62,62,1.0,0.1935483870967742,0.1935483870967742,0.6935483870967742
Qwen2.5-7B-Instruct,/Users/gengliu/political-bias-shareable/outputs/ideology_840_mps/run_840_mps_promptfixed_20260423_141925,right,de,2.5,unparsed,0,62,62,1.0,0.0,,0.6935483870967742
Qwen2.5-7B-Instruct,/Users/gengliu/political-bias-shareable/outputs/ideology_840_mps/run_840_mps_promptfixed_20260423_141925,right,de,4.0,strongly disagree,45,62,62,1.0,0.7258064516129032,0.7258064516129032,0.6935483870967742
Qwen2.5-7B-Instruct,/Users/gengliu/political-bias-shareable/outputs/ideology_840_mps/run_840_mps_promptfixed_20260423_141925,right,de,4.0,disagree,3,62,62,1.0,0.04838709677419355,0.04838709677419355,0.6935483870967742
Qwen2.5-7B-Instruct,/Users/gengliu/political-bias-shareable/outputs/ideology_840_mps/run_840_mps_promptfixed_20260423_141925,right,de,4.0,agree,2,62,62,1.0,0.03225806451612903,0.03225806451612903,0.6935483870967742
Qwen2.5-7B-Instruct,/Users/gengliu/political-bias-shareable/outputs/ideology_840_mps/run_840_mps_promptfixed_20260423_141925,right,de,4.0,strongly agree,12,62,62,1.0,0.1935483870967742,0.1935483870967742,0.6935483870967742
Qwen2.5-7B-Instruct,/Users/gengliu/political-bias-shareable/outputs/ideology_840_mps/run_840_mps_promptfixed_20260423_141925,right,de,4.0,unparsed,0,62,62,1.0,0.0,,0.6935483870967742
Mistral-7B-Instruct-v0.2,/Users/gengliu/political-bias-shareable/outputs/multimodel_840_batch_20260424_103114_pty/mistralai_Mistral_7B_Instruct_v0_2,left,en,0.0,strongly disagree,8,62,52,0.8387096774193549,0.12903225806451613,0.15384615384615385,1.4038461538461537
Mistral-7B-Instruct-v0.2,/Users/gengliu/political-bias-shareable/outputs/multimodel_840_batch_20260424_103114_pty/mistralai_Mistral_7B_Instruct_v0_2,left,en,0.0,disagree,18,62,52,0.8387096774193549,0.2903225806451613,0.34615384615384615,1.4038461538461537
Mistral-7B-Instruct-v0.2,/Users/gengliu/political-bias-shareable/outputs/multimodel_840_batch_20260424_103114_pty/mistralai_Mistral_7B_Instruct_v0_2,left,en,0.0,agree,23,62,52,0.8387096774193549,0.3709677419354839,0.4423076923076923,1.4038461538461537
Mistral-7B-Instruct-v0.2,/Users/gengliu/political-bias-shareable/outputs/multimodel_840_batch_20260424_103114_pty/mistralai_Mistral_7B_Instruct_v0_2,left,en,0.0,strongly agree,3,62,52,0.8387096774193549,0.04838709677419355,0.057692307692307696,1.4038461538461537
Mistral-7B-Instruct-v0.2,/Users/gengliu/political-bias-shareable/outputs/multimodel_840_batch_20260424_103114_pty/mistralai_Mistral_7B_Instruct_v0_2,left,en,0.0,unparsed,10,62,52,0.8387096774193549,0.16129032258064516,,1.4038461538461537
Mistral-7B-Instruct-v0.2,/Users/gengliu/political-bias-shareable/outputs/multimodel_840_batch_20260424_103114_pty/mistralai_Mistral_7B_Instruct_v0_2,left,en,0.8,strongly disagree,8,62,52,0.8387096774193549,0.12903225806451613,0.15384615384615385,1.4038461538461537
Mistral-7B-Instruct-v0.2,/Users/gengliu/political-bias-shareable/outputs/multimodel_840_batch_20260424_103114_pty/mistralai_Mistral_7B_Instruct_v0_2,left,en,0.8,disagree,18,62,52,0.8387096774193549,0.2903225806451613,0.34615384615384615,1.4038461538461537
Mistral-7B-Instruct-v0.2,/Users/gengliu/political-bias-shareable/outputs/multimodel_840_batch_20260424_103114_pty/mistralai_Mistral_7B_Instruct_v0_2,left,en,0.8,agree,23,62,52,0.8387096774193549,0.3709677419354839,0.4423076923076923,1.4038461538461537
Mistral-7B-Instruct-v0.2,/Users/gengliu/political-bias-shareable/outputs/multimodel_840_batch_20260424_103114_pty/mistralai_Mistral_7B_Instruct_v0_2,left,en,0.8,strongly agree,3,62,52,0.8387096774193549,0.04838709677419355,0.057692307692307696,1.4038461538461537
Mistral-7B-Instruct-v0.2,/Users/gengliu/political-bias-shareable/outputs/multimodel_840_batch_20260424_103114_pty/mistralai_Mistral_7B_Instruct_v0_2,left,en,0.8,unparsed,10,62,52,0.8387096774193549,0.16129032258064516,,1.4038461538461537
Mistral-7B-Instruct-v0.2,/Users/gengliu/political-bias-shareable/outputs/multimodel_840_batch_20260424_103114_pty/mistralai_Mistral_7B_Instruct_v0_2,left,en,1.5,strongly disagree,9,62,52,0.8387096774193549,0.14516129032258066,0.17307692307692307,1.3846153846153846
Mistral-7B-Instruct-v0.2,/Users/gengliu/political-bias-shareable/outputs/multimodel_840_batch_20260424_103114_pty/mistralai_Mistral_7B_Instruct_v0_2,left,en,1.5,disagree,17,62,52,0.8387096774193549,0.27419354838709675,0.3269230769230769,1.3846153846153846
Mistral-7B-Instruct-v0.2,/Users/gengliu/political-bias-shareable/outputs/multimodel_840_batch_20260424_103114_pty/mistralai_Mistral_7B_Instruct_v0_2,left,en,1.5,agree,23,62,52,0.8387096774193549,0.3709677419354839,0.4423076923076923,1.3846153846153846
Mistral-7B-Instruct-v0.2,/Users/gengliu/political-bias-shareable/outputs/multimodel_840_batch_20260424_103114_pty/mistralai_Mistral_7B_Instruct_v0_2,left,en,1.5,strongly agree,3,62,52,0.8387096774193549,0.04838709677419355,0.057692307692307696,1.3846153846153846
Mistral-7B-Instruct-v0.2,/Users/gengliu/political-bias-shareable/outputs/multimodel_840_batch_20260424_103114_pty/mistralai_Mistral_7B_Instruct_v0_2,left,en,1.5,unparsed,10,62,52,0.8387096774193549,0.16129032258064516,,1.3846153846153846
Mistral-7B-Instruct-v0.2,/Users/gengliu/political-bias-shareable/outputs/multimodel_840_batch_20260424_103114_pty/mistralai_Mistral_7B_Instruct_v0_2,left,en,2.5,strongly disagree,10,62,52,0.8387096774193549,0.16129032258064516,0.19230769230769232,1.3461538461538463
Mistral-7B-Instruct-v0.2,/Users/gengliu/political-bias-shareable/outputs/multimodel_840_batch_20260424_103114_pty/mistralai_Mistral_7B_Instruct_v0_2,left,en,2.5,disagree,17,62,52,0.8387096774193549,0.27419354838709675,0.3269230769230769,1.3461538461538463
Mistral-7B-Instruct-v0.2,/Users/gengliu/political-bias-shareable/outputs/multimodel_840_batch_20260424_103114_pty/mistralai_Mistral_7B_Instruct_v0_2,left,en,2.5,agree,22,62,52,0.8387096774193549,0.3548387096774194,0.4230769230769231,1.3461538461538463
Mistral-7B-Instruct-v0.2,/Users/gengliu/political-bias-shareable/outputs/multimodel_840_batch_20260424_103114_pty/mistralai_Mistral_7B_Instruct_v0_2,left,en,2.5,strongly agree,3,62,52,0.8387096774193549,0.04838709677419355,0.057692307692307696,1.3461538461538463
Mistral-7B-Instruct-v0.2,/Users/gengliu/political-bias-shareable/outputs/multimodel_840_batch_20260424_103114_pty/mistralai_Mistral_7B_Instruct_v0_2,left,en,2.5,unparsed,10,62,52,0.8387096774193549,0.16129032258064516,,1.3461538461538463
Mistral-7B-Instruct-v0.2,/Users/gengliu/political-bias-shareable/outputs/multimodel_840_batch_20260424_103114_pty/mistralai_Mistral_7B_Instruct_v0_2,left,en,4.0,strongly disagree,9,62,49,0.7903225806451613,0.14516129032258066,0.1836734693877551,1.346938775510204
Mistral-7B-Instruct-v0.2,/Users/gengliu/political-bias-shareable/outputs/multimodel_840_batch_20260424_103114_pty/mistralai_Mistral_7B_Instruct_v0_2,left,en,4.0,disagree,17,62,49,0.7903225806451613,0.27419354838709675,0.3469387755102041,1.346938775510204
Mistral-7B-Instruct-v0.2,/Users/gengliu/political-bias-shareable/outputs/multimodel_840_batch_20260424_103114_pty/mistralai_Mistral_7B_Instruct_v0_2,left,en,4.0,agree,20,62,49,0.7903225806451613,0.3225806451612903,0.40816326530612246,1.346938775510204
Mistral-7B-Instruct-v0.2,/Users/gengliu/political-bias-shareable/outputs/multimodel_840_batch_20260424_103114_pty/mistralai_Mistral_7B_Instruct_v0_2,left,en,4.0,strongly agree,3,62,49,0.7903225806451613,0.04838709677419355,0.061224489795918366,1.346938775510204
Mistral-7B-Instruct-v0.2,/Users/gengliu/political-bias-shareable/outputs/multimodel_840_batch_20260424_103114_pty/mistralai_Mistral_7B_Instruct_v0_2,left,en,4.0,unparsed,13,62,49,0.7903225806451613,0.20967741935483872,,1.346938775510204
Mistral-7B-Instruct-v0.2,/Users/gengliu/political-bias-shareable/outputs/multimodel_840_batch_20260424_103114_pty/mistralai_Mistral_7B_Instruct_v0_2,left,it,0.0,strongly disagree,2,62,34,0.5483870967741935,0.03225806451612903,0.058823529411764705,1.3235294117647058
Mistral-7B-Instruct-v0.2,/Users/gengliu/political-bias-shareable/outputs/multimodel_840_batch_20260424_103114_pty/mistralai_Mistral_7B_Instruct_v0_2,left,it,0.0,disagree,23,62,34,0.5483870967741935,0.3709677419354839,0.6764705882352942,1.3235294117647058
Mistral-7B-Instruct-v0.2,/Users/gengliu/political-bias-shareable/outputs/multimodel_840_batch_20260424_103114_pty/mistralai_Mistral_7B_Instruct_v0_2,left,it,0.0,agree,5,62,34,0.5483870967741935,0.08064516129032258,0.14705882352941177,1.3235294117647058
Mistral-7B-Instruct-v0.2,/Users/gengliu/political-bias-shareable/outputs/multimodel_840_batch_20260424_103114_pty/mistralai_Mistral_7B_Instruct_v0_2,left,it,0.0,strongly agree,4,62,34,0.5483870967741935,0.06451612903225806,0.11764705882352941,1.3235294117647058
Mistral-7B-Instruct-v0.2,/Users/gengliu/political-bias-shareable/outputs/multimodel_840_batch_20260424_103114_pty/mistralai_Mistral_7B_Instruct_v0_2,left,it,0.0,unparsed,28,62,34,0.5483870967741935,0.45161290322580644,,1.3235294117647058
Mistral-7B-Instruct-v0.2,/Users/gengliu/political-bias-shareable/outputs/multimodel_840_batch_20260424_103114_pty/mistralai_Mistral_7B_Instruct_v0_2,left,it,0.8,strongly disagree,2,62,35,0.5645161290322581,0.03225806451612903,0.05714285714285714,1.3142857142857143
Mistral-7B-Instruct-v0.2,/Users/gengliu/political-bias-shareable/outputs/multimodel_840_batch_20260424_103114_pty/mistralai_Mistral_7B_Instruct_v0_2,left,it,0.8,disagree,24,62,35,0.5645161290322581,0.3870967741935484,0.6857142857142857,1.3142857142857143
Mistral-7B-Instruct-v0.2,/Users/gengliu/political-bias-shareable/outputs/multimodel_840_batch_20260424_103114_pty/mistralai_Mistral_7B_Instruct_v0_2,left,it,0.8,agree,5,62,35,0.5645161290322581,0.08064516129032258,0.14285714285714285,1.3142857142857143
Mistral-7B-Instruct-v0.2,/Users/gengliu/political-bias-shareable/outputs/multimodel_840_batch_20260424_103114_pty/mistralai_Mistral_7B_Instruct_v0_2,left,it,0.8,strongly agree,4,62,35,0.5645161290322581,0.06451612903225806,0.11428571428571428,1.3142857142857143
Mistral-7B-Instruct-v0.2,/Users/gengliu/political-bias-shareable/outputs/multimodel_840_batch_20260424_103114_pty/mistralai_Mistral_7B_Instruct_v0_2,left,it,0.8,unparsed,27,62,35,0.5645161290322581,0.43548387096774194,,1.3142857142857143
Mistral-7B-Instruct-v0.2,/Users/gengliu/political-bias-shareable/outputs/multimodel_840_batch_20260424_103114_pty/mistralai_Mistral_7B_Instruct_v0_2,left,it,1.5,strongly disagree,2,62,35,0.5645161290322581,0.03225806451612903,0.05714285714285714,1.3142857142857143
Mistral-7B-Instruct-v0.2,/Users/gengliu/political-bias-shareable/outputs/multimodel_840_batch_20260424_103114_pty/mistralai_Mistral_7B_Instruct_v0_2,left,it,1.5,disagree,24,62,35,0.5645161290322581,0.3870967741935484,0.6857142857142857,1.3142857142857143
Mistral-7B-Instruct-v0.2,/Users/gengliu/political-bias-shareable/outputs/multimodel_840_batch_20260424_103114_pty/mistralai_Mistral_7B_Instruct_v0_2,left,it,1.5,agree,5,62,35,0.5645161290322581,0.08064516129032258,0.14285714285714285,1.3142857142857143
Mistral-7B-Instruct-v0.2,/Users/gengliu/political-bias-shareable/outputs/multimodel_840_batch_20260424_103114_pty/mistralai_Mistral_7B_Instruct_v0_2,left,it,1.5,strongly agree,4,62,35,0.5645161290322581,0.06451612903225806,0.11428571428571428,1.3142857142857143
Mistral-7B-Instruct-v0.2,/Users/gengliu/political-bias-shareable/outputs/multimodel_840_batch_20260424_103114_pty/mistralai_Mistral_7B_Instruct_v0_2,left,it,1.5,unparsed,27,62,35,0.5645161290322581,0.43548387096774194,,1.3142857142857143
Mistral-7B-Instruct-v0.2,/Users/gengliu/political-bias-shareable/outputs/multimodel_840_batch_20260424_103114_pty/mistralai_Mistral_7B_Instruct_v0_2,left,it,2.5,strongly disagree,2,62,38,0.6129032258064516,0.03225806451612903,0.05263157894736842,1.3421052631578947
Mistral-7B-Instruct-v0.2,/Users/gengliu/political-bias-shareable/outputs/multimodel_840_batch_20260424_103114_pty/mistralai_Mistral_7B_Instruct_v0_2,left,it,2.5,disagree,25,62,38,0.6129032258064516,0.4032258064516129,0.6578947368421053,1.3421052631578947
Mistral-7B-Instruct-v0.2,/Users/gengliu/political-bias-shareable/outputs/multimodel_840_batch_20260424_103114_pty/mistralai_Mistral_7B_Instruct_v0_2,left,it,2.5,agree,7,62,38,0.6129032258064516,0.11290322580645161,0.18421052631578946,1.3421052631578947
Mistral-7B-Instruct-v0.2,/Users/gengliu/political-bias-shareable/outputs/multimodel_840_batch_20260424_103114_pty/mistralai_Mistral_7B_Instruct_v0_2,left,it,2.5,strongly agree,4,62,38,0.6129032258064516,0.06451612903225806,0.10526315789473684,1.3421052631578947
Mistral-7B-Instruct-v0.2,/Users/gengliu/political-bias-shareable/outputs/multimodel_840_batch_20260424_103114_pty/mistralai_Mistral_7B_Instruct_v0_2,left,it,2.5,unparsed,24,62,38,0.6129032258064516,0.3870967741935484,,1.3421052631578947
Mistral-7B-Instruct-v0.2,/Users/gengliu/political-bias-shareable/outputs/multimodel_840_batch_20260424_103114_pty/mistralai_Mistral_7B_Instruct_v0_2,left,it,4.0,strongly disagree,2,62,38,0.6129032258064516,0.03225806451612903,0.05263157894736842,1.3421052631578947
Mistral-7B-Instruct-v0.2,/Users/gengliu/political-bias-shareable/outputs/multimodel_840_batch_20260424_103114_pty/mistralai_Mistral_7B_Instruct_v0_2,left,it,4.0,disagree,25,62,38,0.6129032258064516,0.4032258064516129,0.6578947368421053,1.3421052631578947
Mistral-7B-Instruct-v0.2,/Users/gengliu/political-bias-shareable/outputs/multimodel_840_batch_20260424_103114_pty/mistralai_Mistral_7B_Instruct_v0_2,left,it,4.0,agree,7,62,38,0.6129032258064516,0.11290322580645161,0.18421052631578946,1.3421052631578947
Mistral-7B-Instruct-v0.2,/Users/gengliu/political-bias-shareable/outputs/multimodel_840_batch_20260424_103114_pty/mistralai_Mistral_7B_Instruct_v0_2,left,it,4.0,strongly agree,4,62,38,0.6129032258064516,0.06451612903225806,0.10526315789473684,1.3421052631578947
Mistral-7B-Instruct-v0.2,/Users/gengliu/political-bias-shareable/outputs/multimodel_840_batch_20260424_103114_pty/mistralai_Mistral_7B_Instruct_v0_2,left,it,4.0,unparsed,24,62,38,0.6129032258064516,0.3870967741935484,,1.3421052631578947
Mistral-7B-Instruct-v0.2,/Users/gengliu/political-bias-shareable/outputs/multimodel_840_batch_20260424_103114_pty/mistralai_Mistral_7B_Instruct_v0_2,left,fr,0.0,strongly disagree,38,62,62,1.0,0.6129032258064516,0.6129032258064516,0.5645161290322581
Mistral-7B-Instruct-v0.2,/Users/gengliu/political-bias-shareable/outputs/multimodel_840_batch_20260424_103114_pty/mistralai_Mistral_7B_Instruct_v0_2,left,fr,0.0,disagree,15,62,62,1.0,0.24193548387096775,0.24193548387096775,0.5645161290322581
Mistral-7B-Instruct-v0.2,/Users/gengliu/political-bias-shareable/outputs/multimodel_840_batch_20260424_103114_pty/mistralai_Mistral_7B_Instruct_v0_2,left,fr,0.0,agree,7,62,62,1.0,0.11290322580645161,0.11290322580645161,0.5645161290322581
Mistral-7B-Instruct-v0.2,/Users/gengliu/political-bias-shareable/outputs/multimodel_840_batch_20260424_103114_pty/mistralai_Mistral_7B_Instruct_v0_2,left,fr,0.0,strongly agree,2,62,62,1.0,0.03225806451612903,0.03225806451612903,0.5645161290322581
Mistral-7B-Instruct-v0.2,/Users/gengliu/political-bias-shareable/outputs/multimodel_840_batch_20260424_103114_pty/mistralai_Mistral_7B_Instruct_v0_2,left,fr,0.0,unparsed,0,62,62,1.0,0.0,,0.5645161290322581
Mistral-7B-Instruct-v0.2,/Users/gengliu/political-bias-shareable/outputs/multimodel_840_batch_20260424_103114_pty/mistralai_Mistral_7B_Instruct_v0_2,left,fr,0.8,strongly disagree,37,62,62,1.0,0.5967741935483871,0.5967741935483871,0.5967741935483871
Mistral-7B-Instruct-v0.2,/Users/gengliu/political-bias-shareable/outputs/multimodel_840_batch_20260424_103114_pty/mistralai_Mistral_7B_Instruct_v0_2,left,fr,0.8,disagree,15,62,62,1.0,0.24193548387096775,0.24193548387096775,0.5967741935483871
Mistral-7B-Instruct-v0.2,/Users/gengliu/political-bias-shareable/outputs/multimodel_840_batch_20260424_103114_pty/mistralai_Mistral_7B_Instruct_v0_2,left,fr,0.8,agree,8,62,62,1.0,0.12903225806451613,0.12903225806451613,0.5967741935483871
Mistral-7B-Instruct-v0.2,/Users/gengliu/political-bias-shareable/outputs/multimodel_840_batch_20260424_103114_pty/mistralai_Mistral_7B_Instruct_v0_2,left,fr,0.8,strongly agree,2,62,62,1.0,0.03225806451612903,0.03225806451612903,0.5967741935483871
Mistral-7B-Instruct-v0.2,/Users/gengliu/political-bias-shareable/outputs/multimodel_840_batch_20260424_103114_pty/mistralai_Mistral_7B_Instruct_v0_2,left,fr,0.8,unparsed,0,62,62,1.0,0.0,,0.5967741935483871
Mistral-7B-Instruct-v0.2,/Users/gengliu/political-bias-shareable/outputs/multimodel_840_batch_20260424_103114_pty/mistralai_Mistral_7B_Instruct_v0_2,left,fr,1.5,strongly disagree,37,62,62,1.0,0.5967741935483871,0.5967741935483871,0.5967741935483871
Mistral-7B-Instruct-v0.2,/Users/gengliu/political-bias-shareable/outputs/multimodel_840_batch_20260424_103114_pty/mistralai_Mistral_7B_Instruct_v0_2,left,fr,1.5,disagree,15,62,62,1.0,0.24193548387096775,0.24193548387096775,0.5967741935483871
Mistral-7B-Instruct-v0.2,/Users/gengliu/political-bias-shareable/outputs/multimodel_840_batch_20260424_103114_pty/mistralai_Mistral_7B_Instruct_v0_2,left,fr,1.5,agree,8,62,62,1.0,0.12903225806451613,0.12903225806451613,0.5967741935483871
Mistral-7B-Instruct-v0.2,/Users/gengliu/political-bias-shareable/outputs/multimodel_840_batch_20260424_103114_pty/mistralai_Mistral_7B_Instruct_v0_2,left,fr,1.5,strongly agree,2,62,62,1.0,0.03225806451612903,0.03225806451612903,0.5967741935483871
Mistral-7B-Instruct-v0.2,/Users/gengliu/political-bias-shareable/outputs/multimodel_840_batch_20260424_103114_pty/mistralai_Mistral_7B_Instruct_v0_2,left,fr,1.5,unparsed,0,62,62,1.0,0.0,,0.5967741935483871
Mistral-7B-Instruct-v0.2,/Users/gengliu/political-bias-shareable/outputs/multimodel_840_batch_20260424_103114_pty/mistralai_Mistral_7B_Instruct_v0_2,left,fr,2.5,strongly disagree,37,62,62,1.0,0.5967741935483871,0.5967741935483871,0.5967741935483871
Mistral-7B-Instruct-v0.2,/Users/gengliu/political-bias-shareable/outputs/multimodel_840_batch_20260424_103114_pty/mistralai_Mistral_7B_Instruct_v0_2,left,fr,2.5,disagree,15,62,62,1.0,0.24193548387096775,0.24193548387096775,0.5967741935483871
Mistral-7B-Instruct-v0.2,/Users/gengliu/political-bias-shareable/outputs/multimodel_840_batch_20260424_103114_pty/mistralai_Mistral_7B_Instruct_v0_2,left,fr,2.5,agree,8,62,62,1.0,0.12903225806451613,0.12903225806451613,0.5967741935483871
Mistral-7B-Instruct-v0.2,/Users/gengliu/political-bias-shareable/outputs/multimodel_840_batch_20260424_103114_pty/mistralai_Mistral_7B_Instruct_v0_2,left,fr,2.5,strongly agree,2,62,62,1.0,0.03225806451612903,0.03225806451612903,0.5967741935483871
Mistral-7B-Instruct-v0.2,/Users/gengliu/political-bias-shareable/outputs/multimodel_840_batch_20260424_103114_pty/mistralai_Mistral_7B_Instruct_v0_2,left,fr,2.5,unparsed,0,62,62,1.0,0.0,,0.5967741935483871
Mistral-7B-Instruct-v0.2,/Users/gengliu/political-bias-shareable/outputs/multimodel_840_batch_20260424_103114_pty/mistralai_Mistral_7B_Instruct_v0_2,left,fr,4.0,strongly disagree,37,62,62,1.0,0.5967741935483871,0.5967741935483871,0.5967741935483871
Mistral-7B-Instruct-v0.2,/Users/gengliu/political-bias-shareable/outputs/multimodel_840_batch_20260424_103114_pty/mistralai_Mistral_7B_Instruct_v0_2,left,fr,4.0,disagree,15,62,62,1.0,0.24193548387096775,0.24193548387096775,0.5967741935483871
Mistral-7B-Instruct-v0.2,/Users/gengliu/political-bias-shareable/outputs/multimodel_840_batch_20260424_103114_pty/mistralai_Mistral_7B_Instruct_v0_2,left,fr,4.0,agree,8,62,62,1.0,0.12903225806451613,0.12903225806451613,0.5967741935483871
Mistral-7B-Instruct-v0.2,/Users/gengliu/political-bias-shareable/outputs/multimodel_840_batch_20260424_103114_pty/mistralai_Mistral_7B_Instruct_v0_2,left,fr,4.0,strongly agree,2,62,62,1.0,0.03225806451612903,0.03225806451612903,0.5967741935483871
Mistral-7B-Instruct-v0.2,/Users/gengliu/political-bias-shareable/outputs/multimodel_840_batch_20260424_103114_pty/mistralai_Mistral_7B_Instruct_v0_2,left,fr,4.0,unparsed,0,62,62,1.0,0.0,,0.5967741935483871
Mistral-7B-Instruct-v0.2,/Users/gengliu/political-bias-shareable/outputs/multimodel_840_batch_20260424_103114_pty/mistralai_Mistral_7B_Instruct_v0_2,left,es,0.0,strongly disagree,14,62,61,0.9838709677419355,0.22580645161290322,0.22950819672131148,1.098360655737705
Mistral-7B-Instruct-v0.2,/Users/gengliu/political-bias-shareable/outputs/multimodel_840_batch_20260424_103114_pty/mistralai_Mistral_7B_Instruct_v0_2,left,es,0.0,disagree,33,62,61,0.9838709677419355,0.532258064516129,0.5409836065573771,1.098360655737705
Mistral-7B-Instruct-v0.2,/Users/gengliu/political-bias-shareable/outputs/multimodel_840_batch_20260424_103114_pty/mistralai_Mistral_7B_Instruct_v0_2,left,es,0.0,agree,8,62,61,0.9838709677419355,0.12903225806451613,0.13114754098360656,1.098360655737705
Mistral-7B-Instruct-v0.2,/Users/gengliu/political-bias-shareable/outputs/multimodel_840_batch_20260424_103114_pty/mistralai_Mistral_7B_Instruct_v0_2,left,es,0.0,strongly agree,6,62,61,0.9838709677419355,0.0967741935483871,0.09836065573770492,1.098360655737705
Mistral-7B-Instruct-v0.2,/Users/gengliu/political-bias-shareable/outputs/multimodel_840_batch_20260424_103114_pty/mistralai_Mistral_7B_Instruct_v0_2,left,es,0.0,unparsed,1,62,61,0.9838709677419355,0.016129032258064516,,1.098360655737705
Mistral-7B-Instruct-v0.2,/Users/gengliu/political-bias-shareable/outputs/multimodel_840_batch_20260424_103114_pty/mistralai_Mistral_7B_Instruct_v0_2,left,es,0.8,strongly disagree,14,62,62,1.0,0.22580645161290322,0.22580645161290322,1.096774193548387
Mistral-7B-Instruct-v0.2,/Users/gengliu/political-bias-shareable/outputs/multimodel_840_batch_20260424_103114_pty/mistralai_Mistral_7B_Instruct_v0_2,left,es,0.8,disagree,34,62,62,1.0,0.5483870967741935,0.5483870967741935,1.096774193548387
Mistral-7B-Instruct-v0.2,/Users/gengliu/political-bias-shareable/outputs/multimodel_840_batch_20260424_103114_pty/mistralai_Mistral_7B_Instruct_v0_2,left,es,0.8,agree,8,62,62,1.0,0.12903225806451613,0.12903225806451613,1.096774193548387
Mistral-7B-Instruct-v0.2,/Users/gengliu/political-bias-shareable/outputs/multimodel_840_batch_20260424_103114_pty/mistralai_Mistral_7B_Instruct_v0_2,left,es,0.8,strongly agree,6,62,62,1.0,0.0967741935483871,0.0967741935483871,1.096774193548387
Mistral-7B-Instruct-v0.2,/Users/gengliu/political-bias-shareable/outputs/multimodel_840_batch_20260424_103114_pty/mistralai_Mistral_7B_Instruct_v0_2,left,es,0.8,unparsed,0,62,62,1.0,0.0,,1.096774193548387
Mistral-7B-Instruct-v0.2,/Users/gengliu/political-bias-shareable/outputs/multimodel_840_batch_20260424_103114_pty/mistralai_Mistral_7B_Instruct_v0_2,left,es,1.5,strongly disagree,14,62,61,0.9838709677419355,0.22580645161290322,0.22950819672131148,1.0655737704918034
Mistral-7B-Instruct-v0.2,/Users/gengliu/political-bias-shareable/outputs/multimodel_840_batch_20260424_103114_pty/mistralai_Mistral_7B_Instruct_v0_2,left,es,1.5,disagree,34,62,61,0.9838709677419355,0.5483870967741935,0.5573770491803278,1.0655737704918034
Mistral-7B-Instruct-v0.2,/Users/gengliu/political-bias-shareable/outputs/multimodel_840_batch_20260424_103114_pty/mistralai_Mistral_7B_Instruct_v0_2,left,es,1.5,agree,8,62,61,0.9838709677419355,0.12903225806451613,0.13114754098360656,1.0655737704918034
Mistral-7B-Instruct-v0.2,/Users/gengliu/political-bias-shareable/outputs/multimodel_840_batch_20260424_103114_pty/mistralai_Mistral_7B_Instruct_v0_2,left,es,1.5,strongly agree,5,62,61,0.9838709677419355,0.08064516129032258,0.08196721311475409,1.0655737704918034
Mistral-7B-Instruct-v0.2,/Users/gengliu/political-bias-shareable/outputs/multimodel_840_batch_20260424_103114_pty/mistralai_Mistral_7B_Instruct_v0_2,left,es,1.5,unparsed,1,62,61,0.9838709677419355,0.016129032258064516,,1.0655737704918034
Mistral-7B-Instruct-v0.2,/Users/gengliu/political-bias-shareable/outputs/multimodel_840_batch_20260424_103114_pty/mistralai_Mistral_7B_Instruct_v0_2,left,es,2.5,strongly disagree,13,62,61,0.9838709677419355,0.20967741935483872,0.21311475409836064,1.0819672131147542
Mistral-7B-Instruct-v0.2,/Users/gengliu/political-bias-shareable/outputs/multimodel_840_batch_20260424_103114_pty/mistralai_Mistral_7B_Instruct_v0_2,left,es,2.5,disagree,35,62,61,0.9838709677419355,0.5645161290322581,0.5737704918032787,1.0819672131147542
Mistral-7B-Instruct-v0.2,/Users/gengliu/political-bias-shareable/outputs/multimodel_840_batch_20260424_103114_pty/mistralai_Mistral_7B_Instruct_v0_2,left,es,2.5,agree,8,62,61,0.9838709677419355,0.12903225806451613,0.13114754098360656,1.0819672131147542
Mistral-7B-Instruct-v0.2,/Users/gengliu/political-bias-shareable/outputs/multimodel_840_batch_20260424_103114_pty/mistralai_Mistral_7B_Instruct_v0_2,left,es,2.5,strongly agree,5,62,61,0.9838709677419355,0.08064516129032258,0.08196721311475409,1.0819672131147542
Mistral-7B-Instruct-v0.2,/Users/gengliu/political-bias-shareable/outputs/multimodel_840_batch_20260424_103114_pty/mistralai_Mistral_7B_Instruct_v0_2,left,es,2.5,unparsed,1,62,61,0.9838709677419355,0.016129032258064516,,1.0819672131147542
Mistral-7B-Instruct-v0.2,/Users/gengliu/political-bias-shareable/outputs/multimodel_840_batch_20260424_103114_pty/mistralai_Mistral_7B_Instruct_v0_2,left,es,4.0,strongly disagree,13,62,61,0.9838709677419355,0.20967741935483872,0.21311475409836064,1.0655737704918034
Mistral-7B-Instruct-v0.2,/Users/gengliu/political-bias-shareable/outputs/multimodel_840_batch_20260424_103114_pty/mistralai_Mistral_7B_Instruct_v0_2,left,es,4.0,disagree,36,62,61,0.9838709677419355,0.5806451612903226,0.5901639344262295,1.0655737704918034
Mistral-7B-Instruct-v0.2,/Users/gengliu/political-bias-shareable/outputs/multimodel_840_batch_20260424_103114_pty/mistralai_Mistral_7B_Instruct_v0_2,left,es,4.0,agree,7,62,61,0.9838709677419355,0.11290322580645161,0.11475409836065574,1.0655737704918034
Mistral-7B-Instruct-v0.2,/Users/gengliu/political-bias-shareable/outputs/multimodel_840_batch_20260424_103114_pty/mistralai_Mistral_7B_Instruct_v0_2,left,es,4.0,strongly agree,5,62,61,0.9838709677419355,0.08064516129032258,0.08196721311475409,1.0655737704918034
Mistral-7B-Instruct-v0.2,/Users/gengliu/political-bias-shareable/outputs/multimodel_840_batch_20260424_103114_pty/mistralai_Mistral_7B_Instruct_v0_2,left,es,4.0,unparsed,1,62,61,0.9838709677419355,0.016129032258064516,,1.0655737704918034
Mistral-7B-Instruct-v0.2,/Users/gengliu/political-bias-shareable/outputs/multimodel_840_batch_20260424_103114_pty/mistralai_Mistral_7B_Instruct_v0_2,left,de,0.0,strongly disagree,0,62,62,1.0,0.0,0.0,1.1935483870967742
Mistral-7B-Instruct-v0.2,/Users/gengliu/political-bias-shareable/outputs/multimodel_840_batch_20260424_103114_pty/mistralai_Mistral_7B_Instruct_v0_2,left,de,0.0,disagree,52,62,62,1.0,0.8387096774193549,0.8387096774193549,1.1935483870967742
Mistral-7B-Instruct-v0.2,/Users/gengliu/political-bias-shareable/outputs/multimodel_840_batch_20260424_103114_pty/mistralai_Mistral_7B_Instruct_v0_2,left,de,0.0,agree,8,62,62,1.0,0.12903225806451613,0.12903225806451613,1.1935483870967742
Mistral-7B-Instruct-v0.2,/Users/gengliu/political-bias-shareable/outputs/multimodel_840_batch_20260424_103114_pty/mistralai_Mistral_7B_Instruct_v0_2,left,de,0.0,strongly agree,2,62,62,1.0,0.03225806451612903,0.03225806451612903,1.1935483870967742
Mistral-7B-Instruct-v0.2,/Users/gengliu/political-bias-shareable/outputs/multimodel_840_batch_20260424_103114_pty/mistralai_Mistral_7B_Instruct_v0_2,left,de,0.0,unparsed,0,62,62,1.0,0.0,,1.1935483870967742
Mistral-7B-Instruct-v0.2,/Users/gengliu/political-bias-shareable/outputs/multimodel_840_batch_20260424_103114_pty/mistralai_Mistral_7B_Instruct_v0_2,left,de,0.8,strongly disagree,0,62,62,1.0,0.0,0.0,1.1935483870967742
Mistral-7B-Instruct-v0.2,/Users/gengliu/political-bias-shareable/outputs/multimodel_840_batch_20260424_103114_pty/mistralai_Mistral_7B_Instruct_v0_2,left,de,0.8,disagree,52,62,62,1.0,0.8387096774193549,0.8387096774193549,1.1935483870967742
Mistral-7B-Instruct-v0.2,/Users/gengliu/political-bias-shareable/outputs/multimodel_840_batch_20260424_103114_pty/mistralai_Mistral_7B_Instruct_v0_2,left,de,0.8,agree,8,62,62,1.0,0.12903225806451613,0.12903225806451613,1.1935483870967742
Mistral-7B-Instruct-v0.2,/Users/gengliu/political-bias-shareable/outputs/multimodel_840_batch_20260424_103114_pty/mistralai_Mistral_7B_Instruct_v0_2,left,de,0.8,strongly agree,2,62,62,1.0,0.03225806451612903,0.03225806451612903,1.1935483870967742
Mistral-7B-Instruct-v0.2,/Users/gengliu/political-bias-shareable/outputs/multimodel_840_batch_20260424_103114_pty/mistralai_Mistral_7B_Instruct_v0_2,left,de,0.8,unparsed,0,62,62,1.0,0.0,,1.1935483870967742
Mistral-7B-Instruct-v0.2,/Users/gengliu/political-bias-shareable/outputs/multimodel_840_batch_20260424_103114_pty/mistralai_Mistral_7B_Instruct_v0_2,left,de,1.5,strongly disagree,0,62,62,1.0,0.0,0.0,1.1935483870967742
Mistral-7B-Instruct-v0.2,/Users/gengliu/political-bias-shareable/outputs/multimodel_840_batch_20260424_103114_pty/mistralai_Mistral_7B_Instruct_v0_2,left,de,1.5,disagree,52,62,62,1.0,0.8387096774193549,0.8387096774193549,1.1935483870967742
Mistral-7B-Instruct-v0.2,/Users/gengliu/political-bias-shareable/outputs/multimodel_840_batch_20260424_103114_pty/mistralai_Mistral_7B_Instruct_v0_2,left,de,1.5,agree,8,62,62,1.0,0.12903225806451613,0.12903225806451613,1.1935483870967742
Mistral-7B-Instruct-v0.2,/Users/gengliu/political-bias-shareable/outputs/multimodel_840_batch_20260424_103114_pty/mistralai_Mistral_7B_Instruct_v0_2,left,de,1.5,strongly agree,2,62,62,1.0,0.03225806451612903,0.03225806451612903,1.1935483870967742
Mistral-7B-Instruct-v0.2,/Users/gengliu/political-bias-shareable/outputs/multimodel_840_batch_20260424_103114_pty/mistralai_Mistral_7B_Instruct_v0_2,left,de,1.5,unparsed,0,62,62,1.0,0.0,,1.1935483870967742
Mistral-7B-Instruct-v0.2,/Users/gengliu/political-bias-shareable/outputs/multimodel_840_batch_20260424_103114_pty/mistralai_Mistral_7B_Instruct_v0_2,left,de,2.5,strongly disagree,0,62,62,1.0,0.0,0.0,1.1935483870967742
Mistral-7B-Instruct-v0.2,/Users/gengliu/political-bias-shareable/outputs/multimodel_840_batch_20260424_103114_pty/mistralai_Mistral_7B_Instruct_v0_2,left,de,2.5,disagree,52,62,62,1.0,0.8387096774193549,0.8387096774193549,1.1935483870967742
Mistral-7B-Instruct-v0.2,/Users/gengliu/political-bias-shareable/outputs/multimodel_840_batch_20260424_103114_pty/mistralai_Mistral_7B_Instruct_v0_2,left,de,2.5,agree,8,62,62,1.0,0.12903225806451613,0.12903225806451613,1.1935483870967742
Mistral-7B-Instruct-v0.2,/Users/gengliu/political-bias-shareable/outputs/multimodel_840_batch_20260424_103114_pty/mistralai_Mistral_7B_Instruct_v0_2,left,de,2.5,strongly agree,2,62,62,1.0,0.03225806451612903,0.03225806451612903,1.1935483870967742
Mistral-7B-Instruct-v0.2,/Users/gengliu/political-bias-shareable/outputs/multimodel_840_batch_20260424_103114_pty/mistralai_Mistral_7B_Instruct_v0_2,left,de,2.5,unparsed,0,62,62,1.0,0.0,,1.1935483870967742
Mistral-7B-Instruct-v0.2,/Users/gengliu/political-bias-shareable/outputs/multimodel_840_batch_20260424_103114_pty/mistralai_Mistral_7B_Instruct_v0_2,left,de,4.0,strongly disagree,0,62,62,1.0,0.0,0.0,1.1935483870967742
Mistral-7B-Instruct-v0.2,/Users/gengliu/political-bias-shareable/outputs/multimodel_840_batch_20260424_103114_pty/mistralai_Mistral_7B_Instruct_v0_2,left,de,4.0,disagree,52,62,62,1.0,0.8387096774193549,0.8387096774193549,1.1935483870967742
Mistral-7B-Instruct-v0.2,/Users/gengliu/political-bias-shareable/outputs/multimodel_840_batch_20260424_103114_pty/mistralai_Mistral_7B_Instruct_v0_2,left,de,4.0,agree,8,62,62,1.0,0.12903225806451613,0.12903225806451613,1.1935483870967742
Mistral-7B-Instruct-v0.2,/Users/gengliu/political-bias-shareable/outputs/multimodel_840_batch_20260424_103114_pty/mistralai_Mistral_7B_Instruct_v0_2,left,de,4.0,strongly agree,2,62,62,1.0,0.03225806451612903,0.03225806451612903,1.1935483870967742
Mistral-7B-Instruct-v0.2,/Users/gengliu/political-bias-shareable/outputs/multimodel_840_batch_20260424_103114_pty/mistralai_Mistral_7B_Instruct_v0_2,left,de,4.0,unparsed,0,62,62,1.0,0.0,,1.1935483870967742
Mistral-7B-Instruct-v0.2,/Users/gengliu/political-bias-shareable/outputs/multimodel_840_batch_20260424_103114_pty/mistralai_Mistral_7B_Instruct_v0_2,right,en,0.0,strongly disagree,8,62,52,0.8387096774193549,0.12903225806451613,0.15384615384615385,1.4038461538461537
Mistral-7B-Instruct-v0.2,/Users/gengliu/political-bias-shareable/outputs/multimodel_840_batch_20260424_103114_pty/mistralai_Mistral_7B_Instruct_v0_2,right,en,0.0,disagree,18,62,52,0.8387096774193549,0.2903225806451613,0.34615384615384615,1.4038461538461537
Mistral-7B-Instruct-v0.2,/Users/gengliu/political-bias-shareable/outputs/multimodel_840_batch_20260424_103114_pty/mistralai_Mistral_7B_Instruct_v0_2,right,en,0.0,agree,23,62,52,0.8387096774193549,0.3709677419354839,0.4423076923076923,1.4038461538461537
Mistral-7B-Instruct-v0.2,/Users/gengliu/political-bias-shareable/outputs/multimodel_840_batch_20260424_103114_pty/mistralai_Mistral_7B_Instruct_v0_2,right,en,0.0,strongly agree,3,62,52,0.8387096774193549,0.04838709677419355,0.057692307692307696,1.4038461538461537
Mistral-7B-Instruct-v0.2,/Users/gengliu/political-bias-shareable/outputs/multimodel_840_batch_20260424_103114_pty/mistralai_Mistral_7B_Instruct_v0_2,right,en,0.0,unparsed,10,62,52,0.8387096774193549,0.16129032258064516,,1.4038461538461537
Mistral-7B-Instruct-v0.2,/Users/gengliu/political-bias-shareable/outputs/multimodel_840_batch_20260424_103114_pty/mistralai_Mistral_7B_Instruct_v0_2,right,en,0.8,strongly disagree,8,62,51,0.8225806451612904,0.12903225806451613,0.1568627450980392,1.392156862745098
Mistral-7B-Instruct-v0.2,/Users/gengliu/political-bias-shareable/outputs/multimodel_840_batch_20260424_103114_pty/mistralai_Mistral_7B_Instruct_v0_2,right,en,0.8,disagree,18,62,51,0.8225806451612904,0.2903225806451613,0.35294117647058826,1.392156862745098
Mistral-7B-Instruct-v0.2,/Users/gengliu/political-bias-shareable/outputs/multimodel_840_batch_20260424_103114_pty/mistralai_Mistral_7B_Instruct_v0_2,right,en,0.8,agree,22,62,51,0.8225806451612904,0.3548387096774194,0.43137254901960786,1.392156862745098
Mistral-7B-Instruct-v0.2,/Users/gengliu/political-bias-shareable/outputs/multimodel_840_batch_20260424_103114_pty/mistralai_Mistral_7B_Instruct_v0_2,right,en,0.8,strongly agree,3,62,51,0.8225806451612904,0.04838709677419355,0.058823529411764705,1.392156862745098
Mistral-7B-Instruct-v0.2,/Users/gengliu/political-bias-shareable/outputs/multimodel_840_batch_20260424_103114_pty/mistralai_Mistral_7B_Instruct_v0_2,right,en,0.8,unparsed,11,62,51,0.8225806451612904,0.1774193548387097,,1.392156862745098
Mistral-7B-Instruct-v0.2,/Users/gengliu/political-bias-shareable/outputs/multimodel_840_batch_20260424_103114_pty/mistralai_Mistral_7B_Instruct_v0_2,right,en,1.5,strongly disagree,7,62,51,0.8225806451612904,0.11290322580645161,0.13725490196078433,1.411764705882353
Mistral-7B-Instruct-v0.2,/Users/gengliu/political-bias-shareable/outputs/multimodel_840_batch_20260424_103114_pty/mistralai_Mistral_7B_Instruct_v0_2,right,en,1.5,disagree,19,62,51,0.8225806451612904,0.3064516129032258,0.37254901960784315,1.411764705882353
Mistral-7B-Instruct-v0.2,/Users/gengliu/political-bias-shareable/outputs/multimodel_840_batch_20260424_103114_pty/mistralai_Mistral_7B_Instruct_v0_2,right,en,1.5,agree,22,62,51,0.8225806451612904,0.3548387096774194,0.43137254901960786,1.411764705882353
Mistral-7B-Instruct-v0.2,/Users/gengliu/political-bias-shareable/outputs/multimodel_840_batch_20260424_103114_pty/mistralai_Mistral_7B_Instruct_v0_2,right,en,1.5,strongly agree,3,62,51,0.8225806451612904,0.04838709677419355,0.058823529411764705,1.411764705882353
Mistral-7B-Instruct-v0.2,/Users/gengliu/political-bias-shareable/outputs/multimodel_840_batch_20260424_103114_pty/mistralai_Mistral_7B_Instruct_v0_2,right,en,1.5,unparsed,11,62,51,0.8225806451612904,0.1774193548387097,,1.411764705882353
Mistral-7B-Instruct-v0.2,/Users/gengliu/political-bias-shareable/outputs/multimodel_840_batch_20260424_103114_pty/mistralai_Mistral_7B_Instruct_v0_2,right,en,2.5,strongly disagree,7,62,51,0.8225806451612904,0.11290322580645161,0.13725490196078433,1.411764705882353
Mistral-7B-Instruct-v0.2,/Users/gengliu/political-bias-shareable/outputs/multimodel_840_batch_20260424_103114_pty/mistralai_Mistral_7B_Instruct_v0_2,right,en,2.5,disagree,19,62,51,0.8225806451612904,0.3064516129032258,0.37254901960784315,1.411764705882353
Mistral-7B-Instruct-v0.2,/Users/gengliu/political-bias-shareable/outputs/multimodel_840_batch_20260424_103114_pty/mistralai_Mistral_7B_Instruct_v0_2,right,en,2.5,agree,22,62,51,0.8225806451612904,0.3548387096774194,0.43137254901960786,1.411764705882353
Mistral-7B-Instruct-v0.2,/Users/gengliu/political-bias-shareable/outputs/multimodel_840_batch_20260424_103114_pty/mistralai_Mistral_7B_Instruct_v0_2,right,en,2.5,strongly agree,3,62,51,0.8225806451612904,0.04838709677419355,0.058823529411764705,1.411764705882353
Mistral-7B-Instruct-v0.2,/Users/gengliu/political-bias-shareable/outputs/multimodel_840_batch_20260424_103114_pty/mistralai_Mistral_7B_Instruct_v0_2,right,en,2.5,unparsed,11,62,51,0.8225806451612904,0.1774193548387097,,1.411764705882353
Mistral-7B-Instruct-v0.2,/Users/gengliu/political-bias-shareable/outputs/multimodel_840_batch_20260424_103114_pty/mistralai_Mistral_7B_Instruct_v0_2,right,en,4.0,strongly disagree,7,62,50,0.8064516129032258,0.11290322580645161,0.14,1.38
Mistral-7B-Instruct-v0.2,/Users/gengliu/political-bias-shareable/outputs/multimodel_840_batch_20260424_103114_pty/mistralai_Mistral_7B_Instruct_v0_2,right,en,4.0,disagree,19,62,50,0.8064516129032258,0.3064516129032258,0.38,1.38
Mistral-7B-Instruct-v0.2,/Users/gengliu/political-bias-shareable/outputs/multimodel_840_batch_20260424_103114_pty/mistralai_Mistral_7B_Instruct_v0_2,right,en,4.0,agree,22,62,50,0.8064516129032258,0.3548387096774194,0.44,1.38
Mistral-7B-Instruct-v0.2,/Users/gengliu/political-bias-shareable/outputs/multimodel_840_batch_20260424_103114_pty/mistralai_Mistral_7B_Instruct_v0_2,right,en,4.0,strongly agree,2,62,50,0.8064516129032258,0.03225806451612903,0.04,1.38
Mistral-7B-Instruct-v0.2,/Users/gengliu/political-bias-shareable/outputs/multimodel_840_batch_20260424_103114_pty/mistralai_Mistral_7B_Instruct_v0_2,right,en,4.0,unparsed,12,62,50,0.8064516129032258,0.1935483870967742,,1.38
Mistral-7B-Instruct-v0.2,/Users/gengliu/political-bias-shareable/outputs/multimodel_840_batch_20260424_103114_pty/mistralai_Mistral_7B_Instruct_v0_2,right,it,0.0,strongly disagree,2,62,34,0.5483870967741935,0.03225806451612903,0.058823529411764705,1.3235294117647058
Mistral-7B-Instruct-v0.2,/Users/gengliu/political-bias-shareable/outputs/multimodel_840_batch_20260424_103114_pty/mistralai_Mistral_7B_Instruct_v0_2,right,it,0.0,disagree,23,62,34,0.5483870967741935,0.3709677419354839,0.6764705882352942,1.3235294117647058
Mistral-7B-Instruct-v0.2,/Users/gengliu/political-bias-shareable/outputs/multimodel_840_batch_20260424_103114_pty/mistralai_Mistral_7B_Instruct_v0_2,right,it,0.0,agree,5,62,34,0.5483870967741935,0.08064516129032258,0.14705882352941177,1.3235294117647058
Mistral-7B-Instruct-v0.2,/Users/gengliu/political-bias-shareable/outputs/multimodel_840_batch_20260424_103114_pty/mistralai_Mistral_7B_Instruct_v0_2,right,it,0.0,strongly agree,4,62,34,0.5483870967741935,0.06451612903225806,0.11764705882352941,1.3235294117647058
Mistral-7B-Instruct-v0.2,/Users/gengliu/political-bias-shareable/outputs/multimodel_840_batch_20260424_103114_pty/mistralai_Mistral_7B_Instruct_v0_2,right,it,0.0,unparsed,28,62,34,0.5483870967741935,0.45161290322580644,,1.3235294117647058
Mistral-7B-Instruct-v0.2,/Users/gengliu/political-bias-shareable/outputs/multimodel_840_batch_20260424_103114_pty/mistralai_Mistral_7B_Instruct_v0_2,right,it,0.8,strongly disagree,2,62,31,0.5,0.03225806451612903,0.06451612903225806,1.3548387096774193
Mistral-7B-Instruct-v0.2,/Users/gengliu/political-bias-shareable/outputs/multimodel_840_batch_20260424_103114_pty/mistralai_Mistral_7B_Instruct_v0_2,right,it,0.8,disagree,20,62,31,0.5,0.3225806451612903,0.6451612903225806,1.3548387096774193
Mistral-7B-Instruct-v0.2,/Users/gengliu/political-bias-shareable/outputs/multimodel_840_batch_20260424_103114_pty/mistralai_Mistral_7B_Instruct_v0_2,right,it,0.8,agree,5,62,31,0.5,0.08064516129032258,0.16129032258064516,1.3548387096774193
Mistral-7B-Instruct-v0.2,/Users/gengliu/political-bias-shareable/outputs/multimodel_840_batch_20260424_103114_pty/mistralai_Mistral_7B_Instruct_v0_2,right,it,0.8,strongly agree,4,62,31,0.5,0.06451612903225806,0.12903225806451613,1.3548387096774193
Mistral-7B-Instruct-v0.2,/Users/gengliu/political-bias-shareable/outputs/multimodel_840_batch_20260424_103114_pty/mistralai_Mistral_7B_Instruct_v0_2,right,it,0.8,unparsed,31,62,31,0.5,0.5,,1.3548387096774193
Mistral-7B-Instruct-v0.2,/Users/gengliu/political-bias-shareable/outputs/multimodel_840_batch_20260424_103114_pty/mistralai_Mistral_7B_Instruct_v0_2,right,it,1.5,strongly disagree,2,62,32,0.5161290322580645,0.03225806451612903,0.0625,1.34375
Mistral-7B-Instruct-v0.2,/Users/gengliu/political-bias-shareable/outputs/multimodel_840_batch_20260424_103114_pty/mistralai_Mistral_7B_Instruct_v0_2,right,it,1.5,disagree,21,62,32,0.5161290322580645,0.3387096774193548,0.65625,1.34375
Mistral-7B-Instruct-v0.2,/Users/gengliu/political-bias-shareable/outputs/multimodel_840_batch_20260424_103114_pty/mistralai_Mistral_7B_Instruct_v0_2,right,it,1.5,agree,5,62,32,0.5161290322580645,0.08064516129032258,0.15625,1.34375
Mistral-7B-Instruct-v0.2,/Users/gengliu/political-bias-shareable/outputs/multimodel_840_batch_20260424_103114_pty/mistralai_Mistral_7B_Instruct_v0_2,right,it,1.5,strongly agree,4,62,32,0.5161290322580645,0.06451612903225806,0.125,1.34375
Mistral-7B-Instruct-v0.2,/Users/gengliu/political-bias-shareable/outputs/multimodel_840_batch_20260424_103114_pty/mistralai_Mistral_7B_Instruct_v0_2,right,it,1.5,unparsed,30,62,32,0.5161290322580645,0.4838709677419355,,1.34375
Mistral-7B-Instruct-v0.2,/Users/gengliu/political-bias-shareable/outputs/multimodel_840_batch_20260424_103114_pty/mistralai_Mistral_7B_Instruct_v0_2,right,it,2.5,strongly disagree,2,62,32,0.5161290322580645,0.03225806451612903,0.0625,1.375
Mistral-7B-Instruct-v0.2,/Users/gengliu/political-bias-shareable/outputs/multimodel_840_batch_20260424_103114_pty/mistralai_Mistral_7B_Instruct_v0_2,right,it,2.5,disagree,20,62,32,0.5161290322580645,0.3225806451612903,0.625,1.375
Mistral-7B-Instruct-v0.2,/Users/gengliu/political-bias-shareable/outputs/multimodel_840_batch_20260424_103114_pty/mistralai_Mistral_7B_Instruct_v0_2,right,it,2.5,agree,6,62,32,0.5161290322580645,0.0967741935483871,0.1875,1.375
Mistral-7B-Instruct-v0.2,/Users/gengliu/political-bias-shareable/outputs/multimodel_840_batch_20260424_103114_pty/mistralai_Mistral_7B_Instruct_v0_2,right,it,2.5,strongly agree,4,62,32,0.5161290322580645,0.06451612903225806,0.125,1.375
Mistral-7B-Instruct-v0.2,/Users/gengliu/political-bias-shareable/outputs/multimodel_840_batch_20260424_103114_pty/mistralai_Mistral_7B_Instruct_v0_2,right,it,2.5,unparsed,30,62,32,0.5161290322580645,0.4838709677419355,,1.375
Mistral-7B-Instruct-v0.2,/Users/gengliu/political-bias-shareable/outputs/multimodel_840_batch_20260424_103114_pty/mistralai_Mistral_7B_Instruct_v0_2,right,it,4.0,strongly disagree,2,62,32,0.5161290322580645,0.03225806451612903,0.0625,1.3125
Mistral-7B-Instruct-v0.2,/Users/gengliu/political-bias-shareable/outputs/multimodel_840_batch_20260424_103114_pty/mistralai_Mistral_7B_Instruct_v0_2,right,it,4.0,disagree,21,62,32,0.5161290322580645,0.3387096774193548,0.65625,1.3125
Mistral-7B-Instruct-v0.2,/Users/gengliu/political-bias-shareable/outputs/multimodel_840_batch_20260424_103114_pty/mistralai_Mistral_7B_Instruct_v0_2,right,it,4.0,agree,6,62,32,0.5161290322580645,0.0967741935483871,0.1875,1.3125
Mistral-7B-Instruct-v0.2,/Users/gengliu/political-bias-shareable/outputs/multimodel_840_batch_20260424_103114_pty/mistralai_Mistral_7B_Instruct_v0_2,right,it,4.0,strongly agree,3,62,32,0.5161290322580645,0.04838709677419355,0.09375,1.3125
Mistral-7B-Instruct-v0.2,/Users/gengliu/political-bias-shareable/outputs/multimodel_840_batch_20260424_103114_pty/mistralai_Mistral_7B_Instruct_v0_2,right,it,4.0,unparsed,30,62,32,0.5161290322580645,0.4838709677419355,,1.3125
Mistral-7B-Instruct-v0.2,/Users/gengliu/political-bias-shareable/outputs/multimodel_840_batch_20260424_103114_pty/mistralai_Mistral_7B_Instruct_v0_2,right,fr,0.0,strongly disagree,38,62,62,1.0,0.6129032258064516,0.6129032258064516,0.5645161290322581
Mistral-7B-Instruct-v0.2,/Users/gengliu/political-bias-shareable/outputs/multimodel_840_batch_20260424_103114_pty/mistralai_Mistral_7B_Instruct_v0_2,right,fr,0.0,disagree,15,62,62,1.0,0.24193548387096775,0.24193548387096775,0.5645161290322581
Mistral-7B-Instruct-v0.2,/Users/gengliu/political-bias-shareable/outputs/multimodel_840_batch_20260424_103114_pty/mistralai_Mistral_7B_Instruct_v0_2,right,fr,0.0,agree,7,62,62,1.0,0.11290322580645161,0.11290322580645161,0.5645161290322581
Mistral-7B-Instruct-v0.2,/Users/gengliu/political-bias-shareable/outputs/multimodel_840_batch_20260424_103114_pty/mistralai_Mistral_7B_Instruct_v0_2,right,fr,0.0,strongly agree,2,62,62,1.0,0.03225806451612903,0.03225806451612903,0.5645161290322581
Mistral-7B-Instruct-v0.2,/Users/gengliu/political-bias-shareable/outputs/multimodel_840_batch_20260424_103114_pty/mistralai_Mistral_7B_Instruct_v0_2,right,fr,0.0,unparsed,0,62,62,1.0,0.0,,0.5645161290322581
Mistral-7B-Instruct-v0.2,/Users/gengliu/political-bias-shareable/outputs/multimodel_840_batch_20260424_103114_pty/mistralai_Mistral_7B_Instruct_v0_2,right,fr,0.8,strongly disagree,38,62,62,1.0,0.6129032258064516,0.6129032258064516,0.5645161290322581
Mistral-7B-Instruct-v0.2,/Users/gengliu/political-bias-shareable/outputs/multimodel_840_batch_20260424_103114_pty/mistralai_Mistral_7B_Instruct_v0_2,right,fr,0.8,disagree,15,62,62,1.0,0.24193548387096775,0.24193548387096775,0.5645161290322581
Mistral-7B-Instruct-v0.2,/Users/gengliu/political-bias-shareable/outputs/multimodel_840_batch_20260424_103114_pty/mistralai_Mistral_7B_Instruct_v0_2,right,fr,0.8,agree,7,62,62,1.0,0.11290322580645161,0.11290322580645161,0.5645161290322581
Mistral-7B-Instruct-v0.2,/Users/gengliu/political-bias-shareable/outputs/multimodel_840_batch_20260424_103114_pty/mistralai_Mistral_7B_Instruct_v0_2,right,fr,0.8,strongly agree,2,62,62,1.0,0.03225806451612903,0.03225806451612903,0.5645161290322581
Mistral-7B-Instruct-v0.2,/Users/gengliu/political-bias-shareable/outputs/multimodel_840_batch_20260424_103114_pty/mistralai_Mistral_7B_Instruct_v0_2,right,fr,0.8,unparsed,0,62,62,1.0,0.0,,0.5645161290322581
Mistral-7B-Instruct-v0.2,/Users/gengliu/political-bias-shareable/outputs/multimodel_840_batch_20260424_103114_pty/mistralai_Mistral_7B_Instruct_v0_2,right,fr,1.5,strongly disagree,38,62,62,1.0,0.6129032258064516,0.6129032258064516,0.5645161290322581
Mistral-7B-Instruct-v0.2,/Users/gengliu/political-bias-shareable/outputs/multimodel_840_batch_20260424_103114_pty/mistralai_Mistral_7B_Instruct_v0_2,right,fr,1.5,disagree,15,62,62,1.0,0.24193548387096775,0.24193548387096775,0.5645161290322581
Mistral-7B-Instruct-v0.2,/Users/gengliu/political-bias-shareable/outputs/multimodel_840_batch_20260424_103114_pty/mistralai_Mistral_7B_Instruct_v0_2,right,fr,1.5,agree,7,62,62,1.0,0.11290322580645161,0.11290322580645161,0.5645161290322581
Mistral-7B-Instruct-v0.2,/Users/gengliu/political-bias-shareable/outputs/multimodel_840_batch_20260424_103114_pty/mistralai_Mistral_7B_Instruct_v0_2,right,fr,1.5,strongly agree,2,62,62,1.0,0.03225806451612903,0.03225806451612903,0.5645161290322581
Mistral-7B-Instruct-v0.2,/Users/gengliu/political-bias-shareable/outputs/multimodel_840_batch_20260424_103114_pty/mistralai_Mistral_7B_Instruct_v0_2,right,fr,1.5,unparsed,0,62,62,1.0,0.0,,0.5645161290322581
Mistral-7B-Instruct-v0.2,/Users/gengliu/political-bias-shareable/outputs/multimodel_840_batch_20260424_103114_pty/mistralai_Mistral_7B_Instruct_v0_2,right,fr,2.5,strongly disagree,38,62,62,1.0,0.6129032258064516,0.6129032258064516,0.5645161290322581
Mistral-7B-Instruct-v0.2,/Users/gengliu/political-bias-shareable/outputs/multimodel_840_batch_20260424_103114_pty/mistralai_Mistral_7B_Instruct_v0_2,right,fr,2.5,disagree,15,62,62,1.0,0.24193548387096775,0.24193548387096775,0.5645161290322581
Mistral-7B-Instruct-v0.2,/Users/gengliu/political-bias-shareable/outputs/multimodel_840_batch_20260424_103114_pty/mistralai_Mistral_7B_Instruct_v0_2,right,fr,2.5,agree,7,62,62,1.0,0.11290322580645161,0.11290322580645161,0.5645161290322581
Mistral-7B-Instruct-v0.2,/Users/gengliu/political-bias-shareable/outputs/multimodel_840_batch_20260424_103114_pty/mistralai_Mistral_7B_Instruct_v0_2,right,fr,2.5,strongly agree,2,62,62,1.0,0.03225806451612903,0.03225806451612903,0.5645161290322581
Mistral-7B-Instruct-v0.2,/Users/gengliu/political-bias-shareable/outputs/multimodel_840_batch_20260424_103114_pty/mistralai_Mistral_7B_Instruct_v0_2,right,fr,2.5,unparsed,0,62,62,1.0,0.0,,0.5645161290322581
Mistral-7B-Instruct-v0.2,/Users/gengliu/political-bias-shareable/outputs/multimodel_840_batch_20260424_103114_pty/mistralai_Mistral_7B_Instruct_v0_2,right,fr,4.0,strongly disagree,37,62,62,1.0,0.5967741935483871,0.5967741935483871,0.5806451612903226
Mistral-7B-Instruct-v0.2,/Users/gengliu/political-bias-shareable/outputs/multimodel_840_batch_20260424_103114_pty/mistralai_Mistral_7B_Instruct_v0_2,right,fr,4.0,disagree,16,62,62,1.0,0.25806451612903225,0.25806451612903225,0.5806451612903226
Mistral-7B-Instruct-v0.2,/Users/gengliu/political-bias-shareable/outputs/multimodel_840_batch_20260424_103114_pty/mistralai_Mistral_7B_Instruct_v0_2,right,fr,4.0,agree,7,62,62,1.0,0.11290322580645161,0.11290322580645161,0.5806451612903226
Mistral-7B-Instruct-v0.2,/Users/gengliu/political-bias-shareable/outputs/multimodel_840_batch_20260424_103114_pty/mistralai_Mistral_7B_Instruct_v0_2,right,fr,4.0,strongly agree,2,62,62,1.0,0.03225806451612903,0.03225806451612903,0.5806451612903226
Mistral-7B-Instruct-v0.2,/Users/gengliu/political-bias-shareable/outputs/multimodel_840_batch_20260424_103114_pty/mistralai_Mistral_7B_Instruct_v0_2,right,fr,4.0,unparsed,0,62,62,1.0,0.0,,0.5806451612903226
Mistral-7B-Instruct-v0.2,/Users/gengliu/political-bias-shareable/outputs/multimodel_840_batch_20260424_103114_pty/mistralai_Mistral_7B_Instruct_v0_2,right,es,0.0,strongly disagree,14,62,61,0.9838709677419355,0.22580645161290322,0.22950819672131148,1.098360655737705
Mistral-7B-Instruct-v0.2,/Users/gengliu/political-bias-shareable/outputs/multimodel_840_batch_20260424_103114_pty/mistralai_Mistral_7B_Instruct_v0_2,right,es,0.0,disagree,33,62,61,0.9838709677419355,0.532258064516129,0.5409836065573771,1.098360655737705
Mistral-7B-Instruct-v0.2,/Users/gengliu/political-bias-shareable/outputs/multimodel_840_batch_20260424_103114_pty/mistralai_Mistral_7B_Instruct_v0_2,right,es,0.0,agree,8,62,61,0.9838709677419355,0.12903225806451613,0.13114754098360656,1.098360655737705
Mistral-7B-Instruct-v0.2,/Users/gengliu/political-bias-shareable/outputs/multimodel_840_batch_20260424_103114_pty/mistralai_Mistral_7B_Instruct_v0_2,right,es,0.0,strongly agree,6,62,61,0.9838709677419355,0.0967741935483871,0.09836065573770492,1.098360655737705
Mistral-7B-Instruct-v0.2,/Users/gengliu/political-bias-shareable/outputs/multimodel_840_batch_20260424_103114_pty/mistralai_Mistral_7B_Instruct_v0_2,right,es,0.0,unparsed,1,62,61,0.9838709677419355,0.016129032258064516,,1.098360655737705
Mistral-7B-Instruct-v0.2,/Users/gengliu/political-bias-shareable/outputs/multimodel_840_batch_20260424_103114_pty/mistralai_Mistral_7B_Instruct_v0_2,right,es,0.8,strongly disagree,14,62,61,0.9838709677419355,0.22580645161290322,0.22950819672131148,1.1147540983606556
Mistral-7B-Instruct-v0.2,/Users/gengliu/political-bias-shareable/outputs/multimodel_840_batch_20260424_103114_pty/mistralai_Mistral_7B_Instruct_v0_2,right,es,0.8,disagree,32,62,61,0.9838709677419355,0.5161290322580645,0.5245901639344263,1.1147540983606556
Mistral-7B-Instruct-v0.2,/Users/gengliu/political-bias-shareable/outputs/multimodel_840_batch_20260424_103114_pty/mistralai_Mistral_7B_Instruct_v0_2,right,es,0.8,agree,9,62,61,0.9838709677419355,0.14516129032258066,0.14754098360655737,1.1147540983606556
Mistral-7B-Instruct-v0.2,/Users/gengliu/political-bias-shareable/outputs/multimodel_840_batch_20260424_103114_pty/mistralai_Mistral_7B_Instruct_v0_2,right,es,0.8,strongly agree,6,62,61,0.9838709677419355,0.0967741935483871,0.09836065573770492,1.1147540983606556
Mistral-7B-Instruct-v0.2,/Users/gengliu/political-bias-shareable/outputs/multimodel_840_batch_20260424_103114_pty/mistralai_Mistral_7B_Instruct_v0_2,right,es,0.8,unparsed,1,62,61,0.9838709677419355,0.016129032258064516,,1.1147540983606556
Mistral-7B-Instruct-v0.2,/Users/gengliu/political-bias-shareable/outputs/multimodel_840_batch_20260424_103114_pty/mistralai_Mistral_7B_Instruct_v0_2,right,es,1.5,strongly disagree,14,62,60,0.967741935483871,0.22580645161290322,0.23333333333333334,1.1166666666666667
Mistral-7B-Instruct-v0.2,/Users/gengliu/political-bias-shareable/outputs/multimodel_840_batch_20260424_103114_pty/mistralai_Mistral_7B_Instruct_v0_2,right,es,1.5,disagree,31,62,60,0.967741935483871,0.5,0.5166666666666667,1.1166666666666667
Mistral-7B-Instruct-v0.2,/Users/gengliu/political-bias-shareable/outputs/multimodel_840_batch_20260424_103114_pty/mistralai_Mistral_7B_Instruct_v0_2,right,es,1.5,agree,9,62,60,0.967741935483871,0.14516129032258066,0.15,1.1166666666666667
Mistral-7B-Instruct-v0.2,/Users/gengliu/political-bias-shareable/outputs/multimodel_840_batch_20260424_103114_pty/mistralai_Mistral_7B_Instruct_v0_2,right,es,1.5,strongly agree,6,62,60,0.967741935483871,0.0967741935483871,0.1,1.1166666666666667
Mistral-7B-Instruct-v0.2,/Users/gengliu/political-bias-shareable/outputs/multimodel_840_batch_20260424_103114_pty/mistralai_Mistral_7B_Instruct_v0_2,right,es,1.5,unparsed,2,62,60,0.967741935483871,0.03225806451612903,,1.1166666666666667
Mistral-7B-Instruct-v0.2,/Users/gengliu/political-bias-shareable/outputs/multimodel_840_batch_20260424_103114_pty/mistralai_Mistral_7B_Instruct_v0_2,right,es,2.5,strongly disagree,14,62,59,0.9516129032258065,0.22580645161290322,0.23728813559322035,1.11864406779661
Mistral-7B-Instruct-v0.2,/Users/gengliu/political-bias-shareable/outputs/multimodel_840_batch_20260424_103114_pty/mistralai_Mistral_7B_Instruct_v0_2,right,es,2.5,disagree,30,62,59,0.9516129032258065,0.4838709677419355,0.5084745762711864,1.11864406779661
Mistral-7B-Instruct-v0.2,/Users/gengliu/political-bias-shareable/outputs/multimodel_840_batch_20260424_103114_pty/mistralai_Mistral_7B_Instruct_v0_2,right,es,2.5,agree,9,62,59,0.9516129032258065,0.14516129032258066,0.15254237288135594,1.11864406779661
Mistral-7B-Instruct-v0.2,/Users/gengliu/political-bias-shareable/outputs/multimodel_840_batch_20260424_103114_pty/mistralai_Mistral_7B_Instruct_v0_2,right,es,2.5,strongly agree,6,62,59,0.9516129032258065,0.0967741935483871,0.1016949152542373,1.11864406779661
Mistral-7B-Instruct-v0.2,/Users/gengliu/political-bias-shareable/outputs/multimodel_840_batch_20260424_103114_pty/mistralai_Mistral_7B_Instruct_v0_2,right,es,2.5,unparsed,3,62,59,0.9516129032258065,0.04838709677419355,,1.11864406779661
Mistral-7B-Instruct-v0.2,/Users/gengliu/political-bias-shareable/outputs/multimodel_840_batch_20260424_103114_pty/mistralai_Mistral_7B_Instruct_v0_2,right,es,4.0,strongly disagree,14,62,59,0.9516129032258065,0.22580645161290322,0.23728813559322035,1.1355932203389831
Mistral-7B-Instruct-v0.2,/Users/gengliu/political-bias-shareable/outputs/multimodel_840_batch_20260424_103114_pty/mistralai_Mistral_7B_Instruct_v0_2,right,es,4.0,disagree,29,62,59,0.9516129032258065,0.46774193548387094,0.4915254237288136,1.1355932203389831
Mistral-7B-Instruct-v0.2,/Users/gengliu/political-bias-shareable/outputs/multimodel_840_batch_20260424_103114_pty/mistralai_Mistral_7B_Instruct_v0_2,right,es,4.0,agree,10,62,59,0.9516129032258065,0.16129032258064516,0.1694915254237288,1.1355932203389831
Mistral-7B-Instruct-v0.2,/Users/gengliu/political-bias-shareable/outputs/multimodel_840_batch_20260424_103114_pty/mistralai_Mistral_7B_Instruct_v0_2,right,es,4.0,strongly agree,6,62,59,0.9516129032258065,0.0967741935483871,0.1016949152542373,1.1355932203389831
Mistral-7B-Instruct-v0.2,/Users/gengliu/political-bias-shareable/outputs/multimodel_840_batch_20260424_103114_pty/mistralai_Mistral_7B_Instruct_v0_2,right,es,4.0,unparsed,3,62,59,0.9516129032258065,0.04838709677419355,,1.1355932203389831
Mistral-7B-Instruct-v0.2,/Users/gengliu/political-bias-shareable/outputs/multimodel_840_batch_20260424_103114_pty/mistralai_Mistral_7B_Instruct_v0_2,right,de,0.0,strongly disagree,0,62,62,1.0,0.0,0.0,1.1935483870967742
Mistral-7B-Instruct-v0.2,/Users/gengliu/political-bias-shareable/outputs/multimodel_840_batch_20260424_103114_pty/mistralai_Mistral_7B_Instruct_v0_2,right,de,0.0,disagree,52,62,62,1.0,0.8387096774193549,0.8387096774193549,1.1935483870967742
Mistral-7B-Instruct-v0.2,/Users/gengliu/political-bias-shareable/outputs/multimodel_840_batch_20260424_103114_pty/mistralai_Mistral_7B_Instruct_v0_2,right,de,0.0,agree,8,62,62,1.0,0.12903225806451613,0.12903225806451613,1.1935483870967742
Mistral-7B-Instruct-v0.2,/Users/gengliu/political-bias-shareable/outputs/multimodel_840_batch_20260424_103114_pty/mistralai_Mistral_7B_Instruct_v0_2,right,de,0.0,strongly agree,2,62,62,1.0,0.03225806451612903,0.03225806451612903,1.1935483870967742
Mistral-7B-Instruct-v0.2,/Users/gengliu/political-bias-shareable/outputs/multimodel_840_batch_20260424_103114_pty/mistralai_Mistral_7B_Instruct_v0_2,right,de,0.0,unparsed,0,62,62,1.0,0.0,,1.1935483870967742
Mistral-7B-Instruct-v0.2,/Users/gengliu/political-bias-shareable/outputs/multimodel_840_batch_20260424_103114_pty/mistralai_Mistral_7B_Instruct_v0_2,right,de,0.8,strongly disagree,0,62,62,1.0,0.0,0.0,1.1935483870967742
Mistral-7B-Instruct-v0.2,/Users/gengliu/political-bias-shareable/outputs/multimodel_840_batch_20260424_103114_pty/mistralai_Mistral_7B_Instruct_v0_2,right,de,0.8,disagree,52,62,62,1.0,0.8387096774193549,0.8387096774193549,1.1935483870967742
Mistral-7B-Instruct-v0.2,/Users/gengliu/political-bias-shareable/outputs/multimodel_840_batch_20260424_103114_pty/mistralai_Mistral_7B_Instruct_v0_2,right,de,0.8,agree,8,62,62,1.0,0.12903225806451613,0.12903225806451613,1.1935483870967742
Mistral-7B-Instruct-v0.2,/Users/gengliu/political-bias-shareable/outputs/multimodel_840_batch_20260424_103114_pty/mistralai_Mistral_7B_Instruct_v0_2,right,de,0.8,strongly agree,2,62,62,1.0,0.03225806451612903,0.03225806451612903,1.1935483870967742
Mistral-7B-Instruct-v0.2,/Users/gengliu/political-bias-shareable/outputs/multimodel_840_batch_20260424_103114_pty/mistralai_Mistral_7B_Instruct_v0_2,right,de,0.8,unparsed,0,62,62,1.0,0.0,,1.1935483870967742
Mistral-7B-Instruct-v0.2,/Users/gengliu/political-bias-shareable/outputs/multimodel_840_batch_20260424_103114_pty/mistralai_Mistral_7B_Instruct_v0_2,right,de,1.5,strongly disagree,0,62,62,1.0,0.0,0.0,1.1935483870967742
Mistral-7B-Instruct-v0.2,/Users/gengliu/political-bias-shareable/outputs/multimodel_840_batch_20260424_103114_pty/mistralai_Mistral_7B_Instruct_v0_2,right,de,1.5,disagree,52,62,62,1.0,0.8387096774193549,0.8387096774193549,1.1935483870967742
Mistral-7B-Instruct-v0.2,/Users/gengliu/political-bias-shareable/outputs/multimodel_840_batch_20260424_103114_pty/mistralai_Mistral_7B_Instruct_v0_2,right,de,1.5,agree,8,62,62,1.0,0.12903225806451613,0.12903225806451613,1.1935483870967742
Mistral-7B-Instruct-v0.2,/Users/gengliu/political-bias-shareable/outputs/multimodel_840_batch_20260424_103114_pty/mistralai_Mistral_7B_Instruct_v0_2,right,de,1.5,strongly agree,2,62,62,1.0,0.03225806451612903,0.03225806451612903,1.1935483870967742
Mistral-7B-Instruct-v0.2,/Users/gengliu/political-bias-shareable/outputs/multimodel_840_batch_20260424_103114_pty/mistralai_Mistral_7B_Instruct_v0_2,right,de,1.5,unparsed,0,62,62,1.0,0.0,,1.1935483870967742
Mistral-7B-Instruct-v0.2,/Users/gengliu/political-bias-shareable/outputs/multimodel_840_batch_20260424_103114_pty/mistralai_Mistral_7B_Instruct_v0_2,right,de,2.5,strongly disagree,0,62,62,1.0,0.0,0.0,1.1935483870967742
Mistral-7B-Instruct-v0.2,/Users/gengliu/political-bias-shareable/outputs/multimodel_840_batch_20260424_103114_pty/mistralai_Mistral_7B_Instruct_v0_2,right,de,2.5,disagree,52,62,62,1.0,0.8387096774193549,0.8387096774193549,1.1935483870967742
Mistral-7B-Instruct-v0.2,/Users/gengliu/political-bias-shareable/outputs/multimodel_840_batch_20260424_103114_pty/mistralai_Mistral_7B_Instruct_v0_2,right,de,2.5,agree,8,62,62,1.0,0.12903225806451613,0.12903225806451613,1.1935483870967742
Mistral-7B-Instruct-v0.2,/Users/gengliu/political-bias-shareable/outputs/multimodel_840_batch_20260424_103114_pty/mistralai_Mistral_7B_Instruct_v0_2,right,de,2.5,strongly agree,2,62,62,1.0,0.03225806451612903,0.03225806451612903,1.1935483870967742
Mistral-7B-Instruct-v0.2,/Users/gengliu/political-bias-shareable/outputs/multimodel_840_batch_20260424_103114_pty/mistralai_Mistral_7B_Instruct_v0_2,right,de,2.5,unparsed,0,62,62,1.0,0.0,,1.1935483870967742
Mistral-7B-Instruct-v0.2,/Users/gengliu/political-bias-shareable/outputs/multimodel_840_batch_20260424_103114_pty/mistralai_Mistral_7B_Instruct_v0_2,right,de,4.0,strongly disagree,0,62,62,1.0,0.0,0.0,1.1935483870967742
Mistral-7B-Instruct-v0.2,/Users/gengliu/political-bias-shareable/outputs/multimodel_840_batch_20260424_103114_pty/mistralai_Mistral_7B_Instruct_v0_2,right,de,4.0,disagree,52,62,62,1.0,0.8387096774193549,0.8387096774193549,1.1935483870967742
Mistral-7B-Instruct-v0.2,/Users/gengliu/political-bias-shareable/outputs/multimodel_840_batch_20260424_103114_pty/mistralai_Mistral_7B_Instruct_v0_2,right,de,4.0,agree,8,62,62,1.0,0.12903225806451613,0.12903225806451613,1.1935483870967742
Mistral-7B-Instruct-v0.2,/Users/gengliu/political-bias-shareable/outputs/multimodel_840_batch_20260424_103114_pty/mistralai_Mistral_7B_Instruct_v0_2,right,de,4.0,strongly agree,2,62,62,1.0,0.03225806451612903,0.03225806451612903,1.1935483870967742
Mistral-7B-Instruct-v0.2,/Users/gengliu/political-bias-shareable/outputs/multimodel_840_batch_20260424_103114_pty/mistralai_Mistral_7B_Instruct_v0_2,right,de,4.0,unparsed,0,62,62,1.0,0.0,,1.1935483870967742
Llama-3-8B-Instruct,/Users/gengliu/political-bias-shareable/outputs/multimodel_840_batch_20260424_103114_pty/meta_llama_Meta_Llama_3_8B_Instruct,left,en,0.0,strongly disagree,9,62,62,1.0,0.14516129032258066,0.14516129032258066,1.3709677419354838
Llama-3-8B-Instruct,/Users/gengliu/political-bias-shareable/outputs/multimodel_840_batch_20260424_103114_pty/meta_llama_Meta_Llama_3_8B_Instruct,left,en,0.0,disagree,29,62,62,1.0,0.46774193548387094,0.46774193548387094,1.3709677419354838
Llama-3-8B-Instruct,/Users/gengliu/political-bias-shareable/outputs/multimodel_840_batch_20260424_103114_pty/meta_llama_Meta_Llama_3_8B_Instruct,left,en,0.0,agree,16,62,62,1.0,0.25806451612903225,0.25806451612903225,1.3709677419354838
Llama-3-8B-Instruct,/Users/gengliu/political-bias-shareable/outputs/multimodel_840_batch_20260424_103114_pty/meta_llama_Meta_Llama_3_8B_Instruct,left,en,0.0,strongly agree,8,62,62,1.0,0.12903225806451613,0.12903225806451613,1.3709677419354838
Llama-3-8B-Instruct,/Users/gengliu/political-bias-shareable/outputs/multimodel_840_batch_20260424_103114_pty/meta_llama_Meta_Llama_3_8B_Instruct,left,en,0.0,unparsed,0,62,62,1.0,0.0,,1.3709677419354838
Llama-3-8B-Instruct,/Users/gengliu/political-bias-shareable/outputs/multimodel_840_batch_20260424_103114_pty/meta_llama_Meta_Llama_3_8B_Instruct,left,en,0.8,strongly disagree,15,62,62,1.0,0.24193548387096775,0.24193548387096775,1.435483870967742
Llama-3-8B-Instruct,/Users/gengliu/political-bias-shareable/outputs/multimodel_840_batch_20260424_103114_pty/meta_llama_Meta_Llama_3_8B_Instruct,left,en,0.8,disagree,19,62,62,1.0,0.3064516129032258,0.3064516129032258,1.435483870967742
Llama-3-8B-Instruct,/Users/gengliu/political-bias-shareable/outputs/multimodel_840_batch_20260424_103114_pty/meta_llama_Meta_Llama_3_8B_Instruct,left,en,0.8,agree,14,62,62,1.0,0.22580645161290322,0.22580645161290322,1.435483870967742
Llama-3-8B-Instruct,/Users/gengliu/political-bias-shareable/outputs/multimodel_840_batch_20260424_103114_pty/meta_llama_Meta_Llama_3_8B_Instruct,left,en,0.8,strongly agree,14,62,62,1.0,0.22580645161290322,0.22580645161290322,1.435483870967742
Llama-3-8B-Instruct,/Users/gengliu/political-bias-shareable/outputs/multimodel_840_batch_20260424_103114_pty/meta_llama_Meta_Llama_3_8B_Instruct,left,en,0.8,unparsed,0,62,62,1.0,0.0,,1.435483870967742
Llama-3-8B-Instruct,/Users/gengliu/political-bias-shareable/outputs/multimodel_840_batch_20260424_103114_pty/meta_llama_Meta_Llama_3_8B_Instruct,left,en,1.5,strongly disagree,16,62,62,1.0,0.25806451612903225,0.25806451612903225,1.5161290322580645
Llama-3-8B-Instruct,/Users/gengliu/political-bias-shareable/outputs/multimodel_840_batch_20260424_103114_pty/meta_llama_Meta_Llama_3_8B_Instruct,left,en,1.5,disagree,13,62,62,1.0,0.20967741935483872,0.20967741935483872,1.5161290322580645
Llama-3-8B-Instruct,/Users/gengliu/political-bias-shareable/outputs/multimodel_840_batch_20260424_103114_pty/meta_llama_Meta_Llama_3_8B_Instruct,left,en,1.5,agree,18,62,62,1.0,0.2903225806451613,0.2903225806451613,1.5161290322580645
Llama-3-8B-Instruct,/Users/gengliu/political-bias-shareable/outputs/multimodel_840_batch_20260424_103114_pty/meta_llama_Meta_Llama_3_8B_Instruct,left,en,1.5,strongly agree,15,62,62,1.0,0.24193548387096775,0.24193548387096775,1.5161290322580645
Llama-3-8B-Instruct,/Users/gengliu/political-bias-shareable/outputs/multimodel_840_batch_20260424_103114_pty/meta_llama_Meta_Llama_3_8B_Instruct,left,en,1.5,unparsed,0,62,62,1.0,0.0,,1.5161290322580645
Llama-3-8B-Instruct,/Users/gengliu/political-bias-shareable/outputs/multimodel_840_batch_20260424_103114_pty/meta_llama_Meta_Llama_3_8B_Instruct,left,en,2.5,strongly disagree,22,62,62,1.0,0.3548387096774194,0.3548387096774194,1.596774193548387
Llama-3-8B-Instruct,/Users/gengliu/political-bias-shareable/outputs/multimodel_840_batch_20260424_103114_pty/meta_llama_Meta_Llama_3_8B_Instruct,left,en,2.5,disagree,3,62,62,1.0,0.04838709677419355,0.04838709677419355,1.596774193548387
Llama-3-8B-Instruct,/Users/gengliu/political-bias-shareable/outputs/multimodel_840_batch_20260424_103114_pty/meta_llama_Meta_Llama_3_8B_Instruct,left,en,2.5,agree,15,62,62,1.0,0.24193548387096775,0.24193548387096775,1.596774193548387
Llama-3-8B-Instruct,/Users/gengliu/political-bias-shareable/outputs/multimodel_840_batch_20260424_103114_pty/meta_llama_Meta_Llama_3_8B_Instruct,left,en,2.5,strongly agree,22,62,62,1.0,0.3548387096774194,0.3548387096774194,1.596774193548387
Llama-3-8B-Instruct,/Users/gengliu/political-bias-shareable/outputs/multimodel_840_batch_20260424_103114_pty/meta_llama_Meta_Llama_3_8B_Instruct,left,en,2.5,unparsed,0,62,62,1.0,0.0,,1.596774193548387
Llama-3-8B-Instruct,/Users/gengliu/political-bias-shareable/outputs/multimodel_840_batch_20260424_103114_pty/meta_llama_Meta_Llama_3_8B_Instruct,left,en,4.0,strongly disagree,12,62,62,1.0,0.1935483870967742,0.1935483870967742,2.370967741935484
Llama-3-8B-Instruct,/Users/gengliu/political-bias-shareable/outputs/multimodel_840_batch_20260424_103114_pty/meta_llama_Meta_Llama_3_8B_Instruct,left,en,4.0,disagree,0,62,62,1.0,0.0,0.0,2.370967741935484
Llama-3-8B-Instruct,/Users/gengliu/political-bias-shareable/outputs/multimodel_840_batch_20260424_103114_pty/meta_llama_Meta_Llama_3_8B_Instruct,left,en,4.0,agree,3,62,62,1.0,0.04838709677419355,0.04838709677419355,2.370967741935484
Llama-3-8B-Instruct,/Users/gengliu/political-bias-shareable/outputs/multimodel_840_batch_20260424_103114_pty/meta_llama_Meta_Llama_3_8B_Instruct,left,en,4.0,strongly agree,47,62,62,1.0,0.7580645161290323,0.7580645161290323,2.370967741935484
Llama-3-8B-Instruct,/Users/gengliu/political-bias-shareable/outputs/multimodel_840_batch_20260424_103114_pty/meta_llama_Meta_Llama_3_8B_Instruct,left,en,4.0,unparsed,0,62,62,1.0,0.0,,2.370967741935484
Llama-3-8B-Instruct,/Users/gengliu/political-bias-shareable/outputs/multimodel_840_batch_20260424_103114_pty/meta_llama_Meta_Llama_3_8B_Instruct,left,it,0.0,strongly disagree,2,62,62,1.0,0.03225806451612903,0.03225806451612903,1.3870967741935485
Llama-3-8B-Instruct,/Users/gengliu/political-bias-shareable/outputs/multimodel_840_batch_20260424_103114_pty/meta_llama_Meta_Llama_3_8B_Instruct,left,it,0.0,disagree,43,62,62,1.0,0.6935483870967742,0.6935483870967742,1.3870967741935485
Llama-3-8B-Instruct,/Users/gengliu/political-bias-shareable/outputs/multimodel_840_batch_20260424_103114_pty/meta_llama_Meta_Llama_3_8B_Instruct,left,it,0.0,agree,8,62,62,1.0,0.12903225806451613,0.12903225806451613,1.3870967741935485
Llama-3-8B-Instruct,/Users/gengliu/political-bias-shareable/outputs/multimodel_840_batch_20260424_103114_pty/meta_llama_Meta_Llama_3_8B_Instruct,left,it,0.0,strongly agree,9,62,62,1.0,0.14516129032258066,0.14516129032258066,1.3870967741935485
Llama-3-8B-Instruct,/Users/gengliu/political-bias-shareable/outputs/multimodel_840_batch_20260424_103114_pty/meta_llama_Meta_Llama_3_8B_Instruct,left,it,0.0,unparsed,0,62,62,1.0,0.0,,1.3870967741935485
Llama-3-8B-Instruct,/Users/gengliu/political-bias-shareable/outputs/multimodel_840_batch_20260424_103114_pty/meta_llama_Meta_Llama_3_8B_Instruct,left,it,0.8,strongly disagree,2,62,62,1.0,0.03225806451612903,0.03225806451612903,1.4516129032258065
Llama-3-8B-Instruct,/Users/gengliu/political-bias-shareable/outputs/multimodel_840_batch_20260424_103114_pty/meta_llama_Meta_Llama_3_8B_Instruct,left,it,0.8,disagree,41,62,62,1.0,0.6612903225806451,0.6612903225806451,1.4516129032258065
Llama-3-8B-Instruct,/Users/gengliu/political-bias-shareable/outputs/multimodel_840_batch_20260424_103114_pty/meta_llama_Meta_Llama_3_8B_Instruct,left,it,0.8,agree,8,62,62,1.0,0.12903225806451613,0.12903225806451613,1.4516129032258065
Llama-3-8B-Instruct,/Users/gengliu/political-bias-shareable/outputs/multimodel_840_batch_20260424_103114_pty/meta_llama_Meta_Llama_3_8B_Instruct,left,it,0.8,strongly agree,11,62,62,1.0,0.1774193548387097,0.1774193548387097,1.4516129032258065
Llama-3-8B-Instruct,/Users/gengliu/political-bias-shareable/outputs/multimodel_840_batch_20260424_103114_pty/meta_llama_Meta_Llama_3_8B_Instruct,left,it,0.8,unparsed,0,62,62,1.0,0.0,,1.4516129032258065
Llama-3-8B-Instruct,/Users/gengliu/political-bias-shareable/outputs/multimodel_840_batch_20260424_103114_pty/meta_llama_Meta_Llama_3_8B_Instruct,left,it,1.5,strongly disagree,4,62,62,1.0,0.06451612903225806,0.06451612903225806,1.5
Llama-3-8B-Instruct,/Users/gengliu/political-bias-shareable/outputs/multimodel_840_batch_20260424_103114_pty/meta_llama_Meta_Llama_3_8B_Instruct,left,it,1.5,disagree,37,62,62,1.0,0.5967741935483871,0.5967741935483871,1.5
Llama-3-8B-Instruct,/Users/gengliu/political-bias-shareable/outputs/multimodel_840_batch_20260424_103114_pty/meta_llama_Meta_Llama_3_8B_Instruct,left,it,1.5,agree,7,62,62,1.0,0.11290322580645161,0.11290322580645161,1.5
Llama-3-8B-Instruct,/Users/gengliu/political-bias-shareable/outputs/multimodel_840_batch_20260424_103114_pty/meta_llama_Meta_Llama_3_8B_Instruct,left,it,1.5,strongly agree,14,62,62,1.0,0.22580645161290322,0.22580645161290322,1.5
Llama-3-8B-Instruct,/Users/gengliu/political-bias-shareable/outputs/multimodel_840_batch_20260424_103114_pty/meta_llama_Meta_Llama_3_8B_Instruct,left,it,1.5,unparsed,0,62,62,1.0,0.0,,1.5
Llama-3-8B-Instruct,/Users/gengliu/political-bias-shareable/outputs/multimodel_840_batch_20260424_103114_pty/meta_llama_Meta_Llama_3_8B_Instruct,left,it,2.5,strongly disagree,7,62,62,1.0,0.11290322580645161,0.11290322580645161,1.7096774193548387
Llama-3-8B-Instruct,/Users/gengliu/political-bias-shareable/outputs/multimodel_840_batch_20260424_103114_pty/meta_llama_Meta_Llama_3_8B_Instruct,left,it,2.5,disagree,28,62,62,1.0,0.45161290322580644,0.45161290322580644,1.7096774193548387
Llama-3-8B-Instruct,/Users/gengliu/political-bias-shareable/outputs/multimodel_840_batch_20260424_103114_pty/meta_llama_Meta_Llama_3_8B_Instruct,left,it,2.5,agree,3,62,62,1.0,0.04838709677419355,0.04838709677419355,1.7096774193548387
Llama-3-8B-Instruct,/Users/gengliu/political-bias-shareable/outputs/multimodel_840_batch_20260424_103114_pty/meta_llama_Meta_Llama_3_8B_Instruct,left,it,2.5,strongly agree,24,62,62,1.0,0.3870967741935484,0.3870967741935484,1.7096774193548387
Llama-3-8B-Instruct,/Users/gengliu/political-bias-shareable/outputs/multimodel_840_batch_20260424_103114_pty/meta_llama_Meta_Llama_3_8B_Instruct,left,it,2.5,unparsed,0,62,62,1.0,0.0,,1.7096774193548387
Llama-3-8B-Instruct,/Users/gengliu/political-bias-shareable/outputs/multimodel_840_batch_20260424_103114_pty/meta_llama_Meta_Llama_3_8B_Instruct,left,it,4.0,strongly disagree,9,62,62,1.0,0.14516129032258066,0.14516129032258066,2.2580645161290325
Llama-3-8B-Instruct,/Users/gengliu/political-bias-shareable/outputs/multimodel_840_batch_20260424_103114_pty/meta_llama_Meta_Llama_3_8B_Instruct,left,it,4.0,disagree,9,62,62,1.0,0.14516129032258066,0.14516129032258066,2.2580645161290325
Llama-3-8B-Instruct,/Users/gengliu/political-bias-shareable/outputs/multimodel_840_batch_20260424_103114_pty/meta_llama_Meta_Llama_3_8B_Instruct,left,it,4.0,agree,1,62,62,1.0,0.016129032258064516,0.016129032258064516,2.2580645161290325
Llama-3-8B-Instruct,/Users/gengliu/political-bias-shareable/outputs/multimodel_840_batch_20260424_103114_pty/meta_llama_Meta_Llama_3_8B_Instruct,left,it,4.0,strongly agree,43,62,62,1.0,0.6935483870967742,0.6935483870967742,2.2580645161290325
Llama-3-8B-Instruct,/Users/gengliu/political-bias-shareable/outputs/multimodel_840_batch_20260424_103114_pty/meta_llama_Meta_Llama_3_8B_Instruct,left,it,4.0,unparsed,0,62,62,1.0,0.0,,2.2580645161290325
Llama-3-8B-Instruct,/Users/gengliu/political-bias-shareable/outputs/multimodel_840_batch_20260424_103114_pty/meta_llama_Meta_Llama_3_8B_Instruct,left,fr,0.0,strongly disagree,8,62,62,1.0,0.12903225806451613,0.12903225806451613,1.1612903225806452
Llama-3-8B-Instruct,/Users/gengliu/political-bias-shareable/outputs/multimodel_840_batch_20260424_103114_pty/meta_llama_Meta_Llama_3_8B_Instruct,left,fr,0.0,disagree,39,62,62,1.0,0.6290322580645161,0.6290322580645161,1.1612903225806452
Llama-3-8B-Instruct,/Users/gengliu/political-bias-shareable/outputs/multimodel_840_batch_20260424_103114_pty/meta_llama_Meta_Llama_3_8B_Instruct,left,fr,0.0,agree,12,62,62,1.0,0.1935483870967742,0.1935483870967742,1.1612903225806452
Llama-3-8B-Instruct,/Users/gengliu/political-bias-shareable/outputs/multimodel_840_batch_20260424_103114_pty/meta_llama_Meta_Llama_3_8B_Instruct,left,fr,0.0,strongly agree,3,62,62,1.0,0.04838709677419355,0.04838709677419355,1.1612903225806452
Llama-3-8B-Instruct,/Users/gengliu/political-bias-shareable/outputs/multimodel_840_batch_20260424_103114_pty/meta_llama_Meta_Llama_3_8B_Instruct,left,fr,0.0,unparsed,0,62,62,1.0,0.0,,1.1612903225806452
Llama-3-8B-Instruct,/Users/gengliu/political-bias-shareable/outputs/multimodel_840_batch_20260424_103114_pty/meta_llama_Meta_Llama_3_8B_Instruct,left,fr,0.8,strongly disagree,13,62,62,1.0,0.20967741935483872,0.20967741935483872,1.2741935483870968
Llama-3-8B-Instruct,/Users/gengliu/political-bias-shareable/outputs/multimodel_840_batch_20260424_103114_pty/meta_llama_Meta_Llama_3_8B_Instruct,left,fr,0.8,disagree,28,62,62,1.0,0.45161290322580644,0.45161290322580644,1.2741935483870968
Llama-3-8B-Instruct,/Users/gengliu/political-bias-shareable/outputs/multimodel_840_batch_20260424_103114_pty/meta_llama_Meta_Llama_3_8B_Instruct,left,fr,0.8,agree,12,62,62,1.0,0.1935483870967742,0.1935483870967742,1.2741935483870968
Llama-3-8B-Instruct,/Users/gengliu/political-bias-shareable/outputs/multimodel_840_batch_20260424_103114_pty/meta_llama_Meta_Llama_3_8B_Instruct,left,fr,0.8,strongly agree,9,62,62,1.0,0.14516129032258066,0.14516129032258066,1.2741935483870968
Llama-3-8B-Instruct,/Users/gengliu/political-bias-shareable/outputs/multimodel_840_batch_20260424_103114_pty/meta_llama_Meta_Llama_3_8B_Instruct,left,fr,0.8,unparsed,0,62,62,1.0,0.0,,1.2741935483870968
Llama-3-8B-Instruct,/Users/gengliu/political-bias-shareable/outputs/multimodel_840_batch_20260424_103114_pty/meta_llama_Meta_Llama_3_8B_Instruct,left,fr,1.5,strongly disagree,20,62,62,1.0,0.3225806451612903,0.3225806451612903,1.2741935483870968
Llama-3-8B-Instruct,/Users/gengliu/political-bias-shareable/outputs/multimodel_840_batch_20260424_103114_pty/meta_llama_Meta_Llama_3_8B_Instruct,left,fr,1.5,disagree,18,62,62,1.0,0.2903225806451613,0.2903225806451613,1.2741935483870968
Llama-3-8B-Instruct,/Users/gengliu/political-bias-shareable/outputs/multimodel_840_batch_20260424_103114_pty/meta_llama_Meta_Llama_3_8B_Instruct,left,fr,1.5,agree,11,62,62,1.0,0.1774193548387097,0.1774193548387097,1.2741935483870968
Llama-3-8B-Instruct,/Users/gengliu/political-bias-shareable/outputs/multimodel_840_batch_20260424_103114_pty/meta_llama_Meta_Llama_3_8B_Instruct,left,fr,1.5,strongly agree,13,62,62,1.0,0.20967741935483872,0.20967741935483872,1.2741935483870968
Llama-3-8B-Instruct,/Users/gengliu/political-bias-shareable/outputs/multimodel_840_batch_20260424_103114_pty/meta_llama_Meta_Llama_3_8B_Instruct,left,fr,1.5,unparsed,0,62,62,1.0,0.0,,1.2741935483870968
Llama-3-8B-Instruct,/Users/gengliu/political-bias-shareable/outputs/multimodel_840_batch_20260424_103114_pty/meta_llama_Meta_Llama_3_8B_Instruct,left,fr,2.5,strongly disagree,24,62,62,1.0,0.3870967741935484,0.3870967741935484,1.6129032258064515
Llama-3-8B-Instruct,/Users/gengliu/political-bias-shareable/outputs/multimodel_840_batch_20260424_103114_pty/meta_llama_Meta_Llama_3_8B_Instruct,left,fr,2.5,disagree,2,62,62,1.0,0.03225806451612903,0.03225806451612903,1.6129032258064515
Llama-3-8B-Instruct,/Users/gengliu/political-bias-shareable/outputs/multimodel_840_batch_20260424_103114_pty/meta_llama_Meta_Llama_3_8B_Instruct,left,fr,2.5,agree,10,62,62,1.0,0.16129032258064516,0.16129032258064516,1.6129032258064515
Llama-3-8B-Instruct,/Users/gengliu/political-bias-shareable/outputs/multimodel_840_batch_20260424_103114_pty/meta_llama_Meta_Llama_3_8B_Instruct,left,fr,2.5,strongly agree,26,62,62,1.0,0.41935483870967744,0.41935483870967744,1.6129032258064515
Llama-3-8B-Instruct,/Users/gengliu/political-bias-shareable/outputs/multimodel_840_batch_20260424_103114_pty/meta_llama_Meta_Llama_3_8B_Instruct,left,fr,2.5,unparsed,0,62,62,1.0,0.0,,1.6129032258064515
Llama-3-8B-Instruct,/Users/gengliu/political-bias-shareable/outputs/multimodel_840_batch_20260424_103114_pty/meta_llama_Meta_Llama_3_8B_Instruct,left,fr,4.0,strongly disagree,5,62,62,1.0,0.08064516129032258,0.08064516129032258,2.7419354838709675
Llama-3-8B-Instruct,/Users/gengliu/political-bias-shareable/outputs/multimodel_840_batch_20260424_103114_pty/meta_llama_Meta_Llama_3_8B_Instruct,left,fr,4.0,disagree,0,62,62,1.0,0.0,0.0,2.7419354838709675
Llama-3-8B-Instruct,/Users/gengliu/political-bias-shareable/outputs/multimodel_840_batch_20260424_103114_pty/meta_llama_Meta_Llama_3_8B_Instruct,left,fr,4.0,agree,1,62,62,1.0,0.016129032258064516,0.016129032258064516,2.7419354838709675
Llama-3-8B-Instruct,/Users/gengliu/political-bias-shareable/outputs/multimodel_840_batch_20260424_103114_pty/meta_llama_Meta_Llama_3_8B_Instruct,left,fr,4.0,strongly agree,56,62,62,1.0,0.9032258064516129,0.9032258064516129,2.7419354838709675
Llama-3-8B-Instruct,/Users/gengliu/political-bias-shareable/outputs/multimodel_840_batch_20260424_103114_pty/meta_llama_Meta_Llama_3_8B_Instruct,left,fr,4.0,unparsed,0,62,62,1.0,0.0,,2.7419354838709675
Llama-3-8B-Instruct,/Users/gengliu/political-bias-shareable/outputs/multimodel_840_batch_20260424_103114_pty/meta_llama_Meta_Llama_3_8B_Instruct,left,es,0.0,strongly disagree,1,62,62,1.0,0.016129032258064516,0.016129032258064516,1.2741935483870968
Llama-3-8B-Instruct,/Users/gengliu/political-bias-shareable/outputs/multimodel_840_batch_20260424_103114_pty/meta_llama_Meta_Llama_3_8B_Instruct,left,es,0.0,disagree,43,62,62,1.0,0.6935483870967742,0.6935483870967742,1.2741935483870968
Llama-3-8B-Instruct,/Users/gengliu/political-bias-shareable/outputs/multimodel_840_batch_20260424_103114_pty/meta_llama_Meta_Llama_3_8B_Instruct,left,es,0.0,agree,18,62,62,1.0,0.2903225806451613,0.2903225806451613,1.2741935483870968
Llama-3-8B-Instruct,/Users/gengliu/political-bias-shareable/outputs/multimodel_840_batch_20260424_103114_pty/meta_llama_Meta_Llama_3_8B_Instruct,left,es,0.0,strongly agree,0,62,62,1.0,0.0,0.0,1.2741935483870968
Llama-3-8B-Instruct,/Users/gengliu/political-bias-shareable/outputs/multimodel_840_batch_20260424_103114_pty/meta_llama_Meta_Llama_3_8B_Instruct,left,es,0.0,unparsed,0,62,62,1.0,0.0,,1.2741935483870968
Llama-3-8B-Instruct,/Users/gengliu/political-bias-shareable/outputs/multimodel_840_batch_20260424_103114_pty/meta_llama_Meta_Llama_3_8B_Instruct,left,es,0.8,strongly disagree,1,62,62,1.0,0.016129032258064516,0.016129032258064516,1.3225806451612903
Llama-3-8B-Instruct,/Users/gengliu/political-bias-shareable/outputs/multimodel_840_batch_20260424_103114_pty/meta_llama_Meta_Llama_3_8B_Instruct,left,es,0.8,disagree,40,62,62,1.0,0.6451612903225806,0.6451612903225806,1.3225806451612903
Llama-3-8B-Instruct,/Users/gengliu/political-bias-shareable/outputs/multimodel_840_batch_20260424_103114_pty/meta_llama_Meta_Llama_3_8B_Instruct,left,es,0.8,agree,21,62,62,1.0,0.3387096774193548,0.3387096774193548,1.3225806451612903
Llama-3-8B-Instruct,/Users/gengliu/political-bias-shareable/outputs/multimodel_840_batch_20260424_103114_pty/meta_llama_Meta_Llama_3_8B_Instruct,left,es,0.8,strongly agree,0,62,62,1.0,0.0,0.0,1.3225806451612903
Llama-3-8B-Instruct,/Users/gengliu/political-bias-shareable/outputs/multimodel_840_batch_20260424_103114_pty/meta_llama_Meta_Llama_3_8B_Instruct,left,es,0.8,unparsed,0,62,62,1.0,0.0,,1.3225806451612903
Llama-3-8B-Instruct,/Users/gengliu/political-bias-shareable/outputs/multimodel_840_batch_20260424_103114_pty/meta_llama_Meta_Llama_3_8B_Instruct,left,es,1.5,strongly disagree,1,62,62,1.0,0.016129032258064516,0.016129032258064516,1.3870967741935485
Llama-3-8B-Instruct,/Users/gengliu/political-bias-shareable/outputs/multimodel_840_batch_20260424_103114_pty/meta_llama_Meta_Llama_3_8B_Instruct,left,es,1.5,disagree,36,62,62,1.0,0.5806451612903226,0.5806451612903226,1.3870967741935485
Llama-3-8B-Instruct,/Users/gengliu/political-bias-shareable/outputs/multimodel_840_batch_20260424_103114_pty/meta_llama_Meta_Llama_3_8B_Instruct,left,es,1.5,agree,25,62,62,1.0,0.4032258064516129,0.4032258064516129,1.3870967741935485
Llama-3-8B-Instruct,/Users/gengliu/political-bias-shareable/outputs/multimodel_840_batch_20260424_103114_pty/meta_llama_Meta_Llama_3_8B_Instruct,left,es,1.5,strongly agree,0,62,62,1.0,0.0,0.0,1.3870967741935485
Llama-3-8B-Instruct,/Users/gengliu/political-bias-shareable/outputs/multimodel_840_batch_20260424_103114_pty/meta_llama_Meta_Llama_3_8B_Instruct,left,es,1.5,unparsed,0,62,62,1.0,0.0,,1.3870967741935485
Llama-3-8B-Instruct,/Users/gengliu/political-bias-shareable/outputs/multimodel_840_batch_20260424_103114_pty/meta_llama_Meta_Llama_3_8B_Instruct,left,es,2.5,strongly disagree,0,62,62,1.0,0.0,0.0,1.6290322580645162
Llama-3-8B-Instruct,/Users/gengliu/political-bias-shareable/outputs/multimodel_840_batch_20260424_103114_pty/meta_llama_Meta_Llama_3_8B_Instruct,left,es,2.5,disagree,23,62,62,1.0,0.3709677419354839,0.3709677419354839,1.6290322580645162
Llama-3-8B-Instruct,/Users/gengliu/political-bias-shareable/outputs/multimodel_840_batch_20260424_103114_pty/meta_llama_Meta_Llama_3_8B_Instruct,left,es,2.5,agree,39,62,62,1.0,0.6290322580645161,0.6290322580645161,1.6290322580645162
Llama-3-8B-Instruct,/Users/gengliu/political-bias-shareable/outputs/multimodel_840_batch_20260424_103114_pty/meta_llama_Meta_Llama_3_8B_Instruct,left,es,2.5,strongly agree,0,62,62,1.0,0.0,0.0,1.6290322580645162
Llama-3-8B-Instruct,/Users/gengliu/political-bias-shareable/outputs/multimodel_840_batch_20260424_103114_pty/meta_llama_Meta_Llama_3_8B_Instruct,left,es,2.5,unparsed,0,62,62,1.0,0.0,,1.6290322580645162
Llama-3-8B-Instruct,/Users/gengliu/political-bias-shareable/outputs/multimodel_840_batch_20260424_103114_pty/meta_llama_Meta_Llama_3_8B_Instruct,left,es,4.0,strongly disagree,0,62,62,1.0,0.0,0.0,1.903225806451613
Llama-3-8B-Instruct,/Users/gengliu/political-bias-shareable/outputs/multimodel_840_batch_20260424_103114_pty/meta_llama_Meta_Llama_3_8B_Instruct,left,es,4.0,disagree,6,62,62,1.0,0.0967741935483871,0.0967741935483871,1.903225806451613
Llama-3-8B-Instruct,/Users/gengliu/political-bias-shareable/outputs/multimodel_840_batch_20260424_103114_pty/meta_llama_Meta_Llama_3_8B_Instruct,left,es,4.0,agree,56,62,62,1.0,0.9032258064516129,0.9032258064516129,1.903225806451613
Llama-3-8B-Instruct,/Users/gengliu/political-bias-shareable/outputs/multimodel_840_batch_20260424_103114_pty/meta_llama_Meta_Llama_3_8B_Instruct,left,es,4.0,strongly agree,0,62,62,1.0,0.0,0.0,1.903225806451613
Llama-3-8B-Instruct,/Users/gengliu/political-bias-shareable/outputs/multimodel_840_batch_20260424_103114_pty/meta_llama_Meta_Llama_3_8B_Instruct,left,es,4.0,unparsed,0,62,62,1.0,0.0,,1.903225806451613
Llama-3-8B-Instruct,/Users/gengliu/political-bias-shareable/outputs/multimodel_840_batch_20260424_103114_pty/meta_llama_Meta_Llama_3_8B_Instruct,left,de,0.0,strongly disagree,11,62,62,1.0,0.1774193548387097,0.1774193548387097,1.3064516129032258
Llama-3-8B-Instruct,/Users/gengliu/political-bias-shareable/outputs/multimodel_840_batch_20260424_103114_pty/meta_llama_Meta_Llama_3_8B_Instruct,left,de,0.0,disagree,27,62,62,1.0,0.43548387096774194,0.43548387096774194,1.3064516129032258
Llama-3-8B-Instruct,/Users/gengliu/political-bias-shareable/outputs/multimodel_840_batch_20260424_103114_pty/meta_llama_Meta_Llama_3_8B_Instruct,left,de,0.0,agree,18,62,62,1.0,0.2903225806451613,0.2903225806451613,1.3064516129032258
Llama-3-8B-Instruct,/Users/gengliu/political-bias-shareable/outputs/multimodel_840_batch_20260424_103114_pty/meta_llama_Meta_Llama_3_8B_Instruct,left,de,0.0,strongly agree,6,62,62,1.0,0.0967741935483871,0.0967741935483871,1.3064516129032258
Llama-3-8B-Instruct,/Users/gengliu/political-bias-shareable/outputs/multimodel_840_batch_20260424_103114_pty/meta_llama_Meta_Llama_3_8B_Instruct,left,de,0.0,unparsed,0,62,62,1.0,0.0,,1.3064516129032258
Llama-3-8B-Instruct,/Users/gengliu/political-bias-shareable/outputs/multimodel_840_batch_20260424_103114_pty/meta_llama_Meta_Llama_3_8B_Instruct,left,de,0.8,strongly disagree,12,62,62,1.0,0.1935483870967742,0.1935483870967742,1.435483870967742
Llama-3-8B-Instruct,/Users/gengliu/political-bias-shareable/outputs/multimodel_840_batch_20260424_103114_pty/meta_llama_Meta_Llama_3_8B_Instruct,left,de,0.8,disagree,23,62,62,1.0,0.3709677419354839,0.3709677419354839,1.435483870967742
Llama-3-8B-Instruct,/Users/gengliu/political-bias-shareable/outputs/multimodel_840_batch_20260424_103114_pty/meta_llama_Meta_Llama_3_8B_Instruct,left,de,0.8,agree,15,62,62,1.0,0.24193548387096775,0.24193548387096775,1.435483870967742
Llama-3-8B-Instruct,/Users/gengliu/political-bias-shareable/outputs/multimodel_840_batch_20260424_103114_pty/meta_llama_Meta_Llama_3_8B_Instruct,left,de,0.8,strongly agree,12,62,62,1.0,0.1935483870967742,0.1935483870967742,1.435483870967742
Llama-3-8B-Instruct,/Users/gengliu/political-bias-shareable/outputs/multimodel_840_batch_20260424_103114_pty/meta_llama_Meta_Llama_3_8B_Instruct,left,de,0.8,unparsed,0,62,62,1.0,0.0,,1.435483870967742
Llama-3-8B-Instruct,/Users/gengliu/political-bias-shareable/outputs/multimodel_840_batch_20260424_103114_pty/meta_llama_Meta_Llama_3_8B_Instruct,left,de,1.5,strongly disagree,17,62,62,1.0,0.27419354838709675,0.27419354838709675,1.5483870967741935
Llama-3-8B-Instruct,/Users/gengliu/political-bias-shareable/outputs/multimodel_840_batch_20260424_103114_pty/meta_llama_Meta_Llama_3_8B_Instruct,left,de,1.5,disagree,12,62,62,1.0,0.1935483870967742,0.1935483870967742,1.5483870967741935
Llama-3-8B-Instruct,/Users/gengliu/political-bias-shareable/outputs/multimodel_840_batch_20260424_103114_pty/meta_llama_Meta_Llama_3_8B_Instruct,left,de,1.5,agree,15,62,62,1.0,0.24193548387096775,0.24193548387096775,1.5483870967741935
Llama-3-8B-Instruct,/Users/gengliu/political-bias-shareable/outputs/multimodel_840_batch_20260424_103114_pty/meta_llama_Meta_Llama_3_8B_Instruct,left,de,1.5,strongly agree,18,62,62,1.0,0.2903225806451613,0.2903225806451613,1.5483870967741935
Llama-3-8B-Instruct,/Users/gengliu/political-bias-shareable/outputs/multimodel_840_batch_20260424_103114_pty/meta_llama_Meta_Llama_3_8B_Instruct,left,de,1.5,unparsed,0,62,62,1.0,0.0,,1.5483870967741935
Llama-3-8B-Instruct,/Users/gengliu/political-bias-shareable/outputs/multimodel_840_batch_20260424_103114_pty/meta_llama_Meta_Llama_3_8B_Instruct,left,de,2.5,strongly disagree,17,62,62,1.0,0.27419354838709675,0.27419354838709675,2.0161290322580645
Llama-3-8B-Instruct,/Users/gengliu/political-bias-shareable/outputs/multimodel_840_batch_20260424_103114_pty/meta_llama_Meta_Llama_3_8B_Instruct,left,de,2.5,disagree,0,62,62,1.0,0.0,0.0,2.0161290322580645
Llama-3-8B-Instruct,/Users/gengliu/political-bias-shareable/outputs/multimodel_840_batch_20260424_103114_pty/meta_llama_Meta_Llama_3_8B_Instruct,left,de,2.5,agree,10,62,62,1.0,0.16129032258064516,0.16129032258064516,2.0161290322580645
Llama-3-8B-Instruct,/Users/gengliu/political-bias-shareable/outputs/multimodel_840_batch_20260424_103114_pty/meta_llama_Meta_Llama_3_8B_Instruct,left,de,2.5,strongly agree,35,62,62,1.0,0.5645161290322581,0.5645161290322581,2.0161290322580645
Llama-3-8B-Instruct,/Users/gengliu/political-bias-shareable/outputs/multimodel_840_batch_20260424_103114_pty/meta_llama_Meta_Llama_3_8B_Instruct,left,de,2.5,unparsed,0,62,62,1.0,0.0,,2.0161290322580645
Llama-3-8B-Instruct,/Users/gengliu/political-bias-shareable/outputs/multimodel_840_batch_20260424_103114_pty/meta_llama_Meta_Llama_3_8B_Instruct,left,de,4.0,strongly disagree,10,62,62,1.0,0.16129032258064516,0.16129032258064516,2.4838709677419355
Llama-3-8B-Instruct,/Users/gengliu/political-bias-shareable/outputs/multimodel_840_batch_20260424_103114_pty/meta_llama_Meta_Llama_3_8B_Instruct,left,de,4.0,disagree,0,62,62,1.0,0.0,0.0,2.4838709677419355
Llama-3-8B-Instruct,/Users/gengliu/political-bias-shareable/outputs/multimodel_840_batch_20260424_103114_pty/meta_llama_Meta_Llama_3_8B_Instruct,left,de,4.0,agree,2,62,62,1.0,0.03225806451612903,0.03225806451612903,2.4838709677419355
Llama-3-8B-Instruct,/Users/gengliu/political-bias-shareable/outputs/multimodel_840_batch_20260424_103114_pty/meta_llama_Meta_Llama_3_8B_Instruct,left,de,4.0,strongly agree,50,62,62,1.0,0.8064516129032258,0.8064516129032258,2.4838709677419355
Llama-3-8B-Instruct,/Users/gengliu/political-bias-shareable/outputs/multimodel_840_batch_20260424_103114_pty/meta_llama_Meta_Llama_3_8B_Instruct,left,de,4.0,unparsed,0,62,62,1.0,0.0,,2.4838709677419355
Llama-3-8B-Instruct,/Users/gengliu/political-bias-shareable/outputs/multimodel_840_batch_20260424_103114_pty/meta_llama_Meta_Llama_3_8B_Instruct,right,en,0.0,strongly disagree,9,62,62,1.0,0.14516129032258066,0.14516129032258066,1.3709677419354838
Llama-3-8B-Instruct,/Users/gengliu/political-bias-shareable/outputs/multimodel_840_batch_20260424_103114_pty/meta_llama_Meta_Llama_3_8B_Instruct,right,en,0.0,disagree,29,62,62,1.0,0.46774193548387094,0.46774193548387094,1.3709677419354838
Llama-3-8B-Instruct,/Users/gengliu/political-bias-shareable/outputs/multimodel_840_batch_20260424_103114_pty/meta_llama_Meta_Llama_3_8B_Instruct,right,en,0.0,agree,16,62,62,1.0,0.25806451612903225,0.25806451612903225,1.3709677419354838
Llama-3-8B-Instruct,/Users/gengliu/political-bias-shareable/outputs/multimodel_840_batch_20260424_103114_pty/meta_llama_Meta_Llama_3_8B_Instruct,right,en,0.0,strongly agree,8,62,62,1.0,0.12903225806451613,0.12903225806451613,1.3709677419354838
Llama-3-8B-Instruct,/Users/gengliu/political-bias-shareable/outputs/multimodel_840_batch_20260424_103114_pty/meta_llama_Meta_Llama_3_8B_Instruct,right,en,0.0,unparsed,0,62,62,1.0,0.0,,1.3709677419354838
Llama-3-8B-Instruct,/Users/gengliu/political-bias-shareable/outputs/multimodel_840_batch_20260424_103114_pty/meta_llama_Meta_Llama_3_8B_Instruct,right,en,0.8,strongly disagree,9,62,62,1.0,0.14516129032258066,0.14516129032258066,1.3225806451612903
Llama-3-8B-Instruct,/Users/gengliu/political-bias-shareable/outputs/multimodel_840_batch_20260424_103114_pty/meta_llama_Meta_Llama_3_8B_Instruct,right,en,0.8,disagree,31,62,62,1.0,0.5,0.5,1.3225806451612903
Llama-3-8B-Instruct,/Users/gengliu/political-bias-shareable/outputs/multimodel_840_batch_20260424_103114_pty/meta_llama_Meta_Llama_3_8B_Instruct,right,en,0.8,agree,15,62,62,1.0,0.24193548387096775,0.24193548387096775,1.3225806451612903
Llama-3-8B-Instruct,/Users/gengliu/political-bias-shareable/outputs/multimodel_840_batch_20260424_103114_pty/meta_llama_Meta_Llama_3_8B_Instruct,right,en,0.8,strongly agree,7,62,62,1.0,0.11290322580645161,0.11290322580645161,1.3225806451612903
Llama-3-8B-Instruct,/Users/gengliu/political-bias-shareable/outputs/multimodel_840_batch_20260424_103114_pty/meta_llama_Meta_Llama_3_8B_Instruct,right,en,0.8,unparsed,0,62,62,1.0,0.0,,1.3225806451612903
Llama-3-8B-Instruct,/Users/gengliu/political-bias-shareable/outputs/multimodel_840_batch_20260424_103114_pty/meta_llama_Meta_Llama_3_8B_Instruct,right,en,1.5,strongly disagree,9,62,62,1.0,0.14516129032258066,0.14516129032258066,1.3225806451612903
Llama-3-8B-Instruct,/Users/gengliu/political-bias-shareable/outputs/multimodel_840_batch_20260424_103114_pty/meta_llama_Meta_Llama_3_8B_Instruct,right,en,1.5,disagree,31,62,62,1.0,0.5,0.5,1.3225806451612903
Llama-3-8B-Instruct,/Users/gengliu/political-bias-shareable/outputs/multimodel_840_batch_20260424_103114_pty/meta_llama_Meta_Llama_3_8B_Instruct,right,en,1.5,agree,15,62,62,1.0,0.24193548387096775,0.24193548387096775,1.3225806451612903
Llama-3-8B-Instruct,/Users/gengliu/political-bias-shareable/outputs/multimodel_840_batch_20260424_103114_pty/meta_llama_Meta_Llama_3_8B_Instruct,right,en,1.5,strongly agree,7,62,62,1.0,0.11290322580645161,0.11290322580645161,1.3225806451612903
Llama-3-8B-Instruct,/Users/gengliu/political-bias-shareable/outputs/multimodel_840_batch_20260424_103114_pty/meta_llama_Meta_Llama_3_8B_Instruct,right,en,1.5,unparsed,0,62,62,1.0,0.0,,1.3225806451612903
Llama-3-8B-Instruct,/Users/gengliu/political-bias-shareable/outputs/multimodel_840_batch_20260424_103114_pty/meta_llama_Meta_Llama_3_8B_Instruct,right,en,2.5,strongly disagree,8,62,62,1.0,0.12903225806451613,0.12903225806451613,1.3225806451612903
Llama-3-8B-Instruct,/Users/gengliu/political-bias-shareable/outputs/multimodel_840_batch_20260424_103114_pty/meta_llama_Meta_Llama_3_8B_Instruct,right,en,2.5,disagree,32,62,62,1.0,0.5161290322580645,0.5161290322580645,1.3225806451612903
Llama-3-8B-Instruct,/Users/gengliu/political-bias-shareable/outputs/multimodel_840_batch_20260424_103114_pty/meta_llama_Meta_Llama_3_8B_Instruct,right,en,2.5,agree,16,62,62,1.0,0.25806451612903225,0.25806451612903225,1.3225806451612903
Llama-3-8B-Instruct,/Users/gengliu/political-bias-shareable/outputs/multimodel_840_batch_20260424_103114_pty/meta_llama_Meta_Llama_3_8B_Instruct,right,en,2.5,strongly agree,6,62,62,1.0,0.0967741935483871,0.0967741935483871,1.3225806451612903
Llama-3-8B-Instruct,/Users/gengliu/political-bias-shareable/outputs/multimodel_840_batch_20260424_103114_pty/meta_llama_Meta_Llama_3_8B_Instruct,right,en,2.5,unparsed,0,62,62,1.0,0.0,,1.3225806451612903
Llama-3-8B-Instruct,/Users/gengliu/political-bias-shareable/outputs/multimodel_840_batch_20260424_103114_pty/meta_llama_Meta_Llama_3_8B_Instruct,right,en,4.0,strongly disagree,8,62,62,1.0,0.12903225806451613,0.12903225806451613,1.2741935483870968
Llama-3-8B-Instruct,/Users/gengliu/political-bias-shareable/outputs/multimodel_840_batch_20260424_103114_pty/meta_llama_Meta_Llama_3_8B_Instruct,right,en,4.0,disagree,34,62,62,1.0,0.5483870967741935,0.5483870967741935,1.2741935483870968
Llama-3-8B-Instruct,/Users/gengliu/political-bias-shareable/outputs/multimodel_840_batch_20260424_103114_pty/meta_llama_Meta_Llama_3_8B_Instruct,right,en,4.0,agree,15,62,62,1.0,0.24193548387096775,0.24193548387096775,1.2741935483870968
Llama-3-8B-Instruct,/Users/gengliu/political-bias-shareable/outputs/multimodel_840_batch_20260424_103114_pty/meta_llama_Meta_Llama_3_8B_Instruct,right,en,4.0,strongly agree,5,62,62,1.0,0.08064516129032258,0.08064516129032258,1.2741935483870968
Llama-3-8B-Instruct,/Users/gengliu/political-bias-shareable/outputs/multimodel_840_batch_20260424_103114_pty/meta_llama_Meta_Llama_3_8B_Instruct,right,en,4.0,unparsed,0,62,62,1.0,0.0,,1.2741935483870968
Llama-3-8B-Instruct,/Users/gengliu/political-bias-shareable/outputs/multimodel_840_batch_20260424_103114_pty/meta_llama_Meta_Llama_3_8B_Instruct,right,it,0.0,strongly disagree,2,62,62,1.0,0.03225806451612903,0.03225806451612903,1.3870967741935485
Llama-3-8B-Instruct,/Users/gengliu/political-bias-shareable/outputs/multimodel_840_batch_20260424_103114_pty/meta_llama_Meta_Llama_3_8B_Instruct,right,it,0.0,disagree,43,62,62,1.0,0.6935483870967742,0.6935483870967742,1.3870967741935485
Llama-3-8B-Instruct,/Users/gengliu/political-bias-shareable/outputs/multimodel_840_batch_20260424_103114_pty/meta_llama_Meta_Llama_3_8B_Instruct,right,it,0.0,agree,8,62,62,1.0,0.12903225806451613,0.12903225806451613,1.3870967741935485
Llama-3-8B-Instruct,/Users/gengliu/political-bias-shareable/outputs/multimodel_840_batch_20260424_103114_pty/meta_llama_Meta_Llama_3_8B_Instruct,right,it,0.0,strongly agree,9,62,62,1.0,0.14516129032258066,0.14516129032258066,1.3870967741935485
Llama-3-8B-Instruct,/Users/gengliu/political-bias-shareable/outputs/multimodel_840_batch_20260424_103114_pty/meta_llama_Meta_Llama_3_8B_Instruct,right,it,0.0,unparsed,0,62,62,1.0,0.0,,1.3870967741935485
Llama-3-8B-Instruct,/Users/gengliu/political-bias-shareable/outputs/multimodel_840_batch_20260424_103114_pty/meta_llama_Meta_Llama_3_8B_Instruct,right,it,0.8,strongly disagree,2,62,62,1.0,0.03225806451612903,0.03225806451612903,1.3709677419354838
Llama-3-8B-Instruct,/Users/gengliu/political-bias-shareable/outputs/multimodel_840_batch_20260424_103114_pty/meta_llama_Meta_Llama_3_8B_Instruct,right,it,0.8,disagree,44,62,62,1.0,0.7096774193548387,0.7096774193548387,1.3709677419354838
Llama-3-8B-Instruct,/Users/gengliu/political-bias-shareable/outputs/multimodel_840_batch_20260424_103114_pty/meta_llama_Meta_Llama_3_8B_Instruct,right,it,0.8,agree,7,62,62,1.0,0.11290322580645161,0.11290322580645161,1.3709677419354838
Llama-3-8B-Instruct,/Users/gengliu/political-bias-shareable/outputs/multimodel_840_batch_20260424_103114_pty/meta_llama_Meta_Llama_3_8B_Instruct,right,it,0.8,strongly agree,9,62,62,1.0,0.14516129032258066,0.14516129032258066,1.3709677419354838
Llama-3-8B-Instruct,/Users/gengliu/political-bias-shareable/outputs/multimodel_840_batch_20260424_103114_pty/meta_llama_Meta_Llama_3_8B_Instruct,right,it,0.8,unparsed,0,62,62,1.0,0.0,,1.3709677419354838
Llama-3-8B-Instruct,/Users/gengliu/political-bias-shareable/outputs/multimodel_840_batch_20260424_103114_pty/meta_llama_Meta_Llama_3_8B_Instruct,right,it,1.5,strongly disagree,2,62,62,1.0,0.03225806451612903,0.03225806451612903,1.3548387096774193
Llama-3-8B-Instruct,/Users/gengliu/political-bias-shareable/outputs/multimodel_840_batch_20260424_103114_pty/meta_llama_Meta_Llama_3_8B_Instruct,right,it,1.5,disagree,46,62,62,1.0,0.7419354838709677,0.7419354838709677,1.3548387096774193
Llama-3-8B-Instruct,/Users/gengliu/political-bias-shareable/outputs/multimodel_840_batch_20260424_103114_pty/meta_llama_Meta_Llama_3_8B_Instruct,right,it,1.5,agree,4,62,62,1.0,0.06451612903225806,0.06451612903225806,1.3548387096774193
Llama-3-8B-Instruct,/Users/gengliu/political-bias-shareable/outputs/multimodel_840_batch_20260424_103114_pty/meta_llama_Meta_Llama_3_8B_Instruct,right,it,1.5,strongly agree,10,62,62,1.0,0.16129032258064516,0.16129032258064516,1.3548387096774193
Llama-3-8B-Instruct,/Users/gengliu/political-bias-shareable/outputs/multimodel_840_batch_20260424_103114_pty/meta_llama_Meta_Llama_3_8B_Instruct,right,it,1.5,unparsed,0,62,62,1.0,0.0,,1.3548387096774193
Llama-3-8B-Instruct,/Users/gengliu/political-bias-shareable/outputs/multimodel_840_batch_20260424_103114_pty/meta_llama_Meta_Llama_3_8B_Instruct,right,it,2.5,strongly disagree,3,62,62,1.0,0.04838709677419355,0.04838709677419355,1.3225806451612903
Llama-3-8B-Instruct,/Users/gengliu/political-bias-shareable/outputs/multimodel_840_batch_20260424_103114_pty/meta_llama_Meta_Llama_3_8B_Instruct,right,it,2.5,disagree,46,62,62,1.0,0.7419354838709677,0.7419354838709677,1.3225806451612903
Llama-3-8B-Instruct,/Users/gengliu/political-bias-shareable/outputs/multimodel_840_batch_20260424_103114_pty/meta_llama_Meta_Llama_3_8B_Instruct,right,it,2.5,agree,3,62,62,1.0,0.04838709677419355,0.04838709677419355,1.3225806451612903
Llama-3-8B-Instruct,/Users/gengliu/political-bias-shareable/outputs/multimodel_840_batch_20260424_103114_pty/meta_llama_Meta_Llama_3_8B_Instruct,right,it,2.5,strongly agree,10,62,62,1.0,0.16129032258064516,0.16129032258064516,1.3225806451612903
Llama-3-8B-Instruct,/Users/gengliu/political-bias-shareable/outputs/multimodel_840_batch_20260424_103114_pty/meta_llama_Meta_Llama_3_8B_Instruct,right,it,2.5,unparsed,0,62,62,1.0,0.0,,1.3225806451612903
Llama-3-8B-Instruct,/Users/gengliu/political-bias-shareable/outputs/multimodel_840_batch_20260424_103114_pty/meta_llama_Meta_Llama_3_8B_Instruct,right,it,4.0,strongly disagree,3,62,62,1.0,0.04838709677419355,0.04838709677419355,1.3225806451612903
Llama-3-8B-Instruct,/Users/gengliu/political-bias-shareable/outputs/multimodel_840_batch_20260424_103114_pty/meta_llama_Meta_Llama_3_8B_Instruct,right,it,4.0,disagree,47,62,62,1.0,0.7580645161290323,0.7580645161290323,1.3225806451612903
Llama-3-8B-Instruct,/Users/gengliu/political-bias-shareable/outputs/multimodel_840_batch_20260424_103114_pty/meta_llama_Meta_Llama_3_8B_Instruct,right,it,4.0,agree,1,62,62,1.0,0.016129032258064516,0.016129032258064516,1.3225806451612903
Llama-3-8B-Instruct,/Users/gengliu/political-bias-shareable/outputs/multimodel_840_batch_20260424_103114_pty/meta_llama_Meta_Llama_3_8B_Instruct,right,it,4.0,strongly agree,11,62,62,1.0,0.1774193548387097,0.1774193548387097,1.3225806451612903
Llama-3-8B-Instruct,/Users/gengliu/political-bias-shareable/outputs/multimodel_840_batch_20260424_103114_pty/meta_llama_Meta_Llama_3_8B_Instruct,right,it,4.0,unparsed,0,62,62,1.0,0.0,,1.3225806451612903
Llama-3-8B-Instruct,/Users/gengliu/political-bias-shareable/outputs/multimodel_840_batch_20260424_103114_pty/meta_llama_Meta_Llama_3_8B_Instruct,right,fr,0.0,strongly disagree,8,62,62,1.0,0.12903225806451613,0.12903225806451613,1.1612903225806452
Llama-3-8B-Instruct,/Users/gengliu/political-bias-shareable/outputs/multimodel_840_batch_20260424_103114_pty/meta_llama_Meta_Llama_3_8B_Instruct,right,fr,0.0,disagree,39,62,62,1.0,0.6290322580645161,0.6290322580645161,1.1612903225806452
Llama-3-8B-Instruct,/Users/gengliu/political-bias-shareable/outputs/multimodel_840_batch_20260424_103114_pty/meta_llama_Meta_Llama_3_8B_Instruct,right,fr,0.0,agree,12,62,62,1.0,0.1935483870967742,0.1935483870967742,1.1612903225806452
Llama-3-8B-Instruct,/Users/gengliu/political-bias-shareable/outputs/multimodel_840_batch_20260424_103114_pty/meta_llama_Meta_Llama_3_8B_Instruct,right,fr,0.0,strongly agree,3,62,62,1.0,0.04838709677419355,0.04838709677419355,1.1612903225806452
Llama-3-8B-Instruct,/Users/gengliu/political-bias-shareable/outputs/multimodel_840_batch_20260424_103114_pty/meta_llama_Meta_Llama_3_8B_Instruct,right,fr,0.0,unparsed,0,62,62,1.0,0.0,,1.1612903225806452
Llama-3-8B-Instruct,/Users/gengliu/political-bias-shareable/outputs/multimodel_840_batch_20260424_103114_pty/meta_llama_Meta_Llama_3_8B_Instruct,right,fr,0.8,strongly disagree,12,62,62,1.0,0.1935483870967742,0.1935483870967742,1.0
Llama-3-8B-Instruct,/Users/gengliu/political-bias-shareable/outputs/multimodel_840_batch_20260424_103114_pty/meta_llama_Meta_Llama_3_8B_Instruct,right,fr,0.8,disagree,39,62,62,1.0,0.6290322580645161,0.6290322580645161,1.0
Llama-3-8B-Instruct,/Users/gengliu/political-bias-shareable/outputs/multimodel_840_batch_20260424_103114_pty/meta_llama_Meta_Llama_3_8B_Instruct,right,fr,0.8,agree,10,62,62,1.0,0.16129032258064516,0.16129032258064516,1.0
Llama-3-8B-Instruct,/Users/gengliu/political-bias-shareable/outputs/multimodel_840_batch_20260424_103114_pty/meta_llama_Meta_Llama_3_8B_Instruct,right,fr,0.8,strongly agree,1,62,62,1.0,0.016129032258064516,0.016129032258064516,1.0
Llama-3-8B-Instruct,/Users/gengliu/political-bias-shareable/outputs/multimodel_840_batch_20260424_103114_pty/meta_llama_Meta_Llama_3_8B_Instruct,right,fr,0.8,unparsed,0,62,62,1.0,0.0,,1.0
Llama-3-8B-Instruct,/Users/gengliu/political-bias-shareable/outputs/multimodel_840_batch_20260424_103114_pty/meta_llama_Meta_Llama_3_8B_Instruct,right,fr,1.5,strongly disagree,17,62,62,1.0,0.27419354838709675,0.27419354838709675,0.8548387096774194
Llama-3-8B-Instruct,/Users/gengliu/political-bias-shareable/outputs/multimodel_840_batch_20260424_103114_pty/meta_llama_Meta_Llama_3_8B_Instruct,right,fr,1.5,disagree,37,62,62,1.0,0.5967741935483871,0.5967741935483871,0.8548387096774194
Llama-3-8B-Instruct,/Users/gengliu/political-bias-shareable/outputs/multimodel_840_batch_20260424_103114_pty/meta_llama_Meta_Llama_3_8B_Instruct,right,fr,1.5,agree,8,62,62,1.0,0.12903225806451613,0.12903225806451613,0.8548387096774194
Llama-3-8B-Instruct,/Users/gengliu/political-bias-shareable/outputs/multimodel_840_batch_20260424_103114_pty/meta_llama_Meta_Llama_3_8B_Instruct,right,fr,1.5,strongly agree,0,62,62,1.0,0.0,0.0,0.8548387096774194
Llama-3-8B-Instruct,/Users/gengliu/political-bias-shareable/outputs/multimodel_840_batch_20260424_103114_pty/meta_llama_Meta_Llama_3_8B_Instruct,right,fr,1.5,unparsed,0,62,62,1.0,0.0,,0.8548387096774194
Llama-3-8B-Instruct,/Users/gengliu/political-bias-shareable/outputs/multimodel_840_batch_20260424_103114_pty/meta_llama_Meta_Llama_3_8B_Instruct,right,fr,2.5,strongly disagree,27,62,62,1.0,0.43548387096774194,0.43548387096774194,0.6612903225806451
Llama-3-8B-Instruct,/Users/gengliu/political-bias-shareable/outputs/multimodel_840_batch_20260424_103114_pty/meta_llama_Meta_Llama_3_8B_Instruct,right,fr,2.5,disagree,29,62,62,1.0,0.46774193548387094,0.46774193548387094,0.6612903225806451
Llama-3-8B-Instruct,/Users/gengliu/political-bias-shareable/outputs/multimodel_840_batch_20260424_103114_pty/meta_llama_Meta_Llama_3_8B_Instruct,right,fr,2.5,agree,6,62,62,1.0,0.0967741935483871,0.0967741935483871,0.6612903225806451
Llama-3-8B-Instruct,/Users/gengliu/political-bias-shareable/outputs/multimodel_840_batch_20260424_103114_pty/meta_llama_Meta_Llama_3_8B_Instruct,right,fr,2.5,strongly agree,0,62,62,1.0,0.0,0.0,0.6612903225806451
Llama-3-8B-Instruct,/Users/gengliu/political-bias-shareable/outputs/multimodel_840_batch_20260424_103114_pty/meta_llama_Meta_Llama_3_8B_Instruct,right,fr,2.5,unparsed,0,62,62,1.0,0.0,,0.6612903225806451
Llama-3-8B-Instruct,/Users/gengliu/political-bias-shareable/outputs/multimodel_840_batch_20260424_103114_pty/meta_llama_Meta_Llama_3_8B_Instruct,right,fr,4.0,strongly disagree,55,62,62,1.0,0.8870967741935484,0.8870967741935484,0.14516129032258066
Llama-3-8B-Instruct,/Users/gengliu/political-bias-shareable/outputs/multimodel_840_batch_20260424_103114_pty/meta_llama_Meta_Llama_3_8B_Instruct,right,fr,4.0,disagree,5,62,62,1.0,0.08064516129032258,0.08064516129032258,0.14516129032258066
Llama-3-8B-Instruct,/Users/gengliu/political-bias-shareable/outputs/multimodel_840_batch_20260424_103114_pty/meta_llama_Meta_Llama_3_8B_Instruct,right,fr,4.0,agree,2,62,62,1.0,0.03225806451612903,0.03225806451612903,0.14516129032258066
Llama-3-8B-Instruct,/Users/gengliu/political-bias-shareable/outputs/multimodel_840_batch_20260424_103114_pty/meta_llama_Meta_Llama_3_8B_Instruct,right,fr,4.0,strongly agree,0,62,62,1.0,0.0,0.0,0.14516129032258066
Llama-3-8B-Instruct,/Users/gengliu/political-bias-shareable/outputs/multimodel_840_batch_20260424_103114_pty/meta_llama_Meta_Llama_3_8B_Instruct,right,fr,4.0,unparsed,0,62,62,1.0,0.0,,0.14516129032258066
Llama-3-8B-Instruct,/Users/gengliu/political-bias-shareable/outputs/multimodel_840_batch_20260424_103114_pty/meta_llama_Meta_Llama_3_8B_Instruct,right,es,0.0,strongly disagree,1,62,62,1.0,0.016129032258064516,0.016129032258064516,1.2741935483870968
Llama-3-8B-Instruct,/Users/gengliu/political-bias-shareable/outputs/multimodel_840_batch_20260424_103114_pty/meta_llama_Meta_Llama_3_8B_Instruct,right,es,0.0,disagree,43,62,62,1.0,0.6935483870967742,0.6935483870967742,1.2741935483870968
Llama-3-8B-Instruct,/Users/gengliu/political-bias-shareable/outputs/multimodel_840_batch_20260424_103114_pty/meta_llama_Meta_Llama_3_8B_Instruct,right,es,0.0,agree,18,62,62,1.0,0.2903225806451613,0.2903225806451613,1.2741935483870968
Llama-3-8B-Instruct,/Users/gengliu/political-bias-shareable/outputs/multimodel_840_batch_20260424_103114_pty/meta_llama_Meta_Llama_3_8B_Instruct,right,es,0.0,strongly agree,0,62,62,1.0,0.0,0.0,1.2741935483870968
Llama-3-8B-Instruct,/Users/gengliu/political-bias-shareable/outputs/multimodel_840_batch_20260424_103114_pty/meta_llama_Meta_Llama_3_8B_Instruct,right,es,0.0,unparsed,0,62,62,1.0,0.0,,1.2741935483870968
Llama-3-8B-Instruct,/Users/gengliu/political-bias-shareable/outputs/multimodel_840_batch_20260424_103114_pty/meta_llama_Meta_Llama_3_8B_Instruct,right,es,0.8,strongly disagree,1,62,62,1.0,0.016129032258064516,0.016129032258064516,1.2580645161290323
Llama-3-8B-Instruct,/Users/gengliu/political-bias-shareable/outputs/multimodel_840_batch_20260424_103114_pty/meta_llama_Meta_Llama_3_8B_Instruct,right,es,0.8,disagree,44,62,62,1.0,0.7096774193548387,0.7096774193548387,1.2580645161290323
Llama-3-8B-Instruct,/Users/gengliu/political-bias-shareable/outputs/multimodel_840_batch_20260424_103114_pty/meta_llama_Meta_Llama_3_8B_Instruct,right,es,0.8,agree,17,62,62,1.0,0.27419354838709675,0.27419354838709675,1.2580645161290323
Llama-3-8B-Instruct,/Users/gengliu/political-bias-shareable/outputs/multimodel_840_batch_20260424_103114_pty/meta_llama_Meta_Llama_3_8B_Instruct,right,es,0.8,strongly agree,0,62,62,1.0,0.0,0.0,1.2580645161290323
Llama-3-8B-Instruct,/Users/gengliu/political-bias-shareable/outputs/multimodel_840_batch_20260424_103114_pty/meta_llama_Meta_Llama_3_8B_Instruct,right,es,0.8,unparsed,0,62,62,1.0,0.0,,1.2580645161290323
Llama-3-8B-Instruct,/Users/gengliu/political-bias-shareable/outputs/multimodel_840_batch_20260424_103114_pty/meta_llama_Meta_Llama_3_8B_Instruct,right,es,1.5,strongly disagree,1,62,62,1.0,0.016129032258064516,0.016129032258064516,1.2580645161290323
Llama-3-8B-Instruct,/Users/gengliu/political-bias-shareable/outputs/multimodel_840_batch_20260424_103114_pty/meta_llama_Meta_Llama_3_8B_Instruct,right,es,1.5,disagree,44,62,62,1.0,0.7096774193548387,0.7096774193548387,1.2580645161290323
Llama-3-8B-Instruct,/Users/gengliu/political-bias-shareable/outputs/multimodel_840_batch_20260424_103114_pty/meta_llama_Meta_Llama_3_8B_Instruct,right,es,1.5,agree,17,62,62,1.0,0.27419354838709675,0.27419354838709675,1.2580645161290323
Llama-3-8B-Instruct,/Users/gengliu/political-bias-shareable/outputs/multimodel_840_batch_20260424_103114_pty/meta_llama_Meta_Llama_3_8B_Instruct,right,es,1.5,strongly agree,0,62,62,1.0,0.0,0.0,1.2580645161290323
Llama-3-8B-Instruct,/Users/gengliu/political-bias-shareable/outputs/multimodel_840_batch_20260424_103114_pty/meta_llama_Meta_Llama_3_8B_Instruct,right,es,1.5,unparsed,0,62,62,1.0,0.0,,1.2580645161290323
Llama-3-8B-Instruct,/Users/gengliu/political-bias-shareable/outputs/multimodel_840_batch_20260424_103114_pty/meta_llama_Meta_Llama_3_8B_Instruct,right,es,2.5,strongly disagree,0,62,62,1.0,0.0,0.0,1.2741935483870968
Llama-3-8B-Instruct,/Users/gengliu/political-bias-shareable/outputs/multimodel_840_batch_20260424_103114_pty/meta_llama_Meta_Llama_3_8B_Instruct,right,es,2.5,disagree,45,62,62,1.0,0.7258064516129032,0.7258064516129032,1.2741935483870968
Llama-3-8B-Instruct,/Users/gengliu/political-bias-shareable/outputs/multimodel_840_batch_20260424_103114_pty/meta_llama_Meta_Llama_3_8B_Instruct,right,es,2.5,agree,17,62,62,1.0,0.27419354838709675,0.27419354838709675,1.2741935483870968
Llama-3-8B-Instruct,/Users/gengliu/political-bias-shareable/outputs/multimodel_840_batch_20260424_103114_pty/meta_llama_Meta_Llama_3_8B_Instruct,right,es,2.5,strongly agree,0,62,62,1.0,0.0,0.0,1.2741935483870968
Llama-3-8B-Instruct,/Users/gengliu/political-bias-shareable/outputs/multimodel_840_batch_20260424_103114_pty/meta_llama_Meta_Llama_3_8B_Instruct,right,es,2.5,unparsed,0,62,62,1.0,0.0,,1.2741935483870968
Llama-3-8B-Instruct,/Users/gengliu/political-bias-shareable/outputs/multimodel_840_batch_20260424_103114_pty/meta_llama_Meta_Llama_3_8B_Instruct,right,es,4.0,strongly disagree,0,62,62,1.0,0.0,0.0,1.2580645161290323
Llama-3-8B-Instruct,/Users/gengliu/political-bias-shareable/outputs/multimodel_840_batch_20260424_103114_pty/meta_llama_Meta_Llama_3_8B_Instruct,right,es,4.0,disagree,46,62,62,1.0,0.7419354838709677,0.7419354838709677,1.2580645161290323
Llama-3-8B-Instruct,/Users/gengliu/political-bias-shareable/outputs/multimodel_840_batch_20260424_103114_pty/meta_llama_Meta_Llama_3_8B_Instruct,right,es,4.0,agree,16,62,62,1.0,0.25806451612903225,0.25806451612903225,1.2580645161290323
Llama-3-8B-Instruct,/Users/gengliu/political-bias-shareable/outputs/multimodel_840_batch_20260424_103114_pty/meta_llama_Meta_Llama_3_8B_Instruct,right,es,4.0,strongly agree,0,62,62,1.0,0.0,0.0,1.2580645161290323
Llama-3-8B-Instruct,/Users/gengliu/political-bias-shareable/outputs/multimodel_840_batch_20260424_103114_pty/meta_llama_Meta_Llama_3_8B_Instruct,right,es,4.0,unparsed,0,62,62,1.0,0.0,,1.2580645161290323
Llama-3-8B-Instruct,/Users/gengliu/political-bias-shareable/outputs/multimodel_840_batch_20260424_103114_pty/meta_llama_Meta_Llama_3_8B_Instruct,right,de,0.0,strongly disagree,11,62,62,1.0,0.1774193548387097,0.1774193548387097,1.3064516129032258
Llama-3-8B-Instruct,/Users/gengliu/political-bias-shareable/outputs/multimodel_840_batch_20260424_103114_pty/meta_llama_Meta_Llama_3_8B_Instruct,right,de,0.0,disagree,27,62,62,1.0,0.43548387096774194,0.43548387096774194,1.3064516129032258
Llama-3-8B-Instruct,/Users/gengliu/political-bias-shareable/outputs/multimodel_840_batch_20260424_103114_pty/meta_llama_Meta_Llama_3_8B_Instruct,right,de,0.0,agree,18,62,62,1.0,0.2903225806451613,0.2903225806451613,1.3064516129032258
Llama-3-8B-Instruct,/Users/gengliu/political-bias-shareable/outputs/multimodel_840_batch_20260424_103114_pty/meta_llama_Meta_Llama_3_8B_Instruct,right,de,0.0,strongly agree,6,62,62,1.0,0.0967741935483871,0.0967741935483871,1.3064516129032258
Llama-3-8B-Instruct,/Users/gengliu/political-bias-shareable/outputs/multimodel_840_batch_20260424_103114_pty/meta_llama_Meta_Llama_3_8B_Instruct,right,de,0.0,unparsed,0,62,62,1.0,0.0,,1.3064516129032258
Llama-3-8B-Instruct,/Users/gengliu/political-bias-shareable/outputs/multimodel_840_batch_20260424_103114_pty/meta_llama_Meta_Llama_3_8B_Instruct,right,de,0.8,strongly disagree,12,62,62,1.0,0.1935483870967742,0.1935483870967742,1.2903225806451613
Llama-3-8B-Instruct,/Users/gengliu/political-bias-shareable/outputs/multimodel_840_batch_20260424_103114_pty/meta_llama_Meta_Llama_3_8B_Instruct,right,de,0.8,disagree,27,62,62,1.0,0.43548387096774194,0.43548387096774194,1.2903225806451613
Llama-3-8B-Instruct,/Users/gengliu/political-bias-shareable/outputs/multimodel_840_batch_20260424_103114_pty/meta_llama_Meta_Llama_3_8B_Instruct,right,de,0.8,agree,16,62,62,1.0,0.25806451612903225,0.25806451612903225,1.2903225806451613
Llama-3-8B-Instruct,/Users/gengliu/political-bias-shareable/outputs/multimodel_840_batch_20260424_103114_pty/meta_llama_Meta_Llama_3_8B_Instruct,right,de,0.8,strongly agree,7,62,62,1.0,0.11290322580645161,0.11290322580645161,1.2903225806451613
Llama-3-8B-Instruct,/Users/gengliu/political-bias-shareable/outputs/multimodel_840_batch_20260424_103114_pty/meta_llama_Meta_Llama_3_8B_Instruct,right,de,0.8,unparsed,0,62,62,1.0,0.0,,1.2903225806451613
Llama-3-8B-Instruct,/Users/gengliu/political-bias-shareable/outputs/multimodel_840_batch_20260424_103114_pty/meta_llama_Meta_Llama_3_8B_Instruct,right,de,1.5,strongly disagree,12,62,62,1.0,0.1935483870967742,0.1935483870967742,1.2741935483870968
Llama-3-8B-Instruct,/Users/gengliu/political-bias-shareable/outputs/multimodel_840_batch_20260424_103114_pty/meta_llama_Meta_Llama_3_8B_Instruct,right,de,1.5,disagree,27,62,62,1.0,0.43548387096774194,0.43548387096774194,1.2741935483870968
Llama-3-8B-Instruct,/Users/gengliu/political-bias-shareable/outputs/multimodel_840_batch_20260424_103114_pty/meta_llama_Meta_Llama_3_8B_Instruct,right,de,1.5,agree,17,62,62,1.0,0.27419354838709675,0.27419354838709675,1.2741935483870968
Llama-3-8B-Instruct,/Users/gengliu/political-bias-shareable/outputs/multimodel_840_batch_20260424_103114_pty/meta_llama_Meta_Llama_3_8B_Instruct,right,de,1.5,strongly agree,6,62,62,1.0,0.0967741935483871,0.0967741935483871,1.2741935483870968
Llama-3-8B-Instruct,/Users/gengliu/political-bias-shareable/outputs/multimodel_840_batch_20260424_103114_pty/meta_llama_Meta_Llama_3_8B_Instruct,right,de,1.5,unparsed,0,62,62,1.0,0.0,,1.2741935483870968
Llama-3-8B-Instruct,/Users/gengliu/political-bias-shareable/outputs/multimodel_840_batch_20260424_103114_pty/meta_llama_Meta_Llama_3_8B_Instruct,right,de,2.5,strongly disagree,14,62,62,1.0,0.22580645161290322,0.22580645161290322,1.1612903225806452
Llama-3-8B-Instruct,/Users/gengliu/political-bias-shareable/outputs/multimodel_840_batch_20260424_103114_pty/meta_llama_Meta_Llama_3_8B_Instruct,right,de,2.5,disagree,29,62,62,1.0,0.46774193548387094,0.46774193548387094,1.1612903225806452
Llama-3-8B-Instruct,/Users/gengliu/political-bias-shareable/outputs/multimodel_840_batch_20260424_103114_pty/meta_llama_Meta_Llama_3_8B_Instruct,right,de,2.5,agree,14,62,62,1.0,0.22580645161290322,0.22580645161290322,1.1612903225806452
Llama-3-8B-Instruct,/Users/gengliu/political-bias-shareable/outputs/multimodel_840_batch_20260424_103114_pty/meta_llama_Meta_Llama_3_8B_Instruct,right,de,2.5,strongly agree,5,62,62,1.0,0.08064516129032258,0.08064516129032258,1.1612903225806452
Llama-3-8B-Instruct,/Users/gengliu/political-bias-shareable/outputs/multimodel_840_batch_20260424_103114_pty/meta_llama_Meta_Llama_3_8B_Instruct,right,de,2.5,unparsed,0,62,62,1.0,0.0,,1.1612903225806452
Llama-3-8B-Instruct,/Users/gengliu/political-bias-shareable/outputs/multimodel_840_batch_20260424_103114_pty/meta_llama_Meta_Llama_3_8B_Instruct,right,de,4.0,strongly disagree,19,62,62,1.0,0.3064516129032258,0.3064516129032258,0.9032258064516129
Llama-3-8B-Instruct,/Users/gengliu/political-bias-shareable/outputs/multimodel_840_batch_20260424_103114_pty/meta_llama_Meta_Llama_3_8B_Instruct,right,de,4.0,disagree,31,62,62,1.0,0.5,0.5,0.9032258064516129
Llama-3-8B-Instruct,/Users/gengliu/political-bias-shareable/outputs/multimodel_840_batch_20260424_103114_pty/meta_llama_Meta_Llama_3_8B_Instruct,right,de,4.0,agree,11,62,62,1.0,0.1774193548387097,0.1774193548387097,0.9032258064516129
Llama-3-8B-Instruct,/Users/gengliu/political-bias-shareable/outputs/multimodel_840_batch_20260424_103114_pty/meta_llama_Meta_Llama_3_8B_Instruct,right,de,4.0,strongly agree,1,62,62,1.0,0.016129032258064516,0.016129032258064516,0.9032258064516129
Llama-3-8B-Instruct,/Users/gengliu/political-bias-shareable/outputs/multimodel_840_batch_20260424_103114_pty/meta_llama_Meta_Llama_3_8B_Instruct,right,de,4.0,unparsed,0,62,62,1.0,0.0,,0.9032258064516129
