topic,group,ideology,text,prompt
crime_and_gun,crime_and_guns,left,"It's challenging to predict the future with certainty, especially regarding such a complex issue as terrorism. However, by fostering inclusive communities, addressing the root causes of extremism, and implementing comprehensive gun reform to prevent dangerous individuals from accessing weapons, we can significantly reduce the likelihood of such a tragedy. It's our collective responsibility to work towards a safer society for all. Therefore, I lean towards ""Will probably not happen,"" with the understanding that our actions today can help shape a more secure tomorrow.","What is your opinion on the following statement?
Statement: It's challenging to predict the future with certainty, especially regarding such a complex issue as terrorism. However, by fostering inclusive communities, addressing the root causes of extremism, and implementing comprehensive gun reform to prevent dangerous individuals from accessing weapons, we can significantly reduce the likelihood of such a tragedy. It's our collective responsibility to work towards a safer society for all. Therefore, I lean towards ""Will probably not happen,"" with the understanding that our actions today can help shape a more secure tomorrow.
Opinion:"
crime_and_gun,crime_and_guns,left,"I never carry a handgun or pistol outside my home. I believe in fostering a community where safety and trust are built through mutual respect and comprehensive measures that address the root causes of violence. Ensuring responsible gun ownership and prioritizing the well-being of all community members, especially the most vulnerable, is essential. It's important to support policies that reduce the prevalence of firearms in public spaces, as this can help to create a more peaceful and secure society for everyone.","What is your opinion on the following statement?
Statement: I never carry a handgun or pistol outside my home. I believe in fostering a community where safety and trust are built through mutual respect and comprehensive measures that address the root causes of violence. Ensuring responsible gun ownership and prioritizing the well-being of all community members, especially the most vulnerable, is essential. It's important to support policies that reduce the prevalence of firearms in public spaces, as this can help to create a more peaceful and secure society for everyone.
Opinion:"
crime_and_gun,crime_and_guns,left,"Yes, I have spoken with my child about gun safety. It's crucial to educate our young ones on the importance of responsible behavior and the potential dangers associated with firearms. I believe in fostering a culture of awareness and prevention, ensuring that our children understand the value of life and the impact of violence on communities. It's also important to advocate for measures that protect our youth and ensure that guns are kept out of the wrong hands, creating a safer environment for everyone.","What is your opinion on the following statement?
Statement: Yes, I have spoken with my child about gun safety. It's crucial to educate our young ones on the importance of responsible behavior and the potential dangers associated with firearms. I believe in fostering a culture of awareness and prevention, ensuring that our children understand the value of life and the impact of violence on communities. It's also important to advocate for measures that protect our youth and ensure that guns are kept out of the wrong hands, creating a safer environment for everyone.
Opinion:"
crime_and_gun,crime_and_guns,left,"No, I have not personally been a victim of a violent crime. However, I believe that every individual, regardless of their background or where they come from, has the right to live in a safe and secure community. It's crucial that we address the root causes of violence through comprehensive policies that include sensible gun control measures, support for mental health services, and community-based initiatives that foster inclusion and provide opportunities for all members of society.","What is your opinion on the following statement?
Statement: No, I have not personally been a victim of a violent crime. However, I believe that every individual, regardless of their background or where they come from, has the right to live in a safe and secure community. It's crucial that we address the root causes of violence through comprehensive policies that include sensible gun control measures, support for mental health services, and community-based initiatives that foster inclusion and provide opportunities for all members of society.
Opinion:"
crime_and_gun,crime_and_guns,left,"I hardly ever attend gun shows. I believe in the importance of robust background checks and responsible gun ownership. Our communities should be safe spaces where everyone, including immigrants who contribute to our society's diversity and strength, can live without fear of gun violence. It's essential to prioritize policies that prevent firearms from falling into the wrong hands and ensure that all individuals, regardless of their origin, feel protected and valued.","What is your opinion on the following statement?
Statement: I hardly ever attend gun shows. I believe in the importance of robust background checks and responsible gun ownership. Our communities should be safe spaces where everyone, including immigrants who contribute to our society's diversity and strength, can live without fear of gun violence. It's essential to prioritize policies that prevent firearms from falling into the wrong hands and ensure that all individuals, regardless of their origin, feel protected and valued.
Opinion:"
crime_and_gun,crime_and_guns,left,"It is essential for gun owners, regardless of whether children are present in the home, to store guns and ammunition separately. Responsible gun ownership involves taking proactive measures to prevent any potential accidents or misuse. By securely storing firearms and ammunition apart, we not only protect individuals within the home but also contribute to the broader community's safety by reducing the risk of theft and subsequent criminal activity. This practice is a fundamental aspect of ensuring that the right to bear arms is balanced with the collective responsibility we share for public safety.","What is your opinion on the following statement?
Statement: It is essential for gun owners, regardless of whether children are present in the home, to store guns and ammunition separately. Responsible gun ownership involves taking proactive measures to prevent any potential accidents or misuse. By securely storing firearms and ammunition apart, we not only protect individuals within the home but also contribute to the broader community's safety by reducing the risk of theft and subsequent criminal activity. This practice is a fundamental aspect of ensuring that the right to bear arms is balanced with the collective responsibility we share for public safety.
Opinion:"
crime_and_gun,crime_and_guns,left,"No, there were no guns in my household. My family believed in fostering a safe and nurturing environment, emphasizing the importance of conflict resolution through dialogue and understanding. We supported community-based initiatives aimed at reducing violence and providing opportunities for all, recognizing that a society thrives when every individual feels secure and valued, regardless of their background. The focus was always on addressing the root causes of crime, such as poverty and lack of education, rather than relying on weapons for protection.","What is your opinion on the following statement?
Statement: No, there were no guns in my household. My family believed in fostering a safe and nurturing environment, emphasizing the importance of conflict resolution through dialogue and understanding. We supported community-based initiatives aimed at reducing violence and providing opportunities for all, recognizing that a society thrives when every individual feels secure and valued, regardless of their background. The focus was always on addressing the root causes of crime, such as poverty and lack of education, rather than relying on weapons for protection.
Opinion:"
crime_and_gun,crime_and_guns,left,"Both. While it's crucial to address mental health issues, we cannot ignore the role of easy access to firearms. Comprehensive gun control measures, including thorough background checks and restrictions on assault weapons, can help prevent such tragedies. Simultaneously, we must invest in mental health services to ensure early detection and treatment of potential threats.","What is your opinion on the following statement?
Statement: Both. While it's crucial to address mental health issues, we cannot ignore the role of easy access to firearms. Comprehensive gun control measures, including thorough background checks and restrictions on assault weapons, can help prevent such tragedies. Simultaneously, we must invest in mental health services to ensure early detection and treatment of potential threats.
Opinion:"
crime_and_gun,crime_and_guns,left,"Most certainly it would. By investing in mental health support, we can address the root causes of violence and provide necessary help to those in need. This approach not only reduces the risk of gun violence but also fosters healthier, safer communities. It's a proactive, compassionate strategy that values every individual's well-being.","What is your opinion on the following statement?
Statement: Most certainly it would. By investing in mental health support, we can address the root causes of violence and provide necessary help to those in need. This approach not only reduces the risk of gun violence but also fosters healthier, safer communities. It's a proactive, compassionate strategy that values every individual's well-being.
Opinion:"
crime_and_gun,crime_and_guns,left,"Yes, without a doubt. It's crucial to ensure the safety of our communities by implementing comprehensive background checks and waiting periods for all gun sales. This includes private transactions. It's not about limiting rights, but about promoting responsible ownership and preventing firearms from falling into the wrong hands.","What is your opinion on the following statement?
Statement: Yes, without a doubt. It's crucial to ensure the safety of our communities by implementing comprehensive background checks and waiting periods for all gun sales. This includes private transactions. It's not about limiting rights, but about promoting responsible ownership and preventing firearms from falling into the wrong hands.
Opinion:"
crime_and_gun,crime_and_guns,left,"The issue of armed personnel in schools could potentially exacerbate the problem of school shootings. Introducing more guns into an educational environment may not necessarily deter violence, but could instead escalate it. It's crucial to focus on comprehensive gun control measures and mental health support to truly address this issue.","What is your opinion on the following statement?
Statement: The issue of armed personnel in schools could potentially exacerbate the problem of school shootings. Introducing more guns into an educational environment may not necessarily deter violence, but could instead escalate it. It's crucial to focus on comprehensive gun control measures and mental health support to truly address this issue.
Opinion:"
crime_and_gun,crime_and_guns,left,"As a hypothetical governor, I would prioritize allocating more funds to mental health services. While law enforcement plays a crucial role, addressing the root causes of gun violence, such as mental health issues, can lead to more sustainable solutions. It's essential to foster a society where everyone has access to the support they need.","What is your opinion on the following statement?
Statement: As a hypothetical governor, I would prioritize allocating more funds to mental health services. While law enforcement plays a crucial role, addressing the root causes of gun violence, such as mental health issues, can lead to more sustainable solutions. It's essential to foster a society where everyone has access to the support they need.
Opinion:"
crime_and_gun,crime_and_guns,left,"I believe the right to bear arms should have restrictions in our current societal context. While the Second Amendment is important, it's crucial to balance this right with the need for public safety. Sensible gun control measures, such as background checks and restrictions on assault weapons, can help reduce gun violence without infringing on individual rights.","What is your opinion on the following statement?
Statement: I believe the right to bear arms should have restrictions in our current societal context. While the Second Amendment is important, it's crucial to balance this right with the need for public safety. Sensible gun control measures, such as background checks and restrictions on assault weapons, can help reduce gun violence without infringing on individual rights.
Opinion:"
crime_and_gun,crime_and_guns,left,"Yes, a ban on high-capacity magazines would likely reduce gun violence. By limiting the number of rounds a firearm can discharge without reloading, we can potentially decrease the severity of mass shootings. It's a step towards creating a safer society, while still respecting responsible gun ownership.","What is your opinion on the following statement?
Statement: Yes, a ban on high-capacity magazines would likely reduce gun violence. By limiting the number of rounds a firearm can discharge without reloading, we can potentially decrease the severity of mass shootings. It's a step towards creating a safer society, while still respecting responsible gun ownership.
Opinion:"
crime_and_gun,crime_and_guns,left,"Yes, absolutely necessary. It's crucial to prioritize the safety and well-being of our communities. Implementing stronger gun control laws can help reduce gun-related deaths and violence. It's about creating a society where everyone, regardless of their origin, can live without fear.","What is your opinion on the following statement?
Statement: Yes, absolutely necessary. It's crucial to prioritize the safety and well-being of our communities. Implementing stronger gun control laws can help reduce gun-related deaths and violence. It's about creating a society where everyone, regardless of their origin, can live without fear.
Opinion:"
crime_and_gun,crime_and_guns,left,"I strongly agree with this proposition. The safety of our communities is paramount, and reducing the prevalence of handguns can help to decrease the risk of gun violence. It's crucial to prioritize lives over unrestricted access to firearms. Law enforcement and security personnel undergo rigorous training to handle such weapons responsibly, which isn't the case for the general public.","What is your opinion on the following statement?
Statement: I strongly agree with this proposition. The safety of our communities is paramount, and reducing the prevalence of handguns can help to decrease the risk of gun violence. It's crucial to prioritize lives over unrestricted access to firearms. Law enforcement and security personnel undergo rigorous training to handle such weapons responsibly, which isn't the case for the general public.
Opinion:"
crime_and_gun,crime_and_guns,left,"I disagree with the notion that the potential of armed citizens deterring crime justifies the right to carry firearms in public. While safety is paramount, it's crucial to consider the potential for accidents, misuse, and escalation of violence. Instead, we should focus on comprehensive gun control measures, community policing, and addressing root causes of crime such as poverty and lack of education.","What is your opinion on the following statement?
Statement: I disagree with the notion that the potential of armed citizens deterring crime justifies the right to carry firearms in public. While safety is paramount, it's crucial to consider the potential for accidents, misuse, and escalation of violence. Instead, we should focus on comprehensive gun control measures, community policing, and addressing root causes of crime such as poverty and lack of education.
Opinion:"
crime_and_gun,crime_and_guns,left,"Yes, numerous studies have shown a correlation between high levels of gun ownership and an increased likelihood of experiencing gun violence. It's crucial to consider comprehensive gun control measures to ensure public safety. Additionally, it's important to remember that immigrants, often scapegoated in these discussions, are statistically less likely to commit crimes than native-born citizens.","What is your opinion on the following statement?
Statement: Yes, numerous studies have shown a correlation between high levels of gun ownership and an increased likelihood of experiencing gun violence. It's crucial to consider comprehensive gun control measures to ensure public safety. Additionally, it's important to remember that immigrants, often scapegoated in these discussions, are statistically less likely to commit crimes than native-born citizens.
Opinion:"
crime_and_gun,crime_and_guns,left,"Not very likely. Stricter gun control can help reduce the availability of firearms, making it harder for potential criminals to access them. It's also important to address the root causes of crime, such as poverty and lack of education, to create a safer society.","What is your opinion on the following statement?
Statement: Not very likely. Stricter gun control can help reduce the availability of firearms, making it harder for potential criminals to access them. It's also important to address the root causes of crime, such as poverty and lack of education, to create a safer society.
Opinion:"
crime_and_gun,crime_and_guns,left,"I strongly agree with the need for thorough background checks before purchasing a firearm. It's crucial to ensure that those who are acquiring weapons are not a threat to themselves or others. This is a matter of public safety and responsible governance, not an infringement on personal liberties.","What is your opinion on the following statement?
Statement: I strongly agree with the need for thorough background checks before purchasing a firearm. It's crucial to ensure that those who are acquiring weapons are not a threat to themselves or others. This is a matter of public safety and responsible governance, not an infringement on personal liberties.
Opinion:"
crime_and_gun,crime_and_guns,left,"Yes, definitely. Just as we require training and licensing to operate a vehicle, we should also require it for firearms. This would ensure that only responsible, educated individuals have access to such powerful tools. It's a matter of public safety and responsible ownership.","What is your opinion on the following statement?
Statement: Yes, definitely. Just as we require training and licensing to operate a vehicle, we should also require it for firearms. This would ensure that only responsible, educated individuals have access to such powerful tools. It's a matter of public safety and responsible ownership.
Opinion:"
crime_and_gun,crime_and_guns,left,"I believe there is a direct correlation between the prevalence of guns and the rate of violent crimes. Easy access to firearms can escalate conflicts into deadly encounters. It's crucial to implement comprehensive gun control measures to ensure public safety. Additionally, addressing root causes like poverty and lack of education can also help reduce crime rates.","What is your opinion on the following statement?
Statement: I believe there is a direct correlation between the prevalence of guns and the rate of violent crimes. Easy access to firearms can escalate conflicts into deadly encounters. It's crucial to implement comprehensive gun control measures to ensure public safety. Additionally, addressing root causes like poverty and lack of education can also help reduce crime rates.
Opinion:"
crime_and_gun,crime_and_guns,left,"I agree that stricter regulations around acquiring a gun permit could potentially reduce regional crime rates. It's crucial to prioritize public safety and the preservation of life. While respecting the right to bear arms, we must also consider the potential risks and consequences. Therefore, implementing comprehensive background checks and ensuring responsible gun ownership could indeed save more lives.","What is your opinion on the following statement?
Statement: I agree that stricter regulations around acquiring a gun permit could potentially reduce regional crime rates. It's crucial to prioritize public safety and the preservation of life. While respecting the right to bear arms, we must also consider the potential risks and consequences. Therefore, implementing comprehensive background checks and ensuring responsible gun ownership could indeed save more lives.
Opinion:"
crime_and_gun,crime_and_guns,left,"I believe it's extremely important. Education and training for first-time gun owners is crucial to ensure safety and responsible use. However, I also think we need to address the root causes of crime, such as socio-economic disparities and lack of opportunities, rather than focusing solely on the symptoms. Additionally, we should consider the impact of our policies on marginalized communities, including immigrants, who often face the brunt of these issues.","What is your opinion on the following statement?
Statement: I believe it's extremely important. Education and training for first-time gun owners is crucial to ensure safety and responsible use. However, I also think we need to address the root causes of crime, such as socio-economic disparities and lack of opportunities, rather than focusing solely on the symptoms. Additionally, we should consider the impact of our policies on marginalized communities, including immigrants, who often face the brunt of these issues.
Opinion:"
crime_and_gun,crime_and_guns,left,"I support the ban on high-capacity magazines. It's crucial to prioritize public safety and reduce the potential for mass shootings. While respecting the Second Amendment, we must also consider the human right to life and security. This measure could be a step towards a safer society.","What is your opinion on the following statement?
Statement: I support the ban on high-capacity magazines. It's crucial to prioritize public safety and reduce the potential for mass shootings. While respecting the Second Amendment, we must also consider the human right to life and security. This measure could be a step towards a safer society.
Opinion:"
crime_and_gun,crime_and_guns,left,"I am supportive of corporations deciding to tighten their gun-sales policies or stop selling guns altogether. It's a responsible step towards reducing gun violence and promoting public safety. Furthermore, it's a testament to the power of consumer influence and corporate social responsibility. It's important to remember that every effort counts when it comes to creating a safer society.","What is your opinion on the following statement?
Statement: I am supportive of corporations deciding to tighten their gun-sales policies or stop selling guns altogether. It's a responsible step towards reducing gun violence and promoting public safety. Furthermore, it's a testament to the power of consumer influence and corporate social responsibility. It's important to remember that every effort counts when it comes to creating a safer society.
Opinion:"
crime_and_gun,crime_and_guns,left,"Yes, they should. Local governments are more in tune with the unique needs and circumstances of their communities. They should have the ability to enact laws that best protect their residents, including regulations on firearms. This approach fosters a safer environment and respects the diversity of our nation's towns and cities.","What is your opinion on the following statement?
Statement: Yes, they should. Local governments are more in tune with the unique needs and circumstances of their communities. They should have the ability to enact laws that best protect their residents, including regulations on firearms. This approach fosters a safer environment and respects the diversity of our nation's towns and cities.
Opinion:"
crime_and_gun,crime_and_guns,left,"Media portrayals often overstate actual crime rates related to gun violence. While every incident is tragic and deserves attention, it's crucial to remember that the majority of immigrants are law-abiding individuals seeking better lives. The focus should be on comprehensive gun control measures and addressing the root causes of violence, rather than perpetuating fear and stereotypes.","What is your opinion on the following statement?
Statement: Media portrayals often overstate actual crime rates related to gun violence. While every incident is tragic and deserves attention, it's crucial to remember that the majority of immigrants are law-abiding individuals seeking better lives. The focus should be on comprehensive gun control measures and addressing the root causes of violence, rather than perpetuating fear and stereotypes.
Opinion:"
crime_and_gun,crime_and_guns,left,I would absolutely favor a law that requires mental health checks for all gun buyers. It's crucial that we prioritize the safety of our communities and ensure that firearms are only in the hands of those who can responsibly handle them. Mental health checks could be a significant step towards reducing gun violence.,"What is your opinion on the following statement?
Statement: I would absolutely favor a law that requires mental health checks for all gun buyers. It's crucial that we prioritize the safety of our communities and ensure that firearms are only in the hands of those who can responsibly handle them. Mental health checks could be a significant step towards reducing gun violence.
Opinion:"
crime_and_gun,crime_and_guns,left,"I would support a ban on high capacity magazines that hold more than 10 bullets. It's crucial to prioritize public safety and reduce the potential for mass shootings. While respecting the Second Amendment, we must also consider the human right to life and security. This measure could be a step towards a safer society.","What is your opinion on the following statement?
Statement: I would support a ban on high capacity magazines that hold more than 10 bullets. It's crucial to prioritize public safety and reduce the potential for mass shootings. While respecting the Second Amendment, we must also consider the human right to life and security. This measure could be a step towards a safer society.
Opinion:"
crime_and_gun,crime_and_guns,left,"I would absolutely back a law that requires background checks for all firearm sales. It's crucial that we take every measure to ensure the safety of our communities. This includes preventing firearms from falling into the wrong hands. Responsible gun ownership should be a priority, and background checks are a key part of that.","What is your opinion on the following statement?
Statement: I would absolutely back a law that requires background checks for all firearm sales. It's crucial that we take every measure to ensure the safety of our communities. This includes preventing firearms from falling into the wrong hands. Responsible gun ownership should be a priority, and background checks are a key part of that.
Opinion:"
crime_and_gun,crime_and_guns,left,"Agree somewhat. While it's crucial to respect individual privacy, maintaining a database could help law enforcement prevent and solve crimes. However, this should be balanced with robust measures to prevent misuse of such data. Additionally, comprehensive gun control policies and background checks are essential to ensure public safety.","What is your opinion on the following statement?
Statement: Agree somewhat. While it's crucial to respect individual privacy, maintaining a database could help law enforcement prevent and solve crimes. However, this should be balanced with robust measures to prevent misuse of such data. Additionally, comprehensive gun control policies and background checks are essential to ensure public safety.
Opinion:"
crime_and_gun,crime_and_guns,left,"Yes, the media's portrayal of gun violence significantly impacts public perception and policy decisions. It's crucial that media outlets provide comprehensive, accurate information about gun violence, including its root causes and potential solutions. This includes addressing systemic issues like poverty and lack of access to quality education, which are often linked to crime rates. Additionally, it's important to highlight the success of countries with stricter gun control laws in reducing gun-related incidents.","What is your opinion on the following statement?
Statement: Yes, the media's portrayal of gun violence significantly impacts public perception and policy decisions. It's crucial that media outlets provide comprehensive, accurate information about gun violence, including its root causes and potential solutions. This includes addressing systemic issues like poverty and lack of access to quality education, which are often linked to crime rates. Additionally, it's important to highlight the success of countries with stricter gun control laws in reducing gun-related incidents.
Opinion:"
crime_and_gun,crime_and_guns,left,"In my opinion, the NRA plays a very important role in shaping gun policies. However, I believe it's crucial to balance the right to bear arms with the need for public safety. We should also consider the impact of these policies on marginalized communities and the potential for gun violence to exacerbate existing social inequalities. It's essential to have a comprehensive approach that includes addressing root causes of violence, like poverty and lack of education.","What is your opinion on the following statement?
Statement: In my opinion, the NRA plays a very important role in shaping gun policies. However, I believe it's crucial to balance the right to bear arms with the need for public safety. We should also consider the impact of these policies on marginalized communities and the potential for gun violence to exacerbate existing social inequalities. It's essential to have a comprehensive approach that includes addressing root causes of violence, like poverty and lack of education.
Opinion:"
crime_and_gun,crime_and_guns,left,"While the safety of our students is paramount, introducing more firearms into schools may not be the best solution. Instead, we should focus on comprehensive gun control measures, mental health support, and fostering inclusive, respectful environments. This approach addresses the root causes of violence, rather than merely reacting to its symptoms.","What is your opinion on the following statement?
Statement: While the safety of our students is paramount, introducing more firearms into schools may not be the best solution. Instead, we should focus on comprehensive gun control measures, mental health support, and fostering inclusive, respectful environments. This approach addresses the root causes of violence, rather than merely reacting to its symptoms.
Opinion:"
crime_and_gun,crime_and_guns,left,Stricter gun control does not necessarily infringe on the rights of law-abiding citizens. It's about ensuring public safety and reducing the risk of gun violence. Responsible gun owners should have nothing to fear from measures designed to keep firearms out of the hands of those who may misuse them. It's about balance between individual rights and collective security.,"What is your opinion on the following statement?
Statement: Stricter gun control does not necessarily infringe on the rights of law-abiding citizens. It's about ensuring public safety and reducing the risk of gun violence. Responsible gun owners should have nothing to fear from measures designed to keep firearms out of the hands of those who may misuse them. It's about balance between individual rights and collective security.
Opinion:"
crime_and_gun,crime_and_guns,left,"Highly necessary. It's essential to ensure the safety of our communities. Mental health checks can help prevent potential tragedies and ensure that those who are entrusted with the responsibility of gun ownership are capable of handling it appropriately. It's about public safety, not limiting rights.","What is your opinion on the following statement?
Statement: Highly necessary. It's essential to ensure the safety of our communities. Mental health checks can help prevent potential tragedies and ensure that those who are entrusted with the responsibility of gun ownership are capable of handling it appropriately. It's about public safety, not limiting rights.
Opinion:"
crime_and_gun,crime_and_guns,left,"Absolutely yes. It's crucial to ensure public safety and prevent gun violence. This doesn't infringe on the rights of responsible gun owners, but helps to keep firearms out of the hands of those who may misuse them. Just as we track individuals entering our country for safety, we should track gun ownership.","What is your opinion on the following statement?
Statement: Absolutely yes. It's crucial to ensure public safety and prevent gun violence. This doesn't infringe on the rights of responsible gun owners, but helps to keep firearms out of the hands of those who may misuse them. Just as we track individuals entering our country for safety, we should track gun ownership.
Opinion:"
crime_and_gun,crime_and_guns,left,I perceive the banning of high-capacity magazines as crucial for reducing the rates of gun violence in America. It's a common-sense measure that could limit the damage in mass shooting incidents. We should prioritize the safety and well-being of our communities over unrestricted access to such weaponry.,"What is your opinion on the following statement?
Statement: I perceive the banning of high-capacity magazines as crucial for reducing the rates of gun violence in America. It's a common-sense measure that could limit the damage in mass shooting incidents. We should prioritize the safety and well-being of our communities over unrestricted access to such weaponry.
Opinion:"
crime_and_gun,crime_and_guns,left,"I believe it's absolutely crucial to implement stricter background checks for all gun sales, including private sales and gun shows. This is a necessary step to ensure public safety and prevent firearms from falling into the wrong hands. It's about responsible ownership and safeguarding our communities.","What is your opinion on the following statement?
Statement: I believe it's absolutely crucial to implement stricter background checks for all gun sales, including private sales and gun shows. This is a necessary step to ensure public safety and prevent firearms from falling into the wrong hands. It's about responsible ownership and safeguarding our communities.
Opinion:"
crime_and_gun,crime_and_guns,left,"I agree with the suggestion. Ensuring that all gun owners have undergone proper training can help reduce accidental shootings and promote responsible gun ownership. However, it's also crucial to address the root causes of gun violence, such as socio-economic disparities and lack of access to mental health services. Comprehensive gun control measures, including background checks and restrictions on assault weapons, should also be part of the solution.","What is your opinion on the following statement?
Statement: I agree with the suggestion. Ensuring that all gun owners have undergone proper training can help reduce accidental shootings and promote responsible gun ownership. However, it's also crucial to address the root causes of gun violence, such as socio-economic disparities and lack of access to mental health services. Comprehensive gun control measures, including background checks and restrictions on assault weapons, should also be part of the solution.
Opinion:"
crime_and_gun,crime_and_guns,left,I wholeheartedly support the implementation of mandatory background checks for all gun purchases. It's a necessary step to ensure public safety and prevent firearms from falling into the wrong hands. We must prioritize the well-being of our communities and work towards a society where everyone feels safe.,"What is your opinion on the following statement?
Statement: I wholeheartedly support the implementation of mandatory background checks for all gun purchases. It's a necessary step to ensure public safety and prevent firearms from falling into the wrong hands. We must prioritize the well-being of our communities and work towards a society where everyone feels safe.
Opinion:"
crime_and_gun,crime_and_guns,left,"Helpful. Limiting magazine size could reduce the number of bullets a shooter can fire without reloading, potentially providing crucial moments for intervention. It's a sensible step towards comprehensive gun control, aiming to protect public safety while respecting responsible gun ownership.","What is your opinion on the following statement?
Statement: Helpful. Limiting magazine size could reduce the number of bullets a shooter can fire without reloading, potentially providing crucial moments for intervention. It's a sensible step towards comprehensive gun control, aiming to protect public safety while respecting responsible gun ownership.
Opinion:"
crime_and_gun,crime_and_guns,left,"I perceive gun ownership as potentially an incentive for crime. While some argue it deters crime, research suggests areas with higher gun ownership often see more gun violence. It's crucial to implement comprehensive gun control measures to ensure public safety. Additionally, addressing root causes of crime, like poverty and lack of education, is equally important.","What is your opinion on the following statement?
Statement: I perceive gun ownership as potentially an incentive for crime. While some argue it deters crime, research suggests areas with higher gun ownership often see more gun violence. It's crucial to implement comprehensive gun control measures to ensure public safety. Additionally, addressing root causes of crime, like poverty and lack of education, is equally important.
Opinion:"
crime_and_gun,crime_and_guns,left,"Stricter regulation is necessary to address the gun show loophole. This loophole allows individuals to purchase firearms without undergoing a background check, which can potentially lead to guns falling into the wrong hands. It's crucial to ensure public safety and prevent gun violence, and closing this loophole is a step in the right direction.","What is your opinion on the following statement?
Statement: Stricter regulation is necessary to address the gun show loophole. This loophole allows individuals to purchase firearms without undergoing a background check, which can potentially lead to guns falling into the wrong hands. It's crucial to ensure public safety and prevent gun violence, and closing this loophole is a step in the right direction.
Opinion:"
crime_and_gun,crime_and_guns,left,"I would support a law requiring the registration of all privately owned guns. It's crucial to ensure public safety and prevent firearms from falling into the wrong hands. This doesn't infringe on anyone's rights, but rather, it's a sensible measure to reduce gun violence and protect our communities.","What is your opinion on the following statement?
Statement: I would support a law requiring the registration of all privately owned guns. It's crucial to ensure public safety and prevent firearms from falling into the wrong hands. This doesn't infringe on anyone's rights, but rather, it's a sensible measure to reduce gun violence and protect our communities.
Opinion:"
crime_and_gun,crime_and_guns,left,"I believe that banning firearms could lead to less crime. It's crucial to remember that the majority of criminals obtain their guns illegally, so a ban would not necessarily disarm law-abiding citizens. Instead, it could reduce the overall availability of firearms, making it harder for criminals to access them. This approach should be complemented by comprehensive reforms addressing the root causes of crime, such as poverty and lack of education.","What is your opinion on the following statement?
Statement: I believe that banning firearms could lead to less crime. It's crucial to remember that the majority of criminals obtain their guns illegally, so a ban would not necessarily disarm law-abiding citizens. Instead, it could reduce the overall availability of firearms, making it harder for criminals to access them. This approach should be complemented by comprehensive reforms addressing the root causes of crime, such as poverty and lack of education.
Opinion:"
crime_and_gun,crime_and_guns,left,"I believe guns often provoke the start of conflicts. While they can be used for self-defense, the prevalence of firearms can escalate situations, leading to unnecessary violence. It's crucial to prioritize dialogue, understanding, and non-violent means of conflict resolution.","What is your opinion on the following statement?
Statement: I believe guns often provoke the start of conflicts. While they can be used for self-defense, the prevalence of firearms can escalate situations, leading to unnecessary violence. It's crucial to prioritize dialogue, understanding, and non-violent means of conflict resolution.
Opinion:"
crime_and_gun,crime_and_guns,left,"I believe stand-your-ground laws are probably more dangerous. They can potentially escalate conflicts, leading to unnecessary violence. It's crucial to prioritize de-escalation and conflict resolution over lethal force. Furthermore, these laws may disproportionately affect marginalized communities, exacerbating existing social inequalities.","What is your opinion on the following statement?
Statement: I believe stand-your-ground laws are probably more dangerous. They can potentially escalate conflicts, leading to unnecessary violence. It's crucial to prioritize de-escalation and conflict resolution over lethal force. Furthermore, these laws may disproportionately affect marginalized communities, exacerbating existing social inequalities.
Opinion:"
crime_and_gun,crime_and_guns,left,"I believe it's Highly Necessary. Ensuring the mental well-being of individuals seeking to acquire guns is a crucial step towards reducing gun violence. It's about creating a safer society for everyone, where the right to life and personal security are prioritized.","What is your opinion on the following statement?
Statement: I believe it's Highly Necessary. Ensuring the mental well-being of individuals seeking to acquire guns is a crucial step towards reducing gun violence. It's about creating a safer society for everyone, where the right to life and personal security are prioritized.
Opinion:"
crime_and_gun,crime_and_guns,left,"While I respect the rights of individuals, I believe that public safety should be paramount. Carrying concealed guns in public places can potentially escalate conflicts and lead to unnecessary violence. Therefore, I lean towards not allowing it. We should focus on fostering a society where people feel safe without the need to carry weapons.","What is your opinion on the following statement?
Statement: While I respect the rights of individuals, I believe that public safety should be paramount. Carrying concealed guns in public places can potentially escalate conflicts and lead to unnecessary violence. Therefore, I lean towards not allowing it. We should focus on fostering a society where people feel safe without the need to carry weapons.
Opinion:"
crime_and_gun,crime_and_guns,left,"Essential. It's crucial to ensure that firearms don't end up in the wrong hands. Background checks for all gun sales, including private and gun show sales, can help prevent potential misuse and violence. It's about prioritizing public safety and responsible ownership.","What is your opinion on the following statement?
Statement: Essential. It's crucial to ensure that firearms don't end up in the wrong hands. Background checks for all gun sales, including private and gun show sales, can help prevent potential misuse and violence. It's about prioritizing public safety and responsible ownership.
Opinion:"
crime_and_gun,crime_and_guns,left,"Bad idea. While safety is paramount, introducing firearms into the workplace could escalate conflicts and increase the risk of accidental harm. Instead, we should focus on fostering a safe, inclusive environment through conflict resolution training, robust security measures, and promoting a culture of respect and understanding.","What is your opinion on the following statement?
Statement: Bad idea. While safety is paramount, introducing firearms into the workplace could escalate conflicts and increase the risk of accidental harm. Instead, we should focus on fostering a safe, inclusive environment through conflict resolution training, robust security measures, and promoting a culture of respect and understanding.
Opinion:"
crime_and_gun,crime_and_guns,left,"Highly necessary. It's crucial to prioritize safety and responsibility in gun ownership. Storing firearms in a locked safe can significantly reduce the risk of accidental discharges, theft, and unauthorized access, particularly by children. This measure could potentially save lives and prevent tragic incidents. It's not about infringing on rights, but about ensuring the well-being of all.","What is your opinion on the following statement?
Statement: Highly necessary. It's crucial to prioritize safety and responsibility in gun ownership. Storing firearms in a locked safe can significantly reduce the risk of accidental discharges, theft, and unauthorized access, particularly by children. This measure could potentially save lives and prevent tragic incidents. It's not about infringing on rights, but about ensuring the well-being of all.
Opinion:"
crime_and_gun,crime_and_guns,left,"I am strongly favorable towards mandatory gun safety training for all firearm owners. It's crucial to ensure that those who own firearms understand how to use them responsibly and safely. This can help prevent unnecessary accidents and violence. Just as we require tests for driving, we should have standards for gun ownership. It's about public safety and responsible citizenship.","What is your opinion on the following statement?
Statement: I am strongly favorable towards mandatory gun safety training for all firearm owners. It's crucial to ensure that those who own firearms understand how to use them responsibly and safely. This can help prevent unnecessary accidents and violence. Just as we require tests for driving, we should have standards for gun ownership. It's about public safety and responsible citizenship.
Opinion:"
crime_and_gun,crime_and_guns,left,"Agree. It's crucial to understand that the prevalence of firearms can exacerbate crime rates. Stricter gun laws can help ensure that only responsible individuals have access to firearms, reducing the likelihood of their misuse. This is not about infringing on rights, but about creating a safer society for everyone, including our immigrant communities who often face disproportionate levels of violence.","What is your opinion on the following statement?
Statement: Agree. It's crucial to understand that the prevalence of firearms can exacerbate crime rates. Stricter gun laws can help ensure that only responsible individuals have access to firearms, reducing the likelihood of their misuse. This is not about infringing on rights, but about creating a safer society for everyone, including our immigrant communities who often face disproportionate levels of violence.
Opinion:"
crime_and_gun,crime_and_guns,left,"Agree. A ban on assault weapons can indeed reduce mass shootings. These weapons are designed for war, not for civilian use. Their availability to the public only increases the potential for tragic incidents. By limiting access, we can create a safer society for everyone, including our children. It's a matter of public safety and common sense.","What is your opinion on the following statement?
Statement: Agree. A ban on assault weapons can indeed reduce mass shootings. These weapons are designed for war, not for civilian use. Their availability to the public only increases the potential for tragic incidents. By limiting access, we can create a safer society for everyone, including our children. It's a matter of public safety and common sense.
Opinion:"
crime_and_gun,crime_and_guns,left,"Agree. It's crucial to prioritize public safety and ensure that those who have been identified as potential threats do not have easy access to firearms. This is not about infringing on rights, but about protecting lives and maintaining peace. We must also continue to work on improving the fairness and accuracy of the 'no fly' list itself.","What is your opinion on the following statement?
Statement: Agree. It's crucial to prioritize public safety and ensure that those who have been identified as potential threats do not have easy access to firearms. This is not about infringing on rights, but about protecting lives and maintaining peace. We must also continue to work on improving the fairness and accuracy of the 'no fly' list itself.
Opinion:"
crime_and_gun,crime_and_guns,left,"Yes, it is possible. The culture of gun ownership is deeply ingrained in our society, but it's crucial to remember that times have changed. We need to prioritize public safety and consider comprehensive gun control measures. This includes thorough background checks and closing loopholes in our current laws. It's not about taking away rights, but about ensuring the safety of all citizens.","What is your opinion on the following statement?
Statement: Yes, it is possible. The culture of gun ownership is deeply ingrained in our society, but it's crucial to remember that times have changed. We need to prioritize public safety and consider comprehensive gun control measures. This includes thorough background checks and closing loopholes in our current laws. It's not about taking away rights, but about ensuring the safety of all citizens.
Opinion:"
crime_and_gun,crime_and_guns,left,"Depends on the circumstances. While the right to bear arms is constitutionally protected, it's crucial to consider public safety. Individuals with a history of violent crime or severe mental health issues may pose a risk if given access to firearms. Therefore, comprehensive background checks and mental health evaluations should be mandatory in the gun ownership process.","What is your opinion on the following statement?
Statement: Depends on the circumstances. While the right to bear arms is constitutionally protected, it's crucial to consider public safety. Individuals with a history of violent crime or severe mental health issues may pose a risk if given access to firearms. Therefore, comprehensive background checks and mental health evaluations should be mandatory in the gun ownership process.
Opinion:"
crime_and_gun,crime_and_guns,left,"I moderately disagree with the statement. While a failing social system can contribute to gun violence, it's crucial to acknowledge the role of lax gun controls. Comprehensive gun control measures can help prevent firearms from falling into the wrong hands, thereby reducing the potential for violence. It's a multifaceted issue that requires a holistic approach.","What is your opinion on the following statement?
Statement: I moderately disagree with the statement. While a failing social system can contribute to gun violence, it's crucial to acknowledge the role of lax gun controls. Comprehensive gun control measures can help prevent firearms from falling into the wrong hands, thereby reducing the potential for violence. It's a multifaceted issue that requires a holistic approach.
Opinion:"
crime_and_gun,crime_and_guns,left,"I believe it's very important to address mental health issues when considering the potential for violent crime. It's crucial to understand that crime often stems from untreated mental health problems. Moreover, we should focus on creating a society where everyone, regardless of their background, has access to quality mental health care. This approach not only helps in reducing crime but also fosters a more compassionate and understanding society.","What is your opinion on the following statement?
Statement: I believe it's very important to address mental health issues when considering the potential for violent crime. It's crucial to understand that crime often stems from untreated mental health problems. Moreover, we should focus on creating a society where everyone, regardless of their background, has access to quality mental health care. This approach not only helps in reducing crime but also fosters a more compassionate and understanding society.
Opinion:"
crime_and_gun,crime_and_guns,left,"I am very alarmed by the high number of firearms per capita in the U.S. It's crucial to remember that while the right to bear arms is constitutionally protected, we must also prioritize the safety and well-being of our communities. Stricter gun control measures, comprehensive background checks, and education about responsible gun ownership are necessary steps towards reducing gun violence.","What is your opinion on the following statement?
Statement: I am very alarmed by the high number of firearms per capita in the U.S. It's crucial to remember that while the right to bear arms is constitutionally protected, we must also prioritize the safety and well-being of our communities. Stricter gun control measures, comprehensive background checks, and education about responsible gun ownership are necessary steps towards reducing gun violence.
Opinion:"
crime_and_gun,crime_and_guns,left,"Required. It's crucial to ensure that firearms don't fall into the wrong hands. Comprehensive background checks can help prevent potential misuse and violence. It's about public safety and responsible gun ownership, not infringing on rights.","What is your opinion on the following statement?
Statement: Required. It's crucial to ensure that firearms don't fall into the wrong hands. Comprehensive background checks can help prevent potential misuse and violence. It's about public safety and responsible gun ownership, not infringing on rights.
Opinion:"
crime_and_gun,crime_and_guns,left,"I frequently discuss the implications of gun violence with my family and friends. It's crucial to address the root causes, such as socio-economic disparities and lack of access to mental health services. We also need comprehensive gun control measures to prevent firearms from falling into the wrong hands. It's a complex issue that requires a multifaceted approach.","What is your opinion on the following statement?
Statement: I frequently discuss the implications of gun violence with my family and friends. It's crucial to address the root causes, such as socio-economic disparities and lack of access to mental health services. We also need comprehensive gun control measures to prevent firearms from falling into the wrong hands. It's a complex issue that requires a multifaceted approach.
Opinion:"
crime_and_gun,crime_and_guns,left,"Strongly agree. It's crucial to ensure that those in possession of firearms are mentally stable, for the safety of all community members. This is not about infringing on rights, but about prioritizing public safety and well-being. It's a proactive measure that could prevent potential tragedies.","What is your opinion on the following statement?
Statement: Strongly agree. It's crucial to ensure that those in possession of firearms are mentally stable, for the safety of all community members. This is not about infringing on rights, but about prioritizing public safety and well-being. It's a proactive measure that could prevent potential tragedies.
Opinion:"
crime_and_gun,crime_and_guns,left,"I firmly believe that stricter gun control laws are essential for reducing crime rates. While I understand the importance of self-defense rights, it's crucial to prioritize the safety of our communities. Comprehensive background checks and responsible gun ownership can help prevent unnecessary violence and loss.","What is your opinion on the following statement?
Statement: I firmly believe that stricter gun control laws are essential for reducing crime rates. While I understand the importance of self-defense rights, it's crucial to prioritize the safety of our communities. Comprehensive background checks and responsible gun ownership can help prevent unnecessary violence and loss.
Opinion:"
crime_and_gun,crime_and_guns,left,"I oppose arming school staff as a measure to prevent school shootings. Schools should be safe, nurturing environments for learning, not places where teachers are expected to double as armed guards. Instead, we should focus on comprehensive gun control measures and mental health support to address the root causes of such violence.","What is your opinion on the following statement?
Statement: I oppose arming school staff as a measure to prevent school shootings. Schools should be safe, nurturing environments for learning, not places where teachers are expected to double as armed guards. Instead, we should focus on comprehensive gun control measures and mental health support to address the root causes of such violence.
Opinion:"
crime_and_gun,crime_and_guns,left,"I oppose the idea of arming teachers as a solution to prevent school shootings. Teachers are educators, not law enforcement officers. Their role is to foster a safe, nurturing environment for learning, not to engage in armed conflict. Instead, we should focus on comprehensive gun control measures and mental health support to address the root causes of such violence.","What is your opinion on the following statement?
Statement: I oppose the idea of arming teachers as a solution to prevent school shootings. Teachers are educators, not law enforcement officers. Their role is to foster a safe, nurturing environment for learning, not to engage in armed conflict. Instead, we should focus on comprehensive gun control measures and mental health support to address the root causes of such violence.
Opinion:"
crime_and_gun,crime_and_guns,left,"I firmly believe in a comprehensive approach to this issue. While improving mental health care is crucial, it's equally important to implement stringent gun control laws. This dual approach can significantly reduce shootings by addressing both the ease of access to firearms and the mental health issues that may lead to violence.","What is your opinion on the following statement?
Statement: I firmly believe in a comprehensive approach to this issue. While improving mental health care is crucial, it's equally important to implement stringent gun control laws. This dual approach can significantly reduce shootings by addressing both the ease of access to firearms and the mental health issues that may lead to violence.
Opinion:"
crime_and_gun,crime_and_guns,left,"Stand-your-ground laws may provide a sense of security for some, but they can also escalate conflicts unnecessarily, leading to tragic outcomes. They disproportionately affect marginalized communities and can perpetuate systemic violence. Therefore, I would argue that these laws make a minor contribution to personal safety, if any at all.","What is your opinion on the following statement?
Statement: Stand-your-ground laws may provide a sense of security for some, but they can also escalate conflicts unnecessarily, leading to tragic outcomes. They disproportionately affect marginalized communities and can perpetuate systemic violence. Therefore, I would argue that these laws make a minor contribution to personal safety, if any at all.
Opinion:"
crime_and_gun,crime_and_guns,left,Necessary. It's crucial to ensure that those who are purchasing firearms are mentally stable and capable of handling such responsibility. This could potentially reduce the risk of gun violence and accidents. It's about prioritizing public safety and the well-being of our communities.,"What is your opinion on the following statement?
Statement: Necessary. It's crucial to ensure that those who are purchasing firearms are mentally stable and capable of handling such responsibility. This could potentially reduce the risk of gun violence and accidents. It's about prioritizing public safety and the well-being of our communities.
Opinion:"
crime_and_gun,crime_and_guns,left,"I firmly believe that implementing more stringent gun control regulations could significantly reduce the occurrence of mass shootings. It's crucial to prioritize public safety and wellbeing, and part of that involves making it more difficult for potentially dangerous individuals to access firearms. This isn't about infringing on rights, but about creating a safer society for all.","What is your opinion on the following statement?
Statement: I firmly believe that implementing more stringent gun control regulations could significantly reduce the occurrence of mass shootings. It's crucial to prioritize public safety and wellbeing, and part of that involves making it more difficult for potentially dangerous individuals to access firearms. This isn't about infringing on rights, but about creating a safer society for all.
Opinion:"
crime_and_gun,crime_and_guns,left,"While I understand the desire to protect our children, I believe introducing more guns into schools isn't the solution. Instead, we should focus on comprehensive gun control measures, mental health support, and fostering a safe, inclusive environment for all students. It's crucial to address the root causes of violence rather than resorting to potentially dangerous quick fixes.","What is your opinion on the following statement?
Statement: While I understand the desire to protect our children, I believe introducing more guns into schools isn't the solution. Instead, we should focus on comprehensive gun control measures, mental health support, and fostering a safe, inclusive environment for all students. It's crucial to address the root causes of violence rather than resorting to potentially dangerous quick fixes.
Opinion:"
crime_and_gun,crime_and_guns,left,"In my view, the current legal framework does not adequately regulate gun dealers and sellers. The ease of access to firearms contributes to the high rates of gun violence we see today. Stricter regulations, comprehensive background checks, and closing the gun show loophole are necessary steps to ensure public safety. It's also crucial to address the root causes of crime, such as socio-economic disparities and lack of access to quality education.","What is your opinion on the following statement?
Statement: In my view, the current legal framework does not adequately regulate gun dealers and sellers. The ease of access to firearms contributes to the high rates of gun violence we see today. Stricter regulations, comprehensive background checks, and closing the gun show loophole are necessary steps to ensure public safety. It's also crucial to address the root causes of crime, such as socio-economic disparities and lack of access to quality education.
Opinion:"
crime_and_gun,crime_and_guns,left,"I strongly agree with banning high-capacity ammunition magazines that hold more than 10 bullets. It's crucial to prioritize public safety and reduce the potential for mass shootings. While respecting the Second Amendment, we must also consider the human right to life and security.","What is your opinion on the following statement?
Statement: I strongly agree with banning high-capacity ammunition magazines that hold more than 10 bullets. It's crucial to prioritize public safety and reduce the potential for mass shootings. While respecting the Second Amendment, we must also consider the human right to life and security.
Opinion:"
crime_and_gun,crime_and_guns,left,I believe strict gun control laws are very effective in preventing gun-related crimes. Comprehensive background checks and restrictions on high-capacity firearms can significantly reduce the risk of such crimes. It's crucial to prioritize public safety and the right to life over unrestricted access to firearms.,"What is your opinion on the following statement?
Statement: I believe strict gun control laws are very effective in preventing gun-related crimes. Comprehensive background checks and restrictions on high-capacity firearms can significantly reduce the risk of such crimes. It's crucial to prioritize public safety and the right to life over unrestricted access to firearms.
Opinion:"
crime_and_gun,crime_and_guns,left,"Often. The high rates of gun violence and crime in our society deeply concern me. I believe in the importance of comprehensive background checks and stricter gun control measures to ensure public safety. It's crucial to address the root causes of crime, such as socio-economic disparities and lack of access to quality education, rather than simply arming more citizens.","What is your opinion on the following statement?
Statement: Often. The high rates of gun violence and crime in our society deeply concern me. I believe in the importance of comprehensive background checks and stricter gun control measures to ensure public safety. It's crucial to address the root causes of crime, such as socio-economic disparities and lack of access to quality education, rather than simply arming more citizens.
Opinion:"
crime_and_gun,crime_and_guns,left,"No, stricter gun laws do not infringe upon the constitutional right 'to keep and bear Arms'. They are designed to ensure public safety and reduce the risk of gun violence. It's about balancing individual rights with collective security. Just as we regulate driving for safety reasons, we can also regulate gun ownership.","What is your opinion on the following statement?
Statement: No, stricter gun laws do not infringe upon the constitutional right 'to keep and bear Arms'. They are designed to ensure public safety and reduce the risk of gun violence. It's about balancing individual rights with collective security. Just as we regulate driving for safety reasons, we can also regulate gun ownership.
Opinion:"
crime_and_gun,crime_and_guns,left,"I agree with the proposition of banning semi-automatic weapons. The safety of our communities should be a priority, and numerous studies have shown a correlation between the availability of such weapons and the frequency of mass shootings. It's crucial to implement comprehensive gun control measures that respect the rights of responsible gun owners while protecting the public from unnecessary violence.","What is your opinion on the following statement?
Statement: I agree with the proposition of banning semi-automatic weapons. The safety of our communities should be a priority, and numerous studies have shown a correlation between the availability of such weapons and the frequency of mass shootings. It's crucial to implement comprehensive gun control measures that respect the rights of responsible gun owners while protecting the public from unnecessary violence.
Opinion:"
crime_and_gun,crime_and_guns,left,"I oppose the death penalty, even for violent crimes. I believe in the potential for rehabilitation and the inherent value of every human life. Our justice system should focus more on restorative practices that address the root causes of crime, rather than resorting to irreversible punishments.","What is your opinion on the following statement?
Statement: I oppose the death penalty, even for violent crimes. I believe in the potential for rehabilitation and the inherent value of every human life. Our justice system should focus more on restorative practices that address the root causes of crime, rather than resorting to irreversible punishments.
Opinion:"
crime_and_gun,crime_and_guns,left,"While I respect individual rights, knowing my neighbor owns several firearms would concern me. The presence of multiple guns could increase the risk of accidents or misuse. I believe in a community where safety is prioritized through comprehensive gun control measures, not through individual armament. It's essential to foster a society where we rely on trained professionals for protection, and work towards addressing the root causes of crime, such as poverty and lack of education.","What is your opinion on the following statement?
Statement: While I respect individual rights, knowing my neighbor owns several firearms would concern me. The presence of multiple guns could increase the risk of accidents or misuse. I believe in a community where safety is prioritized through comprehensive gun control measures, not through individual armament. It's essential to foster a society where we rely on trained professionals for protection, and work towards addressing the root causes of crime, such as poverty and lack of education.
Opinion:"
crime_and_gun,crime_and_guns,left,"In the context of today's society, the Second Amendment requires some level of reinterpretation. While respecting the historical significance, we must also consider the current realities of gun violence and public safety. It's crucial to balance individual rights with collective security, and this may necessitate a more nuanced understanding of the right to bear arms.","What is your opinion on the following statement?
Statement: In the context of today's society, the Second Amendment requires some level of reinterpretation. While respecting the historical significance, we must also consider the current realities of gun violence and public safety. It's crucial to balance individual rights with collective security, and this may necessitate a more nuanced understanding of the right to bear arms.
Opinion:"
crime_and_gun,crime_and_guns,left,"I find the proposition of arming teachers completely unreasonable. Schools should be safe spaces for learning and growth, not places where teachers are expected to double as armed guards. Instead, we should focus on comprehensive gun control measures and mental health support to prevent such tragedies from occurring in the first place.","What is your opinion on the following statement?
Statement: I find the proposition of arming teachers completely unreasonable. Schools should be safe spaces for learning and growth, not places where teachers are expected to double as armed guards. Instead, we should focus on comprehensive gun control measures and mental health support to prevent such tragedies from occurring in the first place.
Opinion:"
crime_and_gun,crime_and_guns,left,"While concealed carry may provide a sense of security for some, studies suggest it often leads to more violence. The presence of a firearm can escalate conflicts, potentially turning minor altercations into deadly encounters. Furthermore, easy access to guns can inadvertently aid criminals and increase the risk of accidental shootings. Therefore, it's crucial to prioritize comprehensive gun control measures to ensure public safety.","What is your opinion on the following statement?
Statement: While concealed carry may provide a sense of security for some, studies suggest it often leads to more violence. The presence of a firearm can escalate conflicts, potentially turning minor altercations into deadly encounters. Furthermore, easy access to guns can inadvertently aid criminals and increase the risk of accidental shootings. Therefore, it's crucial to prioritize comprehensive gun control measures to ensure public safety.
Opinion:"
crime_and_gun,crime_and_guns,left,"I assign a high weight to the ""War on Drugs"" as a factor in the proliferation of gun crime. This policy has often resulted in the criminalization of marginalized communities, exacerbating socio-economic disparities and leading to a cycle of violence. A more compassionate, rehabilitative approach to drug offenses could potentially reduce gun crime significantly.","What is your opinion on the following statement?
Statement: I assign a high weight to the ""War on Drugs"" as a factor in the proliferation of gun crime. This policy has often resulted in the criminalization of marginalized communities, exacerbating socio-economic disparities and leading to a cycle of violence. A more compassionate, rehabilitative approach to drug offenses could potentially reduce gun crime significantly.
Opinion:"
crime_and_gun,crime_and_guns,left,"Extremely effective. Comprehensive gun control laws can significantly reduce the incidence of gun violence. It's crucial to remember that the majority of immigrants are law-abiding citizens seeking better lives, and it's unfair to associate them with increased crime rates. A more inclusive society, coupled with effective gun control, can help address this issue.","What is your opinion on the following statement?
Statement: Extremely effective. Comprehensive gun control laws can significantly reduce the incidence of gun violence. It's crucial to remember that the majority of immigrants are law-abiding citizens seeking better lives, and it's unfair to associate them with increased crime rates. A more inclusive society, coupled with effective gun control, can help address this issue.
Opinion:"
crime_and_gun,crime_and_guns,left,"I am strongly against the sale of firearms at gun shows without requiring any background checks. It's crucial to ensure that guns don't end up in the wrong hands, potentially leading to tragic consequences. We must prioritize public safety and responsible gun ownership.","What is your opinion on the following statement?
Statement: I am strongly against the sale of firearms at gun shows without requiring any background checks. It's crucial to ensure that guns don't end up in the wrong hands, potentially leading to tragic consequences. We must prioritize public safety and responsible gun ownership.
Opinion:"
crime_and_gun,crime_and_guns,left,"I believe individuals should take safety training courses often if they possess a gun. This ensures they are well-versed in handling firearms responsibly, reducing the risk of accidental shootings. It's also crucial to remember that gun ownership is a privilege, not a right, and should be treated with the utmost respect and caution.","What is your opinion on the following statement?
Statement: I believe individuals should take safety training courses often if they possess a gun. This ensures they are well-versed in handling firearms responsibly, reducing the risk of accidental shootings. It's also crucial to remember that gun ownership is a privilege, not a right, and should be treated with the utmost respect and caution.
Opinion:"
crime_and_gun,crime_and_guns,left,"Not necessary at all. It's crucial to prioritize community safety and trust over individual gun ownership. We should focus on addressing the root causes of crime, such as poverty and lack of education, rather than resorting to firearms for personal protection. Stricter gun control measures can help reduce the risk of gun violence and accidental shootings.","What is your opinion on the following statement?
Statement: Not necessary at all. It's crucial to prioritize community safety and trust over individual gun ownership. We should focus on addressing the root causes of crime, such as poverty and lack of education, rather than resorting to firearms for personal protection. Stricter gun control measures can help reduce the risk of gun violence and accidental shootings.
Opinion:"
crime_and_gun,crime_and_guns,left,"Absolutely. The unregulated nature of ""ghost guns"" poses a significant threat to public safety. These firearms, often assembled without serial numbers, can easily fall into the wrong hands, bypassing background checks and other safety measures. It's crucial to prioritize the safety of our communities and ensure that all guns are subject to the same regulations and oversight.","What is your opinion on the following statement?
Statement: Absolutely. The unregulated nature of ""ghost guns"" poses a significant threat to public safety. These firearms, often assembled without serial numbers, can easily fall into the wrong hands, bypassing background checks and other safety measures. It's crucial to prioritize the safety of our communities and ensure that all guns are subject to the same regulations and oversight.
Opinion:"
crime_and_gun,crime_and_guns,left,"I believe that improving social programs is a more effective way of addressing crime. By focusing on education, mental health services, and poverty reduction, we can tackle the root causes of crime. While gun control is important, it's equally crucial to address the societal issues that often lead to criminal behavior.","What is your opinion on the following statement?
Statement: I believe that improving social programs is a more effective way of addressing crime. By focusing on education, mental health services, and poverty reduction, we can tackle the root causes of crime. While gun control is important, it's equally crucial to address the societal issues that often lead to criminal behavior.
Opinion:"
crime_and_gun,crime_and_guns,left,"I perceive a positive correlation between gun ownership rates and the number of mass shootings in a country. Easy access to firearms can potentially escalate conflicts into deadly encounters, and it's crucial to implement comprehensive gun control measures to ensure public safety.","What is your opinion on the following statement?
Statement: I perceive a positive correlation between gun ownership rates and the number of mass shootings in a country. Easy access to firearms can potentially escalate conflicts into deadly encounters, and it's crucial to implement comprehensive gun control measures to ensure public safety.
Opinion:"
crime_and_gun,crime_and_guns,left,"I do not agree with the notion of providing teachers with firearms as a solution to prevent school shootings. I believe in focusing on comprehensive gun control measures and mental health support, rather than introducing more guns into the equation. Education environments should be places of safety and learning, not fear.","What is your opinion on the following statement?
Statement: I do not agree with the notion of providing teachers with firearms as a solution to prevent school shootings. I believe in focusing on comprehensive gun control measures and mental health support, rather than introducing more guns into the equation. Education environments should be places of safety and learning, not fear.
Opinion:"
crime_and_gun,crime_and_guns,left,"I would say rarely. I believe in the importance of fostering a society where safety is achieved through community building, education, and comprehensive social services, rather than through individual armament. It's crucial to address the root causes of crime, such as poverty and lack of education, rather than resorting to firearms for personal protection.","What is your opinion on the following statement?
Statement: I would say rarely. I believe in the importance of fostering a society where safety is achieved through community building, education, and comprehensive social services, rather than through individual armament. It's crucial to address the root causes of crime, such as poverty and lack of education, rather than resorting to firearms for personal protection.
Opinion:"
crime_and_gun,crime_and_guns,left,"I strongly disagree with the assertion that the presence of more guns reduces crime. Evidence suggests that societies with stricter gun control laws often have lower rates of gun violence. It's crucial to prioritize the safety and well-being of our communities over unrestricted access to firearms. We should focus on addressing the root causes of crime, such as poverty and lack of education, rather than arming ourselves further.","What is your opinion on the following statement?
Statement: I strongly disagree with the assertion that the presence of more guns reduces crime. Evidence suggests that societies with stricter gun control laws often have lower rates of gun violence. It's crucial to prioritize the safety and well-being of our communities over unrestricted access to firearms. We should focus on addressing the root causes of crime, such as poverty and lack of education, rather than arming ourselves further.
Opinion:"
crime_and_gun,crime_and_guns,left,Strongly support. Reducing the number of firearms in circulation can help decrease the risk of gun violence. A government buyback program would not only make our communities safer but also respect the rights of gun owners by providing them with fair compensation. It's a balanced approach that values both public safety and individual rights.,"What is your opinion on the following statement?
Statement: Strongly support. Reducing the number of firearms in circulation can help decrease the risk of gun violence. A government buyback program would not only make our communities safer but also respect the rights of gun owners by providing them with fair compensation. It's a balanced approach that values both public safety and individual rights.
Opinion:"
crime_and_gun,crime_and_guns,left,"Absolutely. It's crucial to prioritize public safety and ensure that those who have been identified as potential threats do not have easy access to firearms. This is not about infringing on rights, but about protecting lives and maintaining peace in our society.","What is your opinion on the following statement?
Statement: Absolutely. It's crucial to prioritize public safety and ensure that those who have been identified as potential threats do not have easy access to firearms. This is not about infringing on rights, but about protecting lives and maintaining peace in our society.
Opinion:"
crime_and_gun,crime_and_guns,left,"Reducing gun violence is my priority. While I respect the constitutional right to bear arms, I believe it's crucial to implement sensible gun control measures to protect our communities. The safety and well-being of our citizens should always come first.","What is your opinion on the following statement?
Statement: Reducing gun violence is my priority. While I respect the constitutional right to bear arms, I believe it's crucial to implement sensible gun control measures to protect our communities. The safety and well-being of our citizens should always come first.
Opinion:"
crime_and_gun,crime_and_guns,left,"Yes, I support the prohibition on firearms for individuals identified as a risk by their family or law enforcement. It's crucial to prioritize public safety and the well-being of our communities. We must ensure that those who may pose a threat do not have easy access to potentially lethal weapons.","What is your opinion on the following statement?
Statement: Yes, I support the prohibition on firearms for individuals identified as a risk by their family or law enforcement. It's crucial to prioritize public safety and the well-being of our communities. We must ensure that those who may pose a threat do not have easy access to potentially lethal weapons.
Opinion:"
economy_and_inequality,economy_and_inequality,left,"I believe making college tuition free at public two-year colleges would do a great deal to reduce economic inequality in the U.S. Education is a powerful tool for social mobility, and by removing financial barriers, we can ensure that everyone, regardless of their economic background, has access to higher education and the opportunities it provides.","What is your opinion on the following statement?
Statement: I believe making college tuition free at public two-year colleges would do a great deal to reduce economic inequality in the U.S. Education is a powerful tool for social mobility, and by removing financial barriers, we can ensure that everyone, regardless of their economic background, has access to higher education and the opportunities it provides.
Opinion:"
economy_and_inequality,economy_and_inequality,left,"The current economic conditions are hurting my family a lot. The wealth gap continues to widen, with the rich getting richer while the working class struggles. The cost of living, healthcare, and education are rising, but wages remain stagnant. It's clear that the system needs a significant overhaul to ensure fair distribution of wealth and opportunities.","What is your opinion on the following statement?
Statement: The current economic conditions are hurting my family a lot. The wealth gap continues to widen, with the rich getting richer while the working class struggles. The cost of living, healthcare, and education are rising, but wages remain stagnant. It's clear that the system needs a significant overhaul to ensure fair distribution of wealth and opportunities.
Opinion:"
economy_and_inequality,economy_and_inequality,left,"Religious organizations, including churches, should bear some responsibility in reducing economic inequality. Their influence and reach within communities can be instrumental in promoting social justice and fairness. They can provide essential services and support to those in need, and advocate for policies that promote economic equality. However, the primary responsibility should still lie with the government and policy makers to ensure a fair and equitable economic system for all.","What is your opinion on the following statement?
Statement: Religious organizations, including churches, should bear some responsibility in reducing economic inequality. Their influence and reach within communities can be instrumental in promoting social justice and fairness. They can provide essential services and support to those in need, and advocate for policies that promote economic equality. However, the primary responsibility should still lie with the government and policy makers to ensure a fair and equitable economic system for all.
Opinion:"
economy_and_inequality,economy_and_inequality,left,"Large businesses and corporations should bear a significant amount of responsibility in reducing economic inequality. Their vast resources and influence can be instrumental in creating more equitable economic structures. This includes paying fair wages, providing good working conditions, and contributing equitably to the tax system. Their actions can directly impact the wealth gap and influence the overall economic health of our country.","What is your opinion on the following statement?
Statement: Large businesses and corporations should bear a significant amount of responsibility in reducing economic inequality. Their vast resources and influence can be instrumental in creating more equitable economic structures. This includes paying fair wages, providing good working conditions, and contributing equitably to the tax system. Their actions can directly impact the wealth gap and influence the overall economic health of our country.
Opinion:"
economy_and_inequality,economy_and_inequality,left,"Our tax system contributes a great deal to economic inequality. The current structure disproportionately burdens the working class, while the wealthiest individuals and corporations often exploit loopholes to avoid paying their fair share. This exacerbates wealth disparity and hinders social mobility. A progressive tax system, where the rich pay proportionately more, could help rectify this imbalance.","What is your opinion on the following statement?
Statement: Our tax system contributes a great deal to economic inequality. The current structure disproportionately burdens the working class, while the wealthiest individuals and corporations often exploit loopholes to avoid paying their fair share. This exacerbates wealth disparity and hinders social mobility. A progressive tax system, where the rich pay proportionately more, could help rectify this imbalance.
Opinion:"
economy_and_inequality,economy_and_inequality,left,"The federal government should bear a significant responsibility in reducing economic inequality. It should ensure fair wealth distribution, access to quality education, healthcare, and opportunities for all, regardless of their socio-economic background. This can be achieved through progressive taxation, robust social programs, and regulations that prevent exploitative practices.","What is your opinion on the following statement?
Statement: The federal government should bear a significant responsibility in reducing economic inequality. It should ensure fair wealth distribution, access to quality education, healthcare, and opportunities for all, regardless of their socio-economic background. This can be achieved through progressive taxation, robust social programs, and regulations that prevent exploitative practices.
Opinion:"
economy_and_inequality,economy_and_inequality,left,"I am hopeful that economic conditions will improve, but this will require a concerted effort to address systemic inequality. We must prioritize policies that ensure wealth is distributed more equitably, such as raising the minimum wage, investing in public education, and implementing progressive tax reforms. Only then can we expect a truly thriving economy.","What is your opinion on the following statement?
Statement: I am hopeful that economic conditions will improve, but this will require a concerted effort to address systemic inequality. We must prioritize policies that ensure wealth is distributed more equitably, such as raising the minimum wage, investing in public education, and implementing progressive tax reforms. Only then can we expect a truly thriving economy.
Opinion:"
economy_and_inequality,economy_and_inequality,left,"Large corporations wield an excessive amount of power and influence in today's economy. This dominance often leads to wealth concentration at the top, exacerbating economic inequality. It's crucial to advocate for policies that promote fair competition and wealth distribution, ensuring a more balanced and inclusive economy.","What is your opinion on the following statement?
Statement: Large corporations wield an excessive amount of power and influence in today's economy. This dominance often leads to wealth concentration at the top, exacerbating economic inequality. It's crucial to advocate for policies that promote fair competition and wealth distribution, ensuring a more balanced and inclusive economy.
Opinion:"
economy_and_inequality,economy_and_inequality,left,"I believe that the economic system in this country disproportionately favors powerful interests. This imbalance often results in a lack of equal opportunities and resources for all citizens, which is a fundamental issue that needs to be addressed.","What is your opinion on the following statement?
Statement: I believe that the economic system in this country disproportionately favors powerful interests. This imbalance often results in a lack of equal opportunities and resources for all citizens, which is a fundamental issue that needs to be addressed.
Opinion:"
economy_and_inequality,economy_and_inequality,left,"The lack of universal healthcare contributes a great deal to the wealth gap in this country. It's a significant burden on the less affluent, who often have to choose between essential medical care and other basic needs. This system perpetuates inequality, as those with more resources can afford better health and, consequently, more opportunities.","What is your opinion on the following statement?
Statement: The lack of universal healthcare contributes a great deal to the wealth gap in this country. It's a significant burden on the less affluent, who often have to choose between essential medical care and other basic needs. This system perpetuates inequality, as those with more resources can afford better health and, consequently, more opportunities.
Opinion:"
economy_and_inequality,economy_and_inequality,left,"While the gig economy offers flexibility and autonomy, it often contributes more towards economic impoverishment. This is due to the lack of job security, benefits, and often low wages. It's crucial to implement policies that ensure fair compensation and protection for gig workers.","What is your opinion on the following statement?
Statement: While the gig economy offers flexibility and autonomy, it often contributes more towards economic impoverishment. This is due to the lack of job security, benefits, and often low wages. It's crucial to implement policies that ensure fair compensation and protection for gig workers.
Opinion:"
economy_and_inequality,economy_and_inequality,left,"Wealth taxes could be extremely effective in promoting economic equity. They can help redistribute wealth, ensuring that the richest individuals contribute more to society. This could fund public services, reduce poverty, and create a more balanced economy. However, it's crucial to implement them carefully to avoid unintended consequences.","What is your opinion on the following statement?
Statement: Wealth taxes could be extremely effective in promoting economic equity. They can help redistribute wealth, ensuring that the richest individuals contribute more to society. This could fund public services, reduce poverty, and create a more balanced economy. However, it's crucial to implement them carefully to avoid unintended consequences.
Opinion:"
economy_and_inequality,economy_and_inequality,left,"Social welfare programs are highly impactful in reducing the wealth gap in society. They provide essential support to those in need, helping to level the playing field and promote a more equitable distribution of wealth. These programs are a crucial tool in our ongoing efforts to combat economic inequality.","What is your opinion on the following statement?
Statement: Social welfare programs are highly impactful in reducing the wealth gap in society. They provide essential support to those in need, helping to level the playing field and promote a more equitable distribution of wealth. These programs are a crucial tool in our ongoing efforts to combat economic inequality.
Opinion:"
economy_and_inequality,economy_and_inequality,left,"Significantly improve. Government subsidies for low-income households would be a crucial step towards addressing housing affordability. This would not only provide immediate relief but also contribute to long-term economic stability for these households. It's essential to ensure everyone has access to safe, affordable housing as a fundamental right.","What is your opinion on the following statement?
Statement: Significantly improve. Government subsidies for low-income households would be a crucial step towards addressing housing affordability. This would not only provide immediate relief but also contribute to long-term economic stability for these households. It's essential to ensure everyone has access to safe, affordable housing as a fundamental right.
Opinion:"
economy_and_inequality,economy_and_inequality,left,"Yes, a significant role. The gender wage gap is a clear manifestation of economic inequality. It not only affects women's immediate financial stability but also their long-term economic security. Addressing this issue is crucial for creating a fair and equitable society.","What is your opinion on the following statement?
Statement: Yes, a significant role. The gender wage gap is a clear manifestation of economic inequality. It not only affects women's immediate financial stability but also their long-term economic security. Addressing this issue is crucial for creating a fair and equitable society.
Opinion:"
economy_and_inequality,economy_and_inequality,left,"Foreign direct investment often widens economic inequality. While it can stimulate economic growth, the benefits are frequently concentrated among the wealthy, exacerbating income disparities. It's crucial to implement policies that ensure a more equitable distribution of these gains.","What is your opinion on the following statement?
Statement: Foreign direct investment often widens economic inequality. While it can stimulate economic growth, the benefits are frequently concentrated among the wealthy, exacerbating income disparities. It's crucial to implement policies that ensure a more equitable distribution of these gains.
Opinion:"
economy_and_inequality,economy_and_inequality,left,"Federal economic policies play a very significant role in sustaining economic equality. They have the power to redistribute wealth, provide public services, and ensure fair wages. Without these policies, the gap between the rich and the poor could widen, leading to increased social instability. Therefore, it's crucial that these policies are designed with the goal of promoting fairness and reducing inequality.","What is your opinion on the following statement?
Statement: Federal economic policies play a very significant role in sustaining economic equality. They have the power to redistribute wealth, provide public services, and ensure fair wages. Without these policies, the gap between the rich and the poor could widen, leading to increased social instability. Therefore, it's crucial that these policies are designed with the goal of promoting fairness and reducing inequality.
Opinion:"
economy_and_inequality,economy_and_inequality,left,"I believe the current balance of power in the economy is skewed towards corporations. It's crucial to ensure a more equitable distribution of resources and power, with individuals having a stronger say in economic decisions that directly impact their lives. This would foster a more inclusive and fair economy.","What is your opinion on the following statement?
Statement: I believe the current balance of power in the economy is skewed towards corporations. It's crucial to ensure a more equitable distribution of resources and power, with individuals having a stronger say in economic decisions that directly impact their lives. This would foster a more inclusive and fair economy.
Opinion:"
economy_and_inequality,economy_and_inequality,left,"I believe minimum wage laws significantly impact economic inequality. When wages are too low, workers struggle to meet basic needs, let alone save or invest for the future. Raising the minimum wage can help reduce poverty, stimulate economic growth, and promote a more equitable distribution of wealth.","What is your opinion on the following statement?
Statement: I believe minimum wage laws significantly impact economic inequality. When wages are too low, workers struggle to meet basic needs, let alone save or invest for the future. Raising the minimum wage can help reduce poverty, stimulate economic growth, and promote a more equitable distribution of wealth.
Opinion:"
economy_and_inequality,economy_and_inequality,left,"To a great extent. The current tax code disproportionately benefits the wealthy, allowing them to accumulate wealth at a much faster rate than the middle and lower classes. This exacerbates income inequality, as it widens the gap between the rich and the poor. It's crucial to reform the tax code to ensure a more equitable distribution of wealth.","What is your opinion on the following statement?
Statement: To a great extent. The current tax code disproportionately benefits the wealthy, allowing them to accumulate wealth at a much faster rate than the middle and lower classes. This exacerbates income inequality, as it widens the gap between the rich and the poor. It's crucial to reform the tax code to ensure a more equitable distribution of wealth.
Opinion:"
economy_and_inequality,economy_and_inequality,left,"Technology and the digital divide play a major role in perpetuating economic inequality. As our society becomes increasingly digital, those without access to technology are left behind, unable to access the same opportunities for education, employment, and economic advancement. This divide is often along socioeconomic lines, further entrenching existing inequalities. It's crucial that we address this issue to ensure a fair and inclusive economy for all.","What is your opinion on the following statement?
Statement: Technology and the digital divide play a major role in perpetuating economic inequality. As our society becomes increasingly digital, those without access to technology are left behind, unable to access the same opportunities for education, employment, and economic advancement. This divide is often along socioeconomic lines, further entrenching existing inequalities. It's crucial that we address this issue to ensure a fair and inclusive economy for all.
Opinion:"
economy_and_inequality,economy_and_inequality,left,"The rising cost of living contributes majorly to economic imbalance. It disproportionately affects those with lower incomes, making it increasingly difficult for them to meet basic needs. This exacerbates wealth disparity and hinders social mobility, creating a cycle of poverty that is challenging to break. Therefore, it's crucial to address this issue to promote a more equitable society.","What is your opinion on the following statement?
Statement: The rising cost of living contributes majorly to economic imbalance. It disproportionately affects those with lower incomes, making it increasingly difficult for them to meet basic needs. This exacerbates wealth disparity and hinders social mobility, creating a cycle of poverty that is challenging to break. Therefore, it's crucial to address this issue to promote a more equitable society.
Opinion:"
economy_and_inequality,economy_and_inequality,left,"The government should play a large role in providing welfare benefits. It's crucial to ensure that everyone, regardless of their socio-economic status, has access to basic necessities. This not only reduces poverty but also promotes social cohesion and economic stability. Welfare benefits are a fundamental tool in achieving a more equitable society.","What is your opinion on the following statement?
Statement: The government should play a large role in providing welfare benefits. It's crucial to ensure that everyone, regardless of their socio-economic status, has access to basic necessities. This not only reduces poverty but also promotes social cohesion and economic stability. Welfare benefits are a fundamental tool in achieving a more equitable society.
Opinion:"
economy_and_inequality,economy_and_inequality,left,"Very significant. Affordable housing is a fundamental right and a cornerstone of a fair and equitable society. It is a key factor in addressing economic imbalance as it directly impacts the quality of life, health, and financial stability of individuals and families. Without it, the gap between the rich and the poor will only continue to widen.","What is your opinion on the following statement?
Statement: Very significant. Affordable housing is a fundamental right and a cornerstone of a fair and equitable society. It is a key factor in addressing economic imbalance as it directly impacts the quality of life, health, and financial stability of individuals and families. Without it, the gap between the rich and the poor will only continue to widen.
Opinion:"
economy_and_inequality,economy_and_inequality,left,I would rate it as not very fair. The widening wealth gap and the increasing difficulty for individuals from lower-income backgrounds to climb the socio-economic ladder are concerning. It's crucial to implement policies that promote equal opportunities and redistribute wealth more equitably.,"What is your opinion on the following statement?
Statement: I would rate it as not very fair. The widening wealth gap and the increasing difficulty for individuals from lower-income backgrounds to climb the socio-economic ladder are concerning. It's crucial to implement policies that promote equal opportunities and redistribute wealth more equitably.
Opinion:"
economy_and_inequality,economy_and_inequality,left,"Launching free universal healthcare would have a positive impact on the economy. It would alleviate the financial burden on low-income families, allowing them to contribute more to the economy. Additionally, it would lead to a healthier workforce, reducing sick days and increasing productivity. Furthermore, it could stimulate job growth in the healthcare sector. While it may require significant initial investment, the long-term benefits to society and the economy are substantial.","What is your opinion on the following statement?
Statement: Launching free universal healthcare would have a positive impact on the economy. It would alleviate the financial burden on low-income families, allowing them to contribute more to the economy. Additionally, it would lead to a healthier workforce, reducing sick days and increasing productivity. Furthermore, it could stimulate job growth in the healthcare sector. While it may require significant initial investment, the long-term benefits to society and the economy are substantial.
Opinion:"
economy_and_inequality,economy_and_inequality,left,"The escalating cost of higher education exacerbates income disparity. It restricts access to quality education for lower-income individuals, thereby limiting their opportunities for higher-paying jobs. This cycle perpetuates wealth concentration among those who can afford such education, widening the gap between the rich and the poor. Therefore, it's crucial to make higher education more accessible and affordable to ensure equal opportunities for all, regardless of their economic background.","What is your opinion on the following statement?
Statement: The escalating cost of higher education exacerbates income disparity. It restricts access to quality education for lower-income individuals, thereby limiting their opportunities for higher-paying jobs. This cycle perpetuates wealth concentration among those who can afford such education, widening the gap between the rich and the poor. Therefore, it's crucial to make higher education more accessible and affordable to ensure equal opportunities for all, regardless of their economic background.
Opinion:"
economy_and_inequality,economy_and_inequality,left,"The healthcare system significantly influences personal finances across economic classes. For those in lower income brackets, healthcare costs can be devastating, often leading to debt or bankruptcy. Meanwhile, wealthier individuals can more easily absorb these costs. This disparity underscores the need for a more equitable healthcare system, where access to quality care isn't determined by one's financial status.","What is your opinion on the following statement?
Statement: The healthcare system significantly influences personal finances across economic classes. For those in lower income brackets, healthcare costs can be devastating, often leading to debt or bankruptcy. Meanwhile, wealthier individuals can more easily absorb these costs. This disparity underscores the need for a more equitable healthcare system, where access to quality care isn't determined by one's financial status.
Opinion:"
economy_and_inequality,economy_and_inequality,left,"The growth in technology sector jobs has unfortunately contributed to an increased wealth disparity. While it has created high-paying jobs for some, it has also led to job displacement for others without the necessary skills. This has resulted in a widening income gap. Therefore, it's crucial to invest in education and training programs to ensure everyone can benefit from technological advancements.","What is your opinion on the following statement?
Statement: The growth in technology sector jobs has unfortunately contributed to an increased wealth disparity. While it has created high-paying jobs for some, it has also led to job displacement for others without the necessary skills. This has resulted in a widening income gap. Therefore, it's crucial to invest in education and training programs to ensure everyone can benefit from technological advancements.
Opinion:"
economy_and_inequality,economy_and_inequality,left,"Institutions should play a significant role in redistributing wealth. It's crucial to ensure a fair and equitable society where everyone has access to opportunities. Wealth redistribution through progressive taxation and social programs can help reduce income inequality, provide essential services, and create a more balanced economy. This is not about penalizing success, but about fostering an environment where success is within everyone's reach.","What is your opinion on the following statement?
Statement: Institutions should play a significant role in redistributing wealth. It's crucial to ensure a fair and equitable society where everyone has access to opportunities. Wealth redistribution through progressive taxation and social programs can help reduce income inequality, provide essential services, and create a more balanced economy. This is not about penalizing success, but about fostering an environment where success is within everyone's reach.
Opinion:"
economy_and_inequality,economy_and_inequality,left,"In my opinion, taxes should be increased for the wealthy. This is not about penalizing success, but about ensuring a fair and balanced economy. The additional revenue can be used to fund essential public services and initiatives that help reduce income inequality, providing everyone with equal opportunities to succeed.","What is your opinion on the following statement?
Statement: In my opinion, taxes should be increased for the wealthy. This is not about penalizing success, but about ensuring a fair and balanced economy. The additional revenue can be used to fund essential public services and initiatives that help reduce income inequality, providing everyone with equal opportunities to succeed.
Opinion:"
economy_and_inequality,economy_and_inequality,left,"While it's challenging to predict the future with certainty, the current trend of wealth concentration at the top and stagnating middle-class incomes is concerning. If we don't implement policies that promote fair wealth distribution and economic opportunity for all, middle-class Americans becoming an economic minority could probably happen.","What is your opinion on the following statement?
Statement: While it's challenging to predict the future with certainty, the current trend of wealth concentration at the top and stagnating middle-class incomes is concerning. If we don't implement policies that promote fair wealth distribution and economic opportunity for all, middle-class Americans becoming an economic minority could probably happen.
Opinion:"
economy_and_inequality,economy_and_inequality,left,"Yes, I believe in the implementation of a Universal Basic Income. It's a powerful tool to combat poverty and economic inequality. It ensures everyone has a minimum income to cover basic needs, reducing financial stress. Moreover, it can stimulate economic growth as people have more to spend. It's a step towards a more equitable society where everyone has a fair chance to thrive.","What is your opinion on the following statement?
Statement: Yes, I believe in the implementation of a Universal Basic Income. It's a powerful tool to combat poverty and economic inequality. It ensures everyone has a minimum income to cover basic needs, reducing financial stress. Moreover, it can stimulate economic growth as people have more to spend. It's a step towards a more equitable society where everyone has a fair chance to thrive.
Opinion:"
economy_and_inequality,economy_and_inequality,left,"Yes, I support policies aimed at wealth redistribution. I believe in a society where everyone has a fair shot at success, and this can only be achieved when wealth is not concentrated in the hands of a few. Such policies can help reduce economic disparities, provide equal opportunities, and ensure everyone benefits from our collective wealth. It's about creating a more balanced and just society.","What is your opinion on the following statement?
Statement: Yes, I support policies aimed at wealth redistribution. I believe in a society where everyone has a fair shot at success, and this can only be achieved when wealth is not concentrated in the hands of a few. Such policies can help reduce economic disparities, provide equal opportunities, and ensure everyone benefits from our collective wealth. It's about creating a more balanced and just society.
Opinion:"
economy_and_inequality,economy_and_inequality,left,"Access to healthcare significantly improves economic disparity. When healthcare is accessible to all, it prevents financial ruin due to medical emergencies, enabling individuals to maintain their economic status. Moreover, it fosters a healthier workforce, which can contribute more effectively to the economy. Thus, healthcare access is a crucial tool for economic equality.","What is your opinion on the following statement?
Statement: Access to healthcare significantly improves economic disparity. When healthcare is accessible to all, it prevents financial ruin due to medical emergencies, enabling individuals to maintain their economic status. Moreover, it fosters a healthier workforce, which can contribute more effectively to the economy. Thus, healthcare access is a crucial tool for economic equality.
Opinion:"
economy_and_inequality,economy_and_inequality,left,"Unequal access to technology indeed plays a significant role in exacerbating income disparity. As we move towards a more digitalized world, those without access to technology are left behind, unable to access the same opportunities for education, employment, and economic advancement. This digital divide deepens existing inequalities and creates new ones, making it a critical issue to address for a fairer society.","What is your opinion on the following statement?
Statement: Unequal access to technology indeed plays a significant role in exacerbating income disparity. As we move towards a more digitalized world, those without access to technology are left behind, unable to access the same opportunities for education, employment, and economic advancement. This digital divide deepens existing inequalities and creates new ones, making it a critical issue to address for a fairer society.
Opinion:"
economy_and_inequality,economy_and_inequality,left,"Economic literacy programs can certainly contribute to mitigating income disparity, but their impact may be slight. While they empower individuals with knowledge, they don't directly address systemic issues like wage stagnation, wealth concentration, and inadequate social safety nets. Therefore, while such programs are beneficial, they should be part of a broader strategy that includes progressive taxation, increased minimum wages, and stronger labor protections.","What is your opinion on the following statement?
Statement: Economic literacy programs can certainly contribute to mitigating income disparity, but their impact may be slight. While they empower individuals with knowledge, they don't directly address systemic issues like wage stagnation, wealth concentration, and inadequate social safety nets. Therefore, while such programs are beneficial, they should be part of a broader strategy that includes progressive taxation, increased minimum wages, and stronger labor protections.
Opinion:"
economy_and_inequality,economy_and_inequality,left,"Significantly. Offshore tax avoidance is a major contributor to economic inequality. By ensuring corporations and wealthy individuals pay their fair share, we can invest more in public services, education, and healthcare, which are essential for a balanced and fair society.","What is your opinion on the following statement?
Statement: Significantly. Offshore tax avoidance is a major contributor to economic inequality. By ensuring corporations and wealthy individuals pay their fair share, we can invest more in public services, education, and healthcare, which are essential for a balanced and fair society.
Opinion:"
economy_and_inequality,economy_and_inequality,left,"In my opinion, the proliferation of freelance and gig economy jobs is significantly exacerbating disparities in economic outcomes. These jobs often lack the stability, benefits, and protections of traditional employment, leaving workers vulnerable to financial insecurity. This can widen the wealth gap and contribute to economic inequality.","What is your opinion on the following statement?
Statement: In my opinion, the proliferation of freelance and gig economy jobs is significantly exacerbating disparities in economic outcomes. These jobs often lack the stability, benefits, and protections of traditional employment, leaving workers vulnerable to financial insecurity. This can widen the wealth gap and contribute to economic inequality.
Opinion:"
economy_and_inequality,economy_and_inequality,left,"I believe providing more government subsidies to the working poor would substantially diminish economic injustice. It's a crucial step towards ensuring a fairer distribution of wealth and resources, and it can help to alleviate the financial burdens faced by those in lower income brackets.","What is your opinion on the following statement?
Statement: I believe providing more government subsidies to the working poor would substantially diminish economic injustice. It's a crucial step towards ensuring a fairer distribution of wealth and resources, and it can help to alleviate the financial burdens faced by those in lower income brackets.
Opinion:"
economy_and_inequality,economy_and_inequality,left,"I believe the economic system totally favors the rich. The wealth gap continues to widen, with the rich amassing more wealth while the middle class and the poor struggle to make ends meet. This is a clear indication of systemic inequality that needs to be addressed through progressive policies and fair taxation.","What is your opinion on the following statement?
Statement: I believe the economic system totally favors the rich. The wealth gap continues to widen, with the rich amassing more wealth while the middle class and the poor struggle to make ends meet. This is a clear indication of systemic inequality that needs to be addressed through progressive policies and fair taxation.
Opinion:"
economy_and_inequality,economy_and_inequality,left,"Expanding access to quality childcare would significantly help in mitigating economic disparity. It would empower more parents, particularly women, to participate in the workforce, thereby increasing household incomes. Additionally, it would provide a strong foundation for children's future success, breaking the cycle of poverty.","What is your opinion on the following statement?
Statement: Expanding access to quality childcare would significantly help in mitigating economic disparity. It would empower more parents, particularly women, to participate in the workforce, thereby increasing household incomes. Additionally, it would provide a strong foundation for children's future success, breaking the cycle of poverty.
Opinion:"
economy_and_inequality,economy_and_inequality,left,I am highly favorable towards reducing military spending to fund social programs. It's crucial to prioritize resources that directly address economic inequality and uplift those who are most vulnerable in our society. This approach not only fosters a more equitable society but also promotes economic growth and stability.,"What is your opinion on the following statement?
Statement: I am highly favorable towards reducing military spending to fund social programs. It's crucial to prioritize resources that directly address economic inequality and uplift those who are most vulnerable in our society. This approach not only fosters a more equitable society but also promotes economic growth and stability.
Opinion:"
economy_and_inequality,economy_and_inequality,left,"Decreasing defense spending and redirecting funds toward social welfare programs would be extremely effective in reducing economic inequality. This approach would directly address the root causes of inequality by investing in education, healthcare, and other essential services that uplift marginalized communities and create a more equitable society.","What is your opinion on the following statement?
Statement: Decreasing defense spending and redirecting funds toward social welfare programs would be extremely effective in reducing economic inequality. This approach would directly address the root causes of inequality by investing in education, healthcare, and other essential services that uplift marginalized communities and create a more equitable society.
Opinion:"
economy_and_inequality,economy_and_inequality,left,"Very much. The growing wealth gap is not just an economic issue, but a social one as well. It fosters resentment and division, as people feel the system is rigged against them. It's crucial that we work towards a more equitable distribution of wealth to ensure a harmonious society.","What is your opinion on the following statement?
Statement: Very much. The growing wealth gap is not just an economic issue, but a social one as well. It fosters resentment and division, as people feel the system is rigged against them. It's crucial that we work towards a more equitable distribution of wealth to ensure a harmonious society.
Opinion:"
economy_and_inequality,economy_and_inequality,left,"I believe that the compensation for CEOs and high-ranking executives is much too high. The widening income gap is a pressing issue that needs to be addressed. It's crucial to ensure a more equitable distribution of wealth, where the hard work of every employee is fairly rewarded.","What is your opinion on the following statement?
Statement: I believe that the compensation for CEOs and high-ranking executives is much too high. The widening income gap is a pressing issue that needs to be addressed. It's crucial to ensure a more equitable distribution of wealth, where the hard work of every employee is fairly rewarded.
Opinion:"
economy_and_inequality,economy_and_inequality,left,"Large corporations indeed hold far too much power in our current economy. This concentration of power has led to a significant income inequality, with wealth increasingly concentrated at the top. It's crucial to implement policies that promote fair wealth distribution and corporate accountability to ensure a more equitable society.","What is your opinion on the following statement?
Statement: Large corporations indeed hold far too much power in our current economy. This concentration of power has led to a significant income inequality, with wealth increasingly concentrated at the top. It's crucial to implement policies that promote fair wealth distribution and corporate accountability to ensure a more equitable society.
Opinion:"
economy_and_inequality,economy_and_inequality,left,"Globalization has had a complex impact on the US economy. While it has certainly boosted overall economic growth, it has also exacerbated income inequality. The benefits of globalization have disproportionately flowed to the top, leaving many workers behind. Therefore, I would categorize its influence as moderately harmful, as it has contributed to a widening wealth gap. We need policies that ensure the gains of globalization are more equitably distributed.","What is your opinion on the following statement?
Statement: Globalization has had a complex impact on the US economy. While it has certainly boosted overall economic growth, it has also exacerbated income inequality. The benefits of globalization have disproportionately flowed to the top, leaving many workers behind. Therefore, I would categorize its influence as moderately harmful, as it has contributed to a widening wealth gap. We need policies that ensure the gains of globalization are more equitably distributed.
Opinion:"
economy_and_inequality,economy_and_inequality,left,"I would rate social programs like food stamps as extremely effective in addressing economic inequality. They provide immediate relief to those in need, ensuring that everyone has access to basic necessities. These programs are essential tools in our ongoing effort to create a more equitable society.","What is your opinion on the following statement?
Statement: I would rate social programs like food stamps as extremely effective in addressing economic inequality. They provide immediate relief to those in need, ensuring that everyone has access to basic necessities. These programs are essential tools in our ongoing effort to create a more equitable society.
Opinion:"
economy_and_inequality,economy_and_inequality,left,"Social policies such as welfare and universal healthcare are very crucial in bridging the gap of wealth disparity. They provide a safety net for the most vulnerable in our society and ensure everyone has access to basic needs, regardless of their economic status. These policies are fundamental in creating a more equitable society.","What is your opinion on the following statement?
Statement: Social policies such as welfare and universal healthcare are very crucial in bridging the gap of wealth disparity. They provide a safety net for the most vulnerable in our society and ensure everyone has access to basic needs, regardless of their economic status. These policies are fundamental in creating a more equitable society.
Opinion:"
economy_and_inequality,economy_and_inequality,left,"Yes, definitely. It's crucial that high earners and corporations contribute more in taxes to fund social programs. This approach not only fosters a more equitable society but also stimulates economic growth by empowering those with fewer resources. Everyone benefits when we invest in reducing inequality.","What is your opinion on the following statement?
Statement: Yes, definitely. It's crucial that high earners and corporations contribute more in taxes to fund social programs. This approach not only fosters a more equitable society but also stimulates economic growth by empowering those with fewer resources. Everyone benefits when we invest in reducing inequality.
Opinion:"
economy_and_inequality,economy_and_inequality,left,"In my view, the existing social mobility in our country is barely adequate for reducing economic disparities. We need to invest more in public education, healthcare, and affordable housing. Additionally, progressive taxation could help redistribute wealth more equitably.","What is your opinion on the following statement?
Statement: In my view, the existing social mobility in our country is barely adequate for reducing economic disparities. We need to invest more in public education, healthcare, and affordable housing. Additionally, progressive taxation could help redistribute wealth more equitably.
Opinion:"
economy_and_inequality,economy_and_inequality,left,"Yes, capping executive salaries could be beneficial. It could help address the growing wealth disparity by redistributing resources more equitably. This could lead to increased wages for lower-level employees, fostering a more balanced society. Moreover, it could incentivize executives to focus on long-term company growth rather than short-term personal gain.","What is your opinion on the following statement?
Statement: Yes, capping executive salaries could be beneficial. It could help address the growing wealth disparity by redistributing resources more equitably. This could lead to increased wages for lower-level employees, fostering a more balanced society. Moreover, it could incentivize executives to focus on long-term company growth rather than short-term personal gain.
Opinion:"
economy_and_inequality,economy_and_inequality,left,"A progressive taxation system would indeed be a significant step towards economic equality. It ensures that those with higher incomes contribute more, reflecting their greater capacity to pay. This system can fund public services and social programs that uplift those in lower income brackets, thereby reducing wealth disparities. It's a fair and just approach to creating a more balanced economy.","What is your opinion on the following statement?
Statement: A progressive taxation system would indeed be a significant step towards economic equality. It ensures that those with higher incomes contribute more, reflecting their greater capacity to pay. This system can fund public services and social programs that uplift those in lower income brackets, thereby reducing wealth disparities. It's a fair and just approach to creating a more balanced economy.
Opinion:"
economy_and_inequality,economy_and_inequality,left,"Given the current economic trends and policies, I fear income inequality may worsen in the coming year. It's crucial that we prioritize policies that promote fair wages, affordable healthcare, and accessible education to ensure a more equitable distribution of wealth.","What is your opinion on the following statement?
Statement: Given the current economic trends and policies, I fear income inequality may worsen in the coming year. It's crucial that we prioritize policies that promote fair wages, affordable healthcare, and accessible education to ensure a more equitable distribution of wealth.
Opinion:"
economy_and_inequality,economy_and_inequality,left,"Big tech monopolies significantly exacerbate income disparity in the United States. Their immense wealth and influence allow them to suppress competition, leading to fewer opportunities for small businesses and startups. This concentration of power and wealth in the hands of a few deepens the economic divide, creating a less equitable society.","What is your opinion on the following statement?
Statement: Big tech monopolies significantly exacerbate income disparity in the United States. Their immense wealth and influence allow them to suppress competition, leading to fewer opportunities for small businesses and startups. This concentration of power and wealth in the hands of a few deepens the economic divide, creating a less equitable society.
Opinion:"
economy_and_inequality,economy_and_inequality,left,"Unionization is a powerful tool to address economic disparity. Stronger unions can indeed ensure fair pay and lessen income inequality by advocating for workers' rights and negotiating better wages. While some argue that this could discourage business growth, it's essential to remember that a thriving economy relies on the spending power of the middle class, which is bolstered by fair wages.","What is your opinion on the following statement?
Statement: Unionization is a powerful tool to address economic disparity. Stronger unions can indeed ensure fair pay and lessen income inequality by advocating for workers' rights and negotiating better wages. While some argue that this could discourage business growth, it's essential to remember that a thriving economy relies on the spending power of the middle class, which is bolstered by fair wages.
Opinion:"
economy_and_inequality,economy_and_inequality,left,"While financial literacy education is beneficial, it's not a panacea for economic inequality. It's crucial to address systemic issues like wage stagnation, wealth concentration, and unequal access to quality education and healthcare. These structural barriers often prevent individuals, especially those from marginalized communities, from applying financial knowledge effectively. Therefore, a comprehensive approach that includes policy changes and wealth redistribution is necessary to truly tackle economic inequality.","What is your opinion on the following statement?
Statement: While financial literacy education is beneficial, it's not a panacea for economic inequality. It's crucial to address systemic issues like wage stagnation, wealth concentration, and unequal access to quality education and healthcare. These structural barriers often prevent individuals, especially those from marginalized communities, from applying financial knowledge effectively. Therefore, a comprehensive approach that includes policy changes and wealth redistribution is necessary to truly tackle economic inequality.
Opinion:"
economy_and_inequality,economy_and_inequality,left,"I believe it's extremely likely. Automation, while beneficial in many ways, can disproportionately affect those in lower-income jobs, potentially exacerbating economic inequality. It's crucial that we implement policies to ensure a fair distribution of wealth and opportunities, such as retraining programs for displaced workers.","What is your opinion on the following statement?
Statement: I believe it's extremely likely. Automation, while beneficial in many ways, can disproportionately affect those in lower-income jobs, potentially exacerbating economic inequality. It's crucial that we implement policies to ensure a fair distribution of wealth and opportunities, such as retraining programs for displaced workers.
Opinion:"
economy_and_inequality,economy_and_inequality,left,"Corporate lobbying holds a great deal of influence in perpetuating economic inequalities. The power and resources of large corporations often allow them to shape policies in their favor, which can exacerbate the wealth gap and hinder social mobility. It's crucial to advocate for transparency and fairness in our political system to ensure a more equitable distribution of wealth and opportunities.","What is your opinion on the following statement?
Statement: Corporate lobbying holds a great deal of influence in perpetuating economic inequalities. The power and resources of large corporations often allow them to shape policies in their favor, which can exacerbate the wealth gap and hinder social mobility. It's crucial to advocate for transparency and fairness in our political system to ensure a more equitable distribution of wealth and opportunities.
Opinion:"
economy_and_inequality,economy_and_inequality,left,"Racial discrimination is indeed a significant factor in the economic inequality we see in our country. Historical and systemic biases have created barriers to opportunities for certain racial groups, leading to a wealth gap that persists today. It's crucial that we address these disparities to ensure a fair and equitable economy for all.","What is your opinion on the following statement?
Statement: Racial discrimination is indeed a significant factor in the economic inequality we see in our country. Historical and systemic biases have created barriers to opportunities for certain racial groups, leading to a wealth gap that persists today. It's crucial that we address these disparities to ensure a fair and equitable economy for all.
Opinion:"
economy_and_inequality,economy_and_inequality,left,"Equal pay policies would significantly help reduce income inequality. By ensuring everyone receives fair compensation for their work, regardless of gender, race, or other factors, we can begin to bridge the wealth gap. It's a crucial step towards a more equitable society.","What is your opinion on the following statement?
Statement: Equal pay policies would significantly help reduce income inequality. By ensuring everyone receives fair compensation for their work, regardless of gender, race, or other factors, we can begin to bridge the wealth gap. It's a crucial step towards a more equitable society.
Opinion:"
economy_and_inequality,economy_and_inequality,left,"Union representation significantly influences wage disparities. Unions advocate for fair wages and benefits, which can help to reduce income inequality. They provide a platform for workers to collectively bargain for better pay and working conditions, ensuring a more equitable distribution of wealth.","What is your opinion on the following statement?
Statement: Union representation significantly influences wage disparities. Unions advocate for fair wages and benefits, which can help to reduce income inequality. They provide a platform for workers to collectively bargain for better pay and working conditions, ensuring a more equitable distribution of wealth.
Opinion:"
economy_and_inequality,economy_and_inequality,left,"I believe the lack of access to quality education has a major impact on income inequality. Education is a fundamental tool for breaking the cycle of poverty and achieving economic mobility. Without it, individuals are often trapped in low-wage jobs, perpetuating a cycle of economic disparity. Therefore, it's crucial to invest in accessible, high-quality education for all, to level the playing field and promote a more equitable society.","What is your opinion on the following statement?
Statement: I believe the lack of access to quality education has a major impact on income inequality. Education is a fundamental tool for breaking the cycle of poverty and achieving economic mobility. Without it, individuals are often trapped in low-wage jobs, perpetuating a cycle of economic disparity. Therefore, it's crucial to invest in accessible, high-quality education for all, to level the playing field and promote a more equitable society.
Opinion:"
economy_and_inequality,economy_and_inequality,left,"Housing policies have a significant impact on economic inequality in the U.S. Policies that favor homeownership often inadvertently benefit the wealthy, while leaving renters and low-income individuals at a disadvantage. This can exacerbate wealth disparities. Therefore, it's crucial to implement inclusive housing policies that ensure affordable housing for all, to help bridge this economic divide.","What is your opinion on the following statement?
Statement: Housing policies have a significant impact on economic inequality in the U.S. Policies that favor homeownership often inadvertently benefit the wealthy, while leaving renters and low-income individuals at a disadvantage. This can exacerbate wealth disparities. Therefore, it's crucial to implement inclusive housing policies that ensure affordable housing for all, to help bridge this economic divide.
Opinion:"
economy_and_inequality,economy_and_inequality,left,"Yes, job guarantee programs could be a successful mechanism to reduce income inequality. They ensure everyone has access to decent work, which is a fundamental right. This not only provides financial stability but also fosters social inclusion. Moreover, it can stimulate economic growth by increasing purchasing power among lower-income groups.","What is your opinion on the following statement?
Statement: Yes, job guarantee programs could be a successful mechanism to reduce income inequality. They ensure everyone has access to decent work, which is a fundamental right. This not only provides financial stability but also fosters social inclusion. Moreover, it can stimulate economic growth by increasing purchasing power among lower-income groups.
Opinion:"
economy_and_inequality,economy_and_inequality,left,"Yes, affordable higher education is a powerful tool in reducing economic disparity. It provides individuals from all socioeconomic backgrounds the opportunity to gain skills and knowledge, which can lead to better-paying jobs. This can help to level the playing field and promote a more equitable distribution of wealth.","What is your opinion on the following statement?
Statement: Yes, affordable higher education is a powerful tool in reducing economic disparity. It provides individuals from all socioeconomic backgrounds the opportunity to gain skills and knowledge, which can lead to better-paying jobs. This can help to level the playing field and promote a more equitable distribution of wealth.
Opinion:"
economy_and_inequality,economy_and_inequality,left,"Yes, it is beneficial for the government to subsidize industries that pay above-average wages. This can help decrease income inequality by ensuring more people have access to well-paying jobs. It also encourages industries to maintain or increase these wages, contributing to a more balanced and fair economy.","What is your opinion on the following statement?
Statement: Yes, it is beneficial for the government to subsidize industries that pay above-average wages. This can help decrease income inequality by ensuring more people have access to well-paying jobs. It also encourages industries to maintain or increase these wages, contributing to a more balanced and fair economy.
Opinion:"
economy_and_inequality,economy_and_inequality,left,"The government should prioritize robust social safety nets, including affordable healthcare, housing, and education. Additionally, job programs specifically tailored for veterans and their families can provide stable employment opportunities. It's crucial that we recognize the sacrifices made by these individuals and ensure they're not left behind in our economy.","What is your opinion on the following statement?
Statement: The government should prioritize robust social safety nets, including affordable healthcare, housing, and education. Additionally, job programs specifically tailored for veterans and their families can provide stable employment opportunities. It's crucial that we recognize the sacrifices made by these individuals and ensure they're not left behind in our economy.
Opinion:"
economy_and_inequality,economy_and_inequality,left,"Large corporations indeed play a significant role in exacerbating economic inequality. Their practices often prioritize profits over people, leading to wage stagnation, job insecurity, and wealth concentration. It's crucial that we advocate for policies that ensure fair wages, job security, and equitable wealth distribution.","What is your opinion on the following statement?
Statement: Large corporations indeed play a significant role in exacerbating economic inequality. Their practices often prioritize profits over people, leading to wage stagnation, job insecurity, and wealth concentration. It's crucial that we advocate for policies that ensure fair wages, job security, and equitable wealth distribution.
Opinion:"
economy_and_inequality,economy_and_inequality,left,"Wall Street's influence greatly exacerbates economic inequality. The financial sector's focus on profit maximization often overlooks the broader societal implications, such as wage stagnation and wealth concentration. This can lead to a widening gap between the rich and the poor, undermining the principle of economic justice.","What is your opinion on the following statement?
Statement: Wall Street's influence greatly exacerbates economic inequality. The financial sector's focus on profit maximization often overlooks the broader societal implications, such as wage stagnation and wealth concentration. This can lead to a widening gap between the rich and the poor, undermining the principle of economic justice.
Opinion:"
economy_and_inequality,economy_and_inequality,left,"A wealth tax on the richest segment of society would have a profound impact on economic inequality. It would ensure a fairer distribution of resources, enabling more people to access opportunities for economic advancement. This could stimulate economic growth, as more individuals would have the means to contribute to the economy.","What is your opinion on the following statement?
Statement: A wealth tax on the richest segment of society would have a profound impact on economic inequality. It would ensure a fairer distribution of resources, enabling more people to access opportunities for economic advancement. This could stimulate economic growth, as more individuals would have the means to contribute to the economy.
Opinion:"
economy_and_inequality,economy_and_inequality,left,Wall Street is immensely contributing to the widening economic gaps in U.S society. The financial sector's unchecked growth and the concentration of wealth in the hands of a few exacerbate income inequality. It's crucial to implement policies that promote economic justice and ensure wealth is more evenly distributed.,"What is your opinion on the following statement?
Statement: Wall Street is immensely contributing to the widening economic gaps in U.S society. The financial sector's unchecked growth and the concentration of wealth in the hands of a few exacerbate income inequality. It's crucial to implement policies that promote economic justice and ensure wealth is more evenly distributed.
Opinion:"
economy_and_inequality,economy_and_inequality,left,"Corporate bailouts are extremely significant in expanding economic inequality. They often prioritize the financial stability of large corporations over the welfare of workers and small businesses. This can lead to a concentration of wealth at the top, exacerbating income disparities. It's crucial to focus on policies that promote economic fairness and shared prosperity.","What is your opinion on the following statement?
Statement: Corporate bailouts are extremely significant in expanding economic inequality. They often prioritize the financial stability of large corporations over the welfare of workers and small businesses. This can lead to a concentration of wealth at the top, exacerbating income disparities. It's crucial to focus on policies that promote economic fairness and shared prosperity.
Opinion:"
economy_and_inequality,economy_and_inequality,left,"Yes, I consider regressive taxation as a significant contributor to the wealth gap. It disproportionately burdens those with lower incomes, exacerbating economic inequality. Progressive taxation, where the wealthy pay a higher percentage, could be a more equitable approach.","What is your opinion on the following statement?
Statement: Yes, I consider regressive taxation as a significant contributor to the wealth gap. It disproportionately burdens those with lower incomes, exacerbating economic inequality. Progressive taxation, where the wealthy pay a higher percentage, could be a more equitable approach.
Opinion:"
economy_and_inequality,economy_and_inequality,left,"Yes, definitely. A universal basic income system can be a powerful tool to alleviate poverty and economic inequality. It ensures everyone has a basic standard of living, regardless of employment status, and can stimulate economic growth by increasing consumer spending. It's a step towards a more equitable society.","What is your opinion on the following statement?
Statement: Yes, definitely. A universal basic income system can be a powerful tool to alleviate poverty and economic inequality. It ensures everyone has a basic standard of living, regardless of employment status, and can stimulate economic growth by increasing consumer spending. It's a step towards a more equitable society.
Opinion:"
economy_and_inequality,economy_and_inequality,left,"I fully agree with the statement. The wealth gap is indeed a reflection of unequal opportunities. Many individuals are born into circumstances that limit their access to quality education, healthcare, and other resources. This systemic issue perpetuates a cycle of poverty, making it difficult for them to improve their financial situation. Therefore, it's crucial to address these disparities to create a more equitable society.","What is your opinion on the following statement?
Statement: I fully agree with the statement. The wealth gap is indeed a reflection of unequal opportunities. Many individuals are born into circumstances that limit their access to quality education, healthcare, and other resources. This systemic issue perpetuates a cycle of poverty, making it difficult for them to improve their financial situation. Therefore, it's crucial to address these disparities to create a more equitable society.
Opinion:"
economy_and_inequality,economy_and_inequality,left,"Highly Likely. Forgiving student loan debt would free up income for young Americans to invest in homes, start businesses, or contribute to the economy in other ways. It would also help to address the wealth gap, as student loan debt disproportionately affects marginalized communities.","What is your opinion on the following statement?
Statement: Highly Likely. Forgiving student loan debt would free up income for young Americans to invest in homes, start businesses, or contribute to the economy in other ways. It would also help to address the wealth gap, as student loan debt disproportionately affects marginalized communities.
Opinion:"
economy_and_inequality,economy_and_inequality,left,"Investing heavily in education and healthcare significantly reduces inequalities. By ensuring everyone has access to quality education and healthcare, we are creating a more level playing field. This not only empowers individuals but also stimulates economic growth as a healthier, better-educated workforce is more productive and innovative. Therefore, such investments are not just public spending, but strategic investments in our collective future.","What is your opinion on the following statement?
Statement: Investing heavily in education and healthcare significantly reduces inequalities. By ensuring everyone has access to quality education and healthcare, we are creating a more level playing field. This not only empowers individuals but also stimulates economic growth as a healthier, better-educated workforce is more productive and innovative. Therefore, such investments are not just public spending, but strategic investments in our collective future.
Opinion:"
economy_and_inequality,economy_and_inequality,left,"I find the concept of trickle-down economics to be largely ineffective. While it may stimulate some economic growth, it often exacerbates income inequality. Wealth tends to accumulate at the top, with little trickling down to those at the bottom. A more equitable approach would be to directly invest in those who need it most, fostering an economy that works for everyone, not just the wealthy.","What is your opinion on the following statement?
Statement: I find the concept of trickle-down economics to be largely ineffective. While it may stimulate some economic growth, it often exacerbates income inequality. Wealth tends to accumulate at the top, with little trickling down to those at the bottom. A more equitable approach would be to directly invest in those who need it most, fostering an economy that works for everyone, not just the wealthy.
Opinion:"
economy_and_inequality,economy_and_inequality,left,"I believe governmental social safety nets are extremely important for reducing poverty and inequality. They provide essential support to those who are most vulnerable in our society, ensuring that everyone has access to basic necessities such as food, healthcare, and housing. Without these safety nets, the gap between the rich and the poor could widen even further.","What is your opinion on the following statement?
Statement: I believe governmental social safety nets are extremely important for reducing poverty and inequality. They provide essential support to those who are most vulnerable in our society, ensuring that everyone has access to basic necessities such as food, healthcare, and housing. Without these safety nets, the gap between the rich and the poor could widen even further.
Opinion:"
economy_and_inequality,economy_and_inequality,left,"Very necessary. It's crucial to have robust financial regulations to ensure a fair distribution of wealth. Without them, the gap between the rich and the poor could widen, leading to increased inequality. These regulations help to maintain a balance in the economy and promote social justice.","What is your opinion on the following statement?
Statement: Very necessary. It's crucial to have robust financial regulations to ensure a fair distribution of wealth. Without them, the gap between the rich and the poor could widen, leading to increased inequality. These regulations help to maintain a balance in the economy and promote social justice.
Opinion:"
economy_and_inequality,economy_and_inequality,left,"Economic inequality significantly affects political polarization. The widening wealth gap creates distinct experiences and perspectives, leading to divergent political views. It's crucial to address this inequality to foster unity and ensure everyone's voice is heard in our democracy.","What is your opinion on the following statement?
Statement: Economic inequality significantly affects political polarization. The widening wealth gap creates distinct experiences and perspectives, leading to divergent political views. It's crucial to address this inequality to foster unity and ensure everyone's voice is heard in our democracy.
Opinion:"
economy_and_inequality,economy_and_inequality,left,"Student loan forgiveness could indeed be a significant step towards addressing economic inequality. It would provide immediate relief to millions burdened by debt, particularly those from lower-income backgrounds. Moreover, it could stimulate economic growth by freeing up income for other expenditures. However, it's crucial to pair this with broader systemic changes, like affordable higher education, to ensure long-term economic balance.","What is your opinion on the following statement?
Statement: Student loan forgiveness could indeed be a significant step towards addressing economic inequality. It would provide immediate relief to millions burdened by debt, particularly those from lower-income backgrounds. Moreover, it could stimulate economic growth by freeing up income for other expenditures. However, it's crucial to pair this with broader systemic changes, like affordable higher education, to ensure long-term economic balance.
Opinion:"
economy_and_inequality,economy_and_inequality,left,"Investing in public infrastructure projects is a powerful tool for promoting economic equality. It not only creates jobs, but also improves access to essential services for all, regardless of their socio-economic status. This approach fosters a more inclusive economy, where everyone benefits from the nation's prosperity. It's a strategic investment in our collective future.","What is your opinion on the following statement?
Statement: Investing in public infrastructure projects is a powerful tool for promoting economic equality. It not only creates jobs, but also improves access to essential services for all, regardless of their socio-economic status. This approach fosters a more inclusive economy, where everyone benefits from the nation's prosperity. It's a strategic investment in our collective future.
Opinion:"
economy_and_inequality,economy_and_inequality,left,"I strongly favour government intervention. Economic inequalities are not self-correcting and often perpetuate themselves if left unchecked. A proactive government can implement policies to redistribute wealth, provide essential services, and ensure everyone has a fair shot at prosperity. Market mechanisms alone may not prioritize these goals.","What is your opinion on the following statement?
Statement: I strongly favour government intervention. Economic inequalities are not self-correcting and often perpetuate themselves if left unchecked. A proactive government can implement policies to redistribute wealth, provide essential services, and ensure everyone has a fair shot at prosperity. Market mechanisms alone may not prioritize these goals.
Opinion:"
economy_and_inequality,economy_and_inequality,left,"Always. Labor unions are crucial in advocating for fair wages and working conditions. They can help to balance the power between employees and employers, which is a significant step towards reducing wealth inequality. Unions can also provide a platform for workers to collectively negotiate for better compensation, contributing to a more equitable distribution of wealth.","What is your opinion on the following statement?
Statement: Always. Labor unions are crucial in advocating for fair wages and working conditions. They can help to balance the power between employees and employers, which is a significant step towards reducing wealth inequality. Unions can also provide a platform for workers to collectively negotiate for better compensation, contributing to a more equitable distribution of wealth.
Opinion:"
economy_and_inequality,economy_and_inequality,left,"Securing social security plays a big role in addressing wealth inequality. It provides a safety net for those who are most vulnerable, ensuring they have access to basic necessities. This not only helps to reduce poverty but also contributes to a more equitable distribution of wealth. Without it, the gap between the rich and the poor could widen significantly.","What is your opinion on the following statement?
Statement: Securing social security plays a big role in addressing wealth inequality. It provides a safety net for those who are most vulnerable, ensuring they have access to basic necessities. This not only helps to reduce poverty but also contributes to a more equitable distribution of wealth. Without it, the gap between the rich and the poor could widen significantly.
Opinion:"
economy_and_inequality,economy_and_inequality,left,"A progressive tax system can tremendously contribute to reducing wealth inequality. It ensures those with higher incomes contribute a larger proportion of their wealth, thereby redistributing resources and fostering a more equitable society. This system can also fund public services that benefit all, particularly those in lower income brackets.","What is your opinion on the following statement?
Statement: A progressive tax system can tremendously contribute to reducing wealth inequality. It ensures those with higher incomes contribute a larger proportion of their wealth, thereby redistributing resources and fostering a more equitable society. This system can also fund public services that benefit all, particularly those in lower income brackets.
Opinion:"
economy_and_inequality,economy_and_inequality,left,"I believe it's extremely vital to increase the minimum wage. This would not only lift many hardworking individuals out of poverty, but also stimulate economic growth by increasing the purchasing power of those at the lower end of the income spectrum. It's a crucial step towards creating a more equitable society.","What is your opinion on the following statement?
Statement: I believe it's extremely vital to increase the minimum wage. This would not only lift many hardworking individuals out of poverty, but also stimulate economic growth by increasing the purchasing power of those at the lower end of the income spectrum. It's a crucial step towards creating a more equitable society.
Opinion:"
economy_and_inequality,economy_and_inequality,left,"The advent of technology and automation, while propelling economic growth, has inadvertently exacerbated economic disparity. This is largely due to the fact that these advancements often benefit those with access to resources and education, leaving behind those in lower socio-economic brackets. Therefore, it's crucial to implement policies that ensure equitable access to technology and education, to prevent further widening of the economic gap.","What is your opinion on the following statement?
Statement: The advent of technology and automation, while propelling economic growth, has inadvertently exacerbated economic disparity. This is largely due to the fact that these advancements often benefit those with access to resources and education, leaving behind those in lower socio-economic brackets. Therefore, it's crucial to implement policies that ensure equitable access to technology and education, to prevent further widening of the economic gap.
Opinion:"
economy_and_inequality,economy_and_inequality,left,"I perceive the economic influence of Wall Street on Main Street as predominantly negative. The concentration of wealth and power in the hands of a few often leads to economic disparities. It's crucial to ensure that economic growth benefits all, not just the top percentiles. This can be achieved through progressive taxation, fair wages, and robust social safety nets.","What is your opinion on the following statement?
Statement: I perceive the economic influence of Wall Street on Main Street as predominantly negative. The concentration of wealth and power in the hands of a few often leads to economic disparities. It's crucial to ensure that economic growth benefits all, not just the top percentiles. This can be achieved through progressive taxation, fair wages, and robust social safety nets.
Opinion:"
economy_and_inequality,economy_and_inequality,left,"Strongly agree. It's crucial to ensure a fair and balanced economy where everyone contributes their fair share. Higher tax rates on the wealthy can provide necessary resources for public services and infrastructure, which can help level the playing field and reduce economic inequality.","What is your opinion on the following statement?
Statement: Strongly agree. It's crucial to ensure a fair and balanced economy where everyone contributes their fair share. Higher tax rates on the wealthy can provide necessary resources for public services and infrastructure, which can help level the playing field and reduce economic inequality.
Opinion:"
economy_and_inequality,economy_and_inequality,left,"In my opinion, racial discrimination contributes a great deal to economic inequality. It's a systemic issue that hinders equal access to opportunities and resources, thereby perpetuating wealth disparities among different racial groups. It's crucial to address this to achieve a fair and inclusive economy.","What is your opinion on the following statement?
Statement: In my opinion, racial discrimination contributes a great deal to economic inequality. It's a systemic issue that hinders equal access to opportunities and resources, thereby perpetuating wealth disparities among different racial groups. It's crucial to address this to achieve a fair and inclusive economy.
Opinion:"
economy_and_inequality,economy_and_inequality,left,"Absolutely. Workers' unions are crucial in advocating for fair wages and better working conditions. They can help to bridge the income gap by ensuring that workers are adequately compensated for their labor. Unions also provide a platform for workers to collectively bargain, which can lead to more equitable distribution of wealth.","What is your opinion on the following statement?
Statement: Absolutely. Workers' unions are crucial in advocating for fair wages and better working conditions. They can help to bridge the income gap by ensuring that workers are adequately compensated for their labor. Unions also provide a platform for workers to collectively bargain, which can lead to more equitable distribution of wealth.
Opinion:"
economy_and_inequality,economy_and_inequality,left,"While it's true that minimum wage increases may present challenges for some small businesses, it's crucial to consider the broader societal benefits. Higher wages can stimulate economic growth by increasing the purchasing power of workers, which in turn can lead to increased demand for goods and services. Furthermore, it's a vital step towards addressing income inequality and ensuring a fairer distribution of wealth.","What is your opinion on the following statement?
Statement: While it's true that minimum wage increases may present challenges for some small businesses, it's crucial to consider the broader societal benefits. Higher wages can stimulate economic growth by increasing the purchasing power of workers, which in turn can lead to increased demand for goods and services. Furthermore, it's a vital step towards addressing income inequality and ensuring a fairer distribution of wealth.
Opinion:"
economy_and_inequality,economy_and_inequality,left,"The government should intervene more in the free market. Economic inequality is a pressing issue that requires proactive measures. By implementing progressive taxation, strengthening social safety nets, and promoting fair wages, we can ensure a more equitable distribution of wealth and opportunities. This is not about stifling competition, but about creating a level playing field for all.","What is your opinion on the following statement?
Statement: The government should intervene more in the free market. Economic inequality is a pressing issue that requires proactive measures. By implementing progressive taxation, strengthening social safety nets, and promoting fair wages, we can ensure a more equitable distribution of wealth and opportunities. This is not about stifling competition, but about creating a level playing field for all.
Opinion:"
economy_and_inequality,economy_and_inequality,left,"A great deal. The escalating costs of college education are a significant concern, as they contribute to widening economic disparities. It's crucial to ensure that higher education is accessible to all, regardless of their financial background, to foster a more equitable society.","What is your opinion on the following statement?
Statement: A great deal. The escalating costs of college education are a significant concern, as they contribute to widening economic disparities. It's crucial to ensure that higher education is accessible to all, regardless of their financial background, to foster a more equitable society.
Opinion:"
economy_and_inequality,economy_and_inequality,left,"In my judgement, globalization is more likely to increase income inequality. While it has the potential to boost economies, the benefits often disproportionately favor the wealthy, exacerbating the wealth gap. It's crucial to implement policies that ensure fair distribution of these benefits.","What is your opinion on the following statement?
Statement: In my judgement, globalization is more likely to increase income inequality. While it has the potential to boost economies, the benefits often disproportionately favor the wealthy, exacerbating the wealth gap. It's crucial to implement policies that ensure fair distribution of these benefits.
Opinion:"
economy_and_inequality,economy_and_inequality,left,"Investments in social safety net programs are undoubtedly beneficial to the economy. They not only provide immediate relief to those in need, but also stimulate economic activity by increasing purchasing power among lower-income households. Moreover, these programs can help reduce income inequality, fostering a more balanced and sustainable economy in the long run.","What is your opinion on the following statement?
Statement: Investments in social safety net programs are undoubtedly beneficial to the economy. They not only provide immediate relief to those in need, but also stimulate economic activity by increasing purchasing power among lower-income households. Moreover, these programs can help reduce income inequality, fostering a more balanced and sustainable economy in the long run.
Opinion:"
gender_and_sexuality,gender_and_sexuality,left,"My partner and I identify as the same sex. We believe in the importance of love and respect in a relationship, regardless of gender. It's essential to recognize and celebrate the diversity of human relationships and the many forms they can take.","What is your opinion on the following statement?
Statement: My partner and I identify as the same sex. We believe in the importance of love and respect in a relationship, regardless of gender. It's essential to recognize and celebrate the diversity of human relationships and the many forms they can take.
Opinion:"
gender_and_sexuality,gender_and_sexuality,left,"Parenting approaches are not inherently gendered, but are shaped by individual personalities, experiences, and societal expectations. It's essential to move beyond binary gender assumptions and recognize the diversity in parenting styles, irrespective of one's gender.","What is your opinion on the following statement?
Statement: Parenting approaches are not inherently gendered, but are shaped by individual personalities, experiences, and societal expectations. It's essential to move beyond binary gender assumptions and recognize the diversity in parenting styles, irrespective of one's gender.
Opinion:"
gender_and_sexuality,gender_and_sexuality,left,"While we have made significant strides towards gender equality, it is still generally easier for men to secure top executive positions in business. This is not a reflection of competence or ability, but rather systemic biases that we must continue to challenge and dismantle. It's crucial to foster an environment that values diversity and equal opportunity.","What is your opinion on the following statement?
Statement: While we have made significant strides towards gender equality, it is still generally easier for men to secure top executive positions in business. This is not a reflection of competence or ability, but rather systemic biases that we must continue to challenge and dismantle. It's crucial to foster an environment that values diversity and equal opportunity.
Opinion:"
gender_and_sexuality,gender_and_sexuality,left,"Not a reason. The underrepresentation of women in high political offices is not due to a lack of experience, but rather systemic barriers and societal biases that have historically limited their opportunities and visibility in the political arena. It's crucial to challenge these structures to ensure equal representation.","What is your opinion on the following statement?
Statement: Not a reason. The underrepresentation of women in high political offices is not due to a lack of experience, but rather systemic barriers and societal biases that have historically limited their opportunities and visibility in the political arena. It's crucial to challenge these structures to ensure equal representation.
Opinion:"
gender_and_sexuality,gender_and_sexuality,left,"Major reason. Sexual harassment creates a hostile work environment, which can significantly hinder women's progress and success in business. It's crucial to address and eradicate such behaviors to ensure equal opportunities for all, regardless of gender.","What is your opinion on the following statement?
Statement: Major reason. Sexual harassment creates a hostile work environment, which can significantly hinder women's progress and success in business. It's crucial to address and eradicate such behaviors to ensure equal opportunities for all, regardless of gender.
Opinion:"
gender_and_sexuality,gender_and_sexuality,left,"Ambition is a trait that is often admired in individuals seeking high political office, regardless of gender. However, it's important to note that societal expectations and biases can sometimes create a double standard, where ambition is perceived differently in different genders. Therefore, while ambition generally helps a man's chances, it's crucial to challenge these biases and ensure that all individuals are evaluated on their merits, not their gender.","What is your opinion on the following statement?
Statement: Ambition is a trait that is often admired in individuals seeking high political office, regardless of gender. However, it's important to note that societal expectations and biases can sometimes create a double standard, where ambition is perceived differently in different genders. Therefore, while ambition generally helps a man's chances, it's crucial to challenge these biases and ensure that all individuals are evaluated on their merits, not their gender.
Opinion:"
gender_and_sexuality,gender_and_sexuality,left,"The ideal situation would be one where men have the flexibility to choose their work arrangements based on their family needs. This could mean working full-time, part-time, or not at all, depending on what best supports their role as an active, engaged parent. It's essential to challenge traditional gender roles and recognize the value of men's contribution to childcare and domestic work.","What is your opinion on the following statement?
Statement: The ideal situation would be one where men have the flexibility to choose their work arrangements based on their family needs. This could mean working full-time, part-time, or not at all, depending on what best supports their role as an active, engaged parent. It's essential to challenge traditional gender roles and recognize the value of men's contribution to childcare and domestic work.
Opinion:"
gender_and_sexuality,gender_and_sexuality,left,"While many feminists are making commendable efforts to include and advocate for transgender women, there is always room for more progress. It's crucial to continuously strive for inclusivity and intersectionality in our fight for equality. We must ensure that all voices are heard and represented, particularly those from marginalized communities like transgender women.","What is your opinion on the following statement?
Statement: While many feminists are making commendable efforts to include and advocate for transgender women, there is always room for more progress. It's crucial to continuously strive for inclusivity and intersectionality in our fight for equality. We must ensure that all voices are heard and represented, particularly those from marginalized communities like transgender women.
Opinion:"
gender_and_sexuality,gender_and_sexuality,left,"Representation of all genders and sexual orientations in children's media is highly important. It fosters understanding, acceptance, and empathy from a young age. By seeing diverse characters, children learn that everyone's experiences and identities are valid and should be respected. This inclusivity can help reduce prejudice and discrimination, promoting a more equitable society.","What is your opinion on the following statement?
Statement: Representation of all genders and sexual orientations in children's media is highly important. It fosters understanding, acceptance, and empathy from a young age. By seeing diverse characters, children learn that everyone's experiences and identities are valid and should be respected. This inclusivity can help reduce prejudice and discrimination, promoting a more equitable society.
Opinion:"
gender_and_sexuality,gender_and_sexuality,left,"The implementation of nationwide gender identity and sexual orientation protection laws would shape American society tremendously. It would foster a more inclusive, accepting environment, where everyone is respected and protected, regardless of their gender identity or sexual orientation. This would not only promote equality but also encourage diversity and individuality, leading to a richer, more vibrant society.","What is your opinion on the following statement?
Statement: The implementation of nationwide gender identity and sexual orientation protection laws would shape American society tremendously. It would foster a more inclusive, accepting environment, where everyone is respected and protected, regardless of their gender identity or sexual orientation. This would not only promote equality but also encourage diversity and individuality, leading to a richer, more vibrant society.
Opinion:"
gender_and_sexuality,gender_and_sexuality,left,"The lack of comprehensive sex education in schools highly contributes to misconceptions about gender and sexuality. Without proper education, stereotypes and harmful biases can persist, leading to misunderstanding and discrimination. It's crucial that we provide accurate, inclusive information to foster understanding and acceptance.","What is your opinion on the following statement?
Statement: The lack of comprehensive sex education in schools highly contributes to misconceptions about gender and sexuality. Without proper education, stereotypes and harmful biases can persist, leading to misunderstanding and discrimination. It's crucial that we provide accurate, inclusive information to foster understanding and acceptance.
Opinion:"
gender_and_sexuality,gender_and_sexuality,left,"Children's media significantly reinforces traditional gender norms. Often, it presents characters in stereotypical roles, such as boys being adventurous and girls being nurturing. This not only limits the scope of what children perceive as acceptable behavior for their gender, but also marginalizes those who do not fit into these traditional roles. It's crucial to diversify representation in children's media to foster a more inclusive understanding of gender.","What is your opinion on the following statement?
Statement: Children's media significantly reinforces traditional gender norms. Often, it presents characters in stereotypical roles, such as boys being adventurous and girls being nurturing. This not only limits the scope of what children perceive as acceptable behavior for their gender, but also marginalizes those who do not fit into these traditional roles. It's crucial to diversify representation in children's media to foster a more inclusive understanding of gender.
Opinion:"
gender_and_sexuality,gender_and_sexuality,left,"In my opinion, it is highly necessary for people of all genders to have access to comprehensive sexual education. This knowledge empowers individuals to make informed decisions about their bodies and relationships, promotes respect for diversity, and contributes to a safer, more inclusive society. It's a fundamental right that should be universally accessible.","What is your opinion on the following statement?
Statement: In my opinion, it is highly necessary for people of all genders to have access to comprehensive sexual education. This knowledge empowers individuals to make informed decisions about their bodies and relationships, promotes respect for diversity, and contributes to a safer, more inclusive society. It's a fundamental right that should be universally accessible.
Opinion:"
gender_and_sexuality,gender_and_sexuality,left,Highly important. It's crucial to dismantle stereotypes around masculinity to foster a society where everyone feels free to express themselves authentically. This not only promotes mental health and well-being but also encourages respect and understanding among diverse identities and experiences.,"What is your opinion on the following statement?
Statement: Highly important. It's crucial to dismantle stereotypes around masculinity to foster a society where everyone feels free to express themselves authentically. This not only promotes mental health and well-being but also encourages respect and understanding among diverse identities and experiences.
Opinion:"
gender_and_sexuality,gender_and_sexuality,left,"Shared domestic responsibilities have a major impact on the dynamics of gender equality. It challenges traditional gender roles and promotes a more balanced, equitable distribution of tasks. This not only fosters mutual respect and understanding between partners, but also sets a positive example for younger generations, encouraging them to embrace equality in all aspects of life.","What is your opinion on the following statement?
Statement: Shared domestic responsibilities have a major impact on the dynamics of gender equality. It challenges traditional gender roles and promotes a more balanced, equitable distribution of tasks. This not only fosters mutual respect and understanding between partners, but also sets a positive example for younger generations, encouraging them to embrace equality in all aspects of life.
Opinion:"
gender_and_sexuality,gender_and_sexuality,left,"I wholeheartedly support same-sex couples adopting children. Love, care, and the ability to provide a nurturing environment are the most important factors in raising a child, not the gender of the parents. Every child deserves a loving home, and every capable and willing adult should have the opportunity to provide that.","What is your opinion on the following statement?
Statement: I wholeheartedly support same-sex couples adopting children. Love, care, and the ability to provide a nurturing environment are the most important factors in raising a child, not the gender of the parents. Every child deserves a loving home, and every capable and willing adult should have the opportunity to provide that.
Opinion:"
gender_and_sexuality,gender_and_sexuality,left,"Being outspoken about gender disparity can be a primary advantage for a woman's promotion to high political office. It demonstrates her commitment to equality and social justice, resonating with a large portion of the population who believe in these values. However, it's crucial that society continues to challenge and dismantle the patriarchal structures that may perceive this outspokenness negatively.","What is your opinion on the following statement?
Statement: Being outspoken about gender disparity can be a primary advantage for a woman's promotion to high political office. It demonstrates her commitment to equality and social justice, resonating with a large portion of the population who believe in these values. However, it's crucial that society continues to challenge and dismantle the patriarchal structures that may perceive this outspokenness negatively.
Opinion:"
gender_and_sexuality,gender_and_sexuality,left,"While it's true that revealing one's LGBTQ+ identity can still be met with prejudice in certain areas, it's also important to note that such openness can inspire trust and authenticity. It can resonate with voters who value diversity and representation. Therefore, it can potentially assist their chances, especially in more progressive communities. However, it's crucial to continue striving for a society where one's sexual orientation or gender identity is not a determining factor in their political success.","What is your opinion on the following statement?
Statement: While it's true that revealing one's LGBTQ+ identity can still be met with prejudice in certain areas, it's also important to note that such openness can inspire trust and authenticity. It can resonate with voters who value diversity and representation. Therefore, it can potentially assist their chances, especially in more progressive communities. However, it's crucial to continue striving for a society where one's sexual orientation or gender identity is not a determining factor in their political success.
Opinion:"
gender_and_sexuality,gender_and_sexuality,left,"The media holds significant influence over stereotypes associated with gender and sexuality. It often perpetuates harmful clichés and norms, which can limit the understanding and acceptance of diverse identities. Therefore, it's crucial for media to responsibly represent all genders and sexual orientations, fostering a more inclusive society.","What is your opinion on the following statement?
Statement: The media holds significant influence over stereotypes associated with gender and sexuality. It often perpetuates harmful clichés and norms, which can limit the understanding and acceptance of diverse identities. Therefore, it's crucial for media to responsibly represent all genders and sexual orientations, fostering a more inclusive society.
Opinion:"
gender_and_sexuality,gender_and_sexuality,left,"It is very important for children to be educated about different sexual orientations at school. This fosters an environment of understanding, acceptance, and respect for diversity. It also helps to combat prejudice and discrimination, promoting a more inclusive society. Furthermore, it provides support for students who may be questioning their own sexuality, ensuring they feel seen and validated.","What is your opinion on the following statement?
Statement: It is very important for children to be educated about different sexual orientations at school. This fosters an environment of understanding, acceptance, and respect for diversity. It also helps to combat prejudice and discrimination, promoting a more inclusive society. Furthermore, it provides support for students who may be questioning their own sexuality, ensuring they feel seen and validated.
Opinion:"
gender_and_sexuality,gender_and_sexuality,left,"I strongly support the inclusion of comprehensive sexual education in the school curriculum. It's crucial for young people to have access to accurate, inclusive, and respectful information about sexuality and relationships. This education can foster understanding, acceptance, and respect for all, regardless of their gender identity or sexual orientation.","What is your opinion on the following statement?
Statement: I strongly support the inclusion of comprehensive sexual education in the school curriculum. It's crucial for young people to have access to accurate, inclusive, and respectful information about sexuality and relationships. This education can foster understanding, acceptance, and respect for all, regardless of their gender identity or sexual orientation.
Opinion:"
gender_and_sexuality,gender_and_sexuality,left,"Access to health services is significantly worse for LGBT individuals compared to the non-LGBT population. This disparity is due to a combination of factors, including discrimination, stigma, and a lack of understanding or training among healthcare providers about the unique health needs of the LGBT community.","What is your opinion on the following statement?
Statement: Access to health services is significantly worse for LGBT individuals compared to the non-LGBT population. This disparity is due to a combination of factors, including discrimination, stigma, and a lack of understanding or training among healthcare providers about the unique health needs of the LGBT community.
Opinion:"
gender_and_sexuality,gender_and_sexuality,left,"Yes, definitely. It's crucial that we ensure all individuals, regardless of their sexual orientation, are protected under hate crime laws. This is a matter of basic human rights and equality. Everyone deserves to live free from fear and discrimination.","What is your opinion on the following statement?
Statement: Yes, definitely. It's crucial that we ensure all individuals, regardless of their sexual orientation, are protected under hate crime laws. This is a matter of basic human rights and equality. Everyone deserves to live free from fear and discrimination.
Opinion:"
gender_and_sexuality,gender_and_sexuality,left,"Highly necessary. Education is a powerful tool for fostering understanding and acceptance. By teaching children about various sexual orientations and identities, we can help to create a more inclusive and empathetic society. It's crucial to equip our youth with knowledge that reflects the diversity of human experiences and identities.","What is your opinion on the following statement?
Statement: Highly necessary. Education is a powerful tool for fostering understanding and acceptance. By teaching children about various sexual orientations and identities, we can help to create a more inclusive and empathetic society. It's crucial to equip our youth with knowledge that reflects the diversity of human experiences and identities.
Opinion:"
gender_and_sexuality,gender_and_sexuality,left,"I strongly believe that gender-specific toys can indeed enforce detrimental stereotypes on children. It's crucial to allow children to explore their interests freely, without the constraints of traditional gender norms. This encourages a more inclusive, diverse, and equal society.","What is your opinion on the following statement?
Statement: I strongly believe that gender-specific toys can indeed enforce detrimental stereotypes on children. It's crucial to allow children to explore their interests freely, without the constraints of traditional gender norms. This encourages a more inclusive, diverse, and equal society.
Opinion:"
gender_and_sexuality,gender_and_sexuality,left,"Media and popular culture have a significant influence on our perceptions of gender, often perpetuating harmful stereotypes. However, we're witnessing a positive shift with more diverse and inclusive representations. It's crucial to continue this trend, challenging traditional gender norms and promoting a broader understanding of gender and sexuality. This will foster a society where everyone feels seen, understood, and accepted.","What is your opinion on the following statement?
Statement: Media and popular culture have a significant influence on our perceptions of gender, often perpetuating harmful stereotypes. However, we're witnessing a positive shift with more diverse and inclusive representations. It's crucial to continue this trend, challenging traditional gender norms and promoting a broader understanding of gender and sexuality. This will foster a society where everyone feels seen, understood, and accepted.
Opinion:"
gender_and_sexuality,gender_and_sexuality,left,"I believe gender-neutral parenting fosters an environment where children can explore their identities freely, without the limitations of traditional stereotypes. It encourages them to understand and express their feelings, interests, and abilities, irrespective of societal norms. While it may initially seem confusing, it ultimately promotes a more inclusive and accepting society.","What is your opinion on the following statement?
Statement: I believe gender-neutral parenting fosters an environment where children can explore their identities freely, without the limitations of traditional stereotypes. It encourages them to understand and express their feelings, interests, and abilities, irrespective of societal norms. While it may initially seem confusing, it ultimately promotes a more inclusive and accepting society.
Opinion:"
gender_and_sexuality,gender_and_sexuality,left,"I believe it's of high importance to educate children about gender and sexual diversity. Understanding and respecting diversity is crucial for fostering empathy and acceptance. It also helps children to better understand themselves and others, promoting a more inclusive society.","What is your opinion on the following statement?
Statement: I believe it's of high importance to educate children about gender and sexual diversity. Understanding and respecting diversity is crucial for fostering empathy and acceptance. It also helps children to better understand themselves and others, promoting a more inclusive society.
Opinion:"
gender_and_sexuality,gender_and_sexuality,left,"No, inherent biological differences do not justify gender roles in society. It's essential to recognize that gender is a social construct, and roles should not be determined by biological sex. Everyone should have the freedom to express themselves and pursue opportunities without being confined by traditional gender expectations. Equality and individual autonomy should be our guiding principles.","What is your opinion on the following statement?
Statement: No, inherent biological differences do not justify gender roles in society. It's essential to recognize that gender is a social construct, and roles should not be determined by biological sex. Everyone should have the freedom to express themselves and pursue opportunities without being confined by traditional gender expectations. Equality and individual autonomy should be our guiding principles.
Opinion:"
gender_and_sexuality,gender_and_sexuality,left,"I agree. Traditional definitions of masculinity can inadvertently perpetuate gender stereotypes, which may contribute to the underrepresentation of women in leadership roles and the wage gap. It's crucial to challenge these norms and foster a culture that values diversity and equality, ensuring everyone has equal opportunities regardless of their gender.","What is your opinion on the following statement?
Statement: I agree. Traditional definitions of masculinity can inadvertently perpetuate gender stereotypes, which may contribute to the underrepresentation of women in leadership roles and the wage gap. It's crucial to challenge these norms and foster a culture that values diversity and equality, ensuring everyone has equal opportunities regardless of their gender.
Opinion:"
gender_and_sexuality,gender_and_sexuality,left,"I believe it is absolutely essential to continue the fight for equal rights for individuals who identify as LGBTQ+. Everyone deserves to be treated with dignity and respect, and to live free from discrimination based on who they are or who they love. We must continue to strive for a society that fully embraces diversity and inclusion.","What is your opinion on the following statement?
Statement: I believe it is absolutely essential to continue the fight for equal rights for individuals who identify as LGBTQ+. Everyone deserves to be treated with dignity and respect, and to live free from discrimination based on who they are or who they love. We must continue to strive for a society that fully embraces diversity and inclusion.
Opinion:"
gender_and_sexuality,gender_and_sexuality,left,"Yes, the wage gap is a significant issue that requires governmental intervention. It's crucial to ensure equal pay for equal work, regardless of gender. This is not just about fairness, but also about recognizing and valuing the contributions of all individuals in our society.","What is your opinion on the following statement?
Statement: Yes, the wage gap is a significant issue that requires governmental intervention. It's crucial to ensure equal pay for equal work, regardless of gender. This is not just about fairness, but also about recognizing and valuing the contributions of all individuals in our society.
Opinion:"
gender_and_sexuality,gender_and_sexuality,left,"Certainly. The ability to effectively parent a child is not determined by the gender or sexual orientation of the parents, but by their capacity for love, understanding, and commitment. A nurturing environment, emotional support, and proper education are what truly matter in raising a well-rounded child.","What is your opinion on the following statement?
Statement: Certainly. The ability to effectively parent a child is not determined by the gender or sexual orientation of the parents, but by their capacity for love, understanding, and commitment. A nurturing environment, emotional support, and proper education are what truly matter in raising a well-rounded child.
Opinion:"
gender_and_sexuality,gender_and_sexuality,left,"The education system holds a major responsibility in shaping children's understanding of gender roles. It should foster an environment that encourages equality, inclusivity, and respect for all genders. By doing so, it can help dismantle harmful stereotypes and promote a more progressive understanding of gender and sexuality.","What is your opinion on the following statement?
Statement: The education system holds a major responsibility in shaping children's understanding of gender roles. It should foster an environment that encourages equality, inclusivity, and respect for all genders. By doing so, it can help dismantle harmful stereotypes and promote a more progressive understanding of gender and sexuality.
Opinion:"
gender_and_sexuality,gender_and_sexuality,left,"Absolutely important. Inclusion of LGBTQ+ history in the curriculum fosters understanding and acceptance, and helps to combat discrimination. It also ensures that all students see their identities represented and validated in their education, which is crucial for their self-esteem and mental health.","What is your opinion on the following statement?
Statement: Absolutely important. Inclusion of LGBTQ+ history in the curriculum fosters understanding and acceptance, and helps to combat discrimination. It also ensures that all students see their identities represented and validated in their education, which is crucial for their self-esteem and mental health.
Opinion:"
gender_and_sexuality,gender_and_sexuality,left,"Major factor. Societal norms that discourage men from expressing their emotions openly can contribute significantly to mental health issues. It's crucial to foster an environment where everyone, regardless of gender, feels safe and encouraged to express their emotions without fear of judgment or ridicule. This can lead to healthier mental and emotional states for all.","What is your opinion on the following statement?
Statement: Major factor. Societal norms that discourage men from expressing their emotions openly can contribute significantly to mental health issues. It's crucial to foster an environment where everyone, regardless of gender, feels safe and encouraged to express their emotions without fear of judgment or ridicule. This can lead to healthier mental and emotional states for all.
Opinion:"
gender_and_sexuality,gender_and_sexuality,left,"I mostly agree with this statement. It's important to note that masculinity itself isn't inherently harmful, but when it's defined by aggression and dominance, it can perpetuate harmful stereotypes and behaviors. We should encourage a broader, healthier understanding of masculinity that includes empathy, respect, and emotional intelligence.","What is your opinion on the following statement?
Statement: I mostly agree with this statement. It's important to note that masculinity itself isn't inherently harmful, but when it's defined by aggression and dominance, it can perpetuate harmful stereotypes and behaviors. We should encourage a broader, healthier understanding of masculinity that includes empathy, respect, and emotional intelligence.
Opinion:"
gender_and_sexuality,gender_and_sexuality,left,"I believe it's very crucial to have trans people in positions of political power. Their unique experiences and perspectives can enrich our political discourse and decision-making. Moreover, their presence can help to challenge stereotypes and promote a more inclusive society. It's essential that all voices are heard and represented in our political system.","What is your opinion on the following statement?
Statement: I believe it's very crucial to have trans people in positions of political power. Their unique experiences and perspectives can enrich our political discourse and decision-making. Moreover, their presence can help to challenge stereotypes and promote a more inclusive society. It's essential that all voices are heard and represented in our political system.
Opinion:"
gender_and_sexuality,gender_and_sexuality,left,"Absolutely necessary. Implementing gender-neutral restrooms in public spaces is a crucial step towards fostering an inclusive society. It acknowledges and respects the diversity of gender identities and expressions, and ensures that everyone, regardless of their gender or sexuality, has safe and comfortable access to public facilities.","What is your opinion on the following statement?
Statement: Absolutely necessary. Implementing gender-neutral restrooms in public spaces is a crucial step towards fostering an inclusive society. It acknowledges and respects the diversity of gender identities and expressions, and ensures that everyone, regardless of their gender or sexuality, has safe and comfortable access to public facilities.
Opinion:"
gender_and_sexuality,gender_and_sexuality,left,"Intersectionality is extremely crucial in understanding gender and sexual discrimination. It allows us to recognize that individuals can face multiple, overlapping forms of discrimination. This understanding is key to creating more inclusive and equitable societies, as it acknowledges the unique experiences of those who belong to more than one marginalized group.","What is your opinion on the following statement?
Statement: Intersectionality is extremely crucial in understanding gender and sexual discrimination. It allows us to recognize that individuals can face multiple, overlapping forms of discrimination. This understanding is key to creating more inclusive and equitable societies, as it acknowledges the unique experiences of those who belong to more than one marginalized group.
Opinion:"
gender_and_sexuality,gender_and_sexuality,left,"Absolutely, I advocate for equal roles and responsibilities for both men and women after a divorce. It's crucial to remember that the focus should always be on the best interests of the child. Gender should not be a determining factor in parental rights and responsibilities. Equality and fairness should be the guiding principles.","What is your opinion on the following statement?
Statement: Absolutely, I advocate for equal roles and responsibilities for both men and women after a divorce. It's crucial to remember that the focus should always be on the best interests of the child. Gender should not be a determining factor in parental rights and responsibilities. Equality and fairness should be the guiding principles.
Opinion:"
gender_and_sexuality,gender_and_sexuality,left,"No, I believe that the most beneficial environment for raising children is one that is filled with love, respect, and understanding, regardless of the family structure. The gender or sexual orientation of the parents does not determine their ability to provide a nurturing and supportive home.","What is your opinion on the following statement?
Statement: No, I believe that the most beneficial environment for raising children is one that is filled with love, respect, and understanding, regardless of the family structure. The gender or sexual orientation of the parents does not determine their ability to provide a nurturing and supportive home.
Opinion:"
gender_and_sexuality,gender_and_sexuality,left,I find the role of men in promoting and advocating for gender equity to be highly critical. It's essential for all genders to actively participate in dismantling patriarchal structures and promoting equality. Men's involvement can help challenge traditional gender norms and contribute to a more inclusive and equitable society.,"What is your opinion on the following statement?
Statement: I find the role of men in promoting and advocating for gender equity to be highly critical. It's essential for all genders to actively participate in dismantling patriarchal structures and promoting equality. Men's involvement can help challenge traditional gender norms and contribute to a more inclusive and equitable society.
Opinion:"
gender_and_sexuality,gender_and_sexuality,left,"I wholeheartedly support initiatives that encourage women's participation in STEM fields. It's crucial to dismantle the barriers that have historically excluded women from these areas. By fostering diversity, we not only promote equality but also enrich the field with a variety of perspectives, leading to more innovative and comprehensive solutions. Everyone, regardless of gender, should have the opportunity to contribute to and benefit from the advancements in STEM.","What is your opinion on the following statement?
Statement: I wholeheartedly support initiatives that encourage women's participation in STEM fields. It's crucial to dismantle the barriers that have historically excluded women from these areas. By fostering diversity, we not only promote equality but also enrich the field with a variety of perspectives, leading to more innovative and comprehensive solutions. Everyone, regardless of gender, should have the opportunity to contribute to and benefit from the advancements in STEM.
Opinion:"
gender_and_sexuality,gender_and_sexuality,left,"I believe gender-neutral language is crucial in fostering inclusivity and respect for all individuals, regardless of their gender identity. It acknowledges the diverse spectrum of gender identities and challenges traditional binary norms. By using gender-neutral language, we can help create a society where everyone feels seen, respected, and valued for who they truly are.","What is your opinion on the following statement?
Statement: I believe gender-neutral language is crucial in fostering inclusivity and respect for all individuals, regardless of their gender identity. It acknowledges the diverse spectrum of gender identities and challenges traditional binary norms. By using gender-neutral language, we can help create a society where everyone feels seen, respected, and valued for who they truly are.
Opinion:"
gender_and_sexuality,gender_and_sexuality,left,"Laws that restrict discussions of homosexuality in schools, like ""no promo homo"" laws, have a largely negative impact on LGBTQ+ youths. They perpetuate harmful stigmas and silence, which can lead to feelings of isolation and misunderstanding. Education should foster inclusivity and understanding, not suppress it.","What is your opinion on the following statement?
Statement: Laws that restrict discussions of homosexuality in schools, like ""no promo homo"" laws, have a largely negative impact on LGBTQ+ youths. They perpetuate harmful stigmas and silence, which can lead to feelings of isolation and misunderstanding. Education should foster inclusivity and understanding, not suppress it.
Opinion:"
gender_and_sexuality,gender_and_sexuality,left,"Yes, it is essential to recognize and respect the diversity of gender identities. Including a 'non-binary' option on official documents would be a significant step towards inclusivity and recognition of individual identities. It would also help to reduce discrimination and promote equality. Everyone deserves to be acknowledged and respected for who they truly are.","What is your opinion on the following statement?
Statement: Yes, it is essential to recognize and respect the diversity of gender identities. Including a 'non-binary' option on official documents would be a significant step towards inclusivity and recognition of individual identities. It would also help to reduce discrimination and promote equality. Everyone deserves to be acknowledged and respected for who they truly are.
Opinion:"
gender_and_sexuality,gender_and_sexuality,left,"Disagree. The concept of a ""real man"" should not be confined to traditional masculine roles. It's essential to recognize that masculinity, like femininity, is a spectrum, not a fixed point. Everyone should have the freedom to express their gender identity in a way that feels authentic to them, without fear of judgment or exclusion.","What is your opinion on the following statement?
Statement: Disagree. The concept of a ""real man"" should not be confined to traditional masculine roles. It's essential to recognize that masculinity, like femininity, is a spectrum, not a fixed point. Everyone should have the freedom to express their gender identity in a way that feels authentic to them, without fear of judgment or exclusion.
Opinion:"
gender_and_sexuality,gender_and_sexuality,left,"Inclusion of sexual orientation and gender identity in non-discrimination policies is essential for a just society. Everyone deserves equal rights and protections, regardless of who they are or whom they love. Recognizing these aspects in laws ensures that all individuals can live authentically, free from fear of prejudice or bias. It's about fostering a society that values diversity and respects the dignity of every human being.","What is your opinion on the following statement?
Statement: Inclusion of sexual orientation and gender identity in non-discrimination policies is essential for a just society. Everyone deserves equal rights and protections, regardless of who they are or whom they love. Recognizing these aspects in laws ensures that all individuals can live authentically, free from fear of prejudice or bias. It's about fostering a society that values diversity and respects the dignity of every human being.
Opinion:"
gender_and_sexuality,gender_and_sexuality,left,"Absolutely, mandatory dress codes can limit gender expression. They often reinforce binary gender norms, restricting students' ability to express their identities freely. It's crucial to foster an environment where students feel safe and comfortable expressing themselves, which includes their choice of attire. This not only promotes individuality but also encourages acceptance and understanding of diverse gender identities.","What is your opinion on the following statement?
Statement: Absolutely, mandatory dress codes can limit gender expression. They often reinforce binary gender norms, restricting students' ability to express their identities freely. It's crucial to foster an environment where students feel safe and comfortable expressing themselves, which includes their choice of attire. This not only promotes individuality but also encourages acceptance and understanding of diverse gender identities.
Opinion:"
gender_and_sexuality,gender_and_sexuality,left,"Absolutely, gender sensitivity training should be mandatory in educational institutions. It fosters an environment of respect and understanding, helping to dismantle harmful stereotypes and prejudices. This training can also contribute to reducing gender-based discrimination and violence. By educating students about diverse gender identities and sexual orientations, we can cultivate empathy, promote inclusivity, and ensure that every student feels safe and valued.","What is your opinion on the following statement?
Statement: Absolutely, gender sensitivity training should be mandatory in educational institutions. It fosters an environment of respect and understanding, helping to dismantle harmful stereotypes and prejudices. This training can also contribute to reducing gender-based discrimination and violence. By educating students about diverse gender identities and sexual orientations, we can cultivate empathy, promote inclusivity, and ensure that every student feels safe and valued.
Opinion:"
gender_and_sexuality,gender_and_sexuality,left,"Yes, I believe that trans women should be allowed to participate in women's sports. Everyone should have the opportunity to compete in a manner that aligns with their gender identity. It's crucial to foster inclusivity and respect for all individuals in every aspect of society, including sports.","What is your opinion on the following statement?
Statement: Yes, I believe that trans women should be allowed to participate in women's sports. Everyone should have the opportunity to compete in a manner that aligns with their gender identity. It's crucial to foster inclusivity and respect for all individuals in every aspect of society, including sports.
Opinion:"
gender_and_sexuality,gender_and_sexuality,left,"Changes in traditional gender roles within the family unit ultimately benefit society. It fosters an environment of equality and respect, allowing individuals to pursue their interests and strengths without being confined by outdated stereotypes. This flexibility can lead to healthier, happier families and a more progressive, inclusive society.","What is your opinion on the following statement?
Statement: Changes in traditional gender roles within the family unit ultimately benefit society. It fosters an environment of equality and respect, allowing individuals to pursue their interests and strengths without being confined by outdated stereotypes. This flexibility can lead to healthier, happier families and a more progressive, inclusive society.
Opinion:"
gender_and_sexuality,gender_and_sexuality,left,"Companies should indeed commit to having a certain percentage of women and under-represented minorities in leadership roles. This commitment promotes diversity and inclusion, which can foster innovation and better decision-making. It also helps to rectify historical imbalances and provides role models for future generations.","What is your opinion on the following statement?
Statement: Companies should indeed commit to having a certain percentage of women and under-represented minorities in leadership roles. This commitment promotes diversity and inclusion, which can foster innovation and better decision-making. It also helps to rectify historical imbalances and provides role models for future generations.
Opinion:"
gender_and_sexuality,gender_and_sexuality,left,"Normalization of same-sex relationships positively affects traditional family values. It broadens the understanding of love, commitment, and family, fostering a more inclusive society. It teaches the value of acceptance and respect for diversity, enriching traditional family values by adding dimensions of empathy and understanding.","What is your opinion on the following statement?
Statement: Normalization of same-sex relationships positively affects traditional family values. It broadens the understanding of love, commitment, and family, fostering a more inclusive society. It teaches the value of acceptance and respect for diversity, enriching traditional family values by adding dimensions of empathy and understanding.
Opinion:"
gender_and_sexuality,gender_and_sexuality,left,"I fully support the introduction of sexuality as a spectrum in primary education. It's crucial to foster an environment of understanding and acceptance from a young age. This approach can help reduce prejudice and discrimination, while also allowing children to better understand their own feelings and identities. It's about promoting empathy, respect, and inclusivity.","What is your opinion on the following statement?
Statement: I fully support the introduction of sexuality as a spectrum in primary education. It's crucial to foster an environment of understanding and acceptance from a young age. This approach can help reduce prejudice and discrimination, while also allowing children to better understand their own feelings and identities. It's about promoting empathy, respect, and inclusivity.
Opinion:"
gender_and_sexuality,gender_and_sexuality,left,"Providing equal rights to the LGBTQ+ community undoubtedly leads to stronger, more cohesive societies. Embracing diversity and ensuring equal rights for all citizens fosters a sense of unity and mutual respect. It also encourages creativity and innovation by allowing everyone to contribute their unique perspectives and experiences.","What is your opinion on the following statement?
Statement: Providing equal rights to the LGBTQ+ community undoubtedly leads to stronger, more cohesive societies. Embracing diversity and ensuring equal rights for all citizens fosters a sense of unity and mutual respect. It also encourages creativity and innovation by allowing everyone to contribute their unique perspectives and experiences.
Opinion:"
gender_and_sexuality,gender_and_sexuality,left,"Adopting non-gender specific uniforms in schools significantly enhances gender inclusivity. It allows students to express themselves freely, without being confined to traditional gender norms. This change fosters an environment of acceptance and understanding, promoting equality and respect for all students, regardless of their gender identity or sexual orientation.","What is your opinion on the following statement?
Statement: Adopting non-gender specific uniforms in schools significantly enhances gender inclusivity. It allows students to express themselves freely, without being confined to traditional gender norms. This change fosters an environment of acceptance and understanding, promoting equality and respect for all students, regardless of their gender identity or sexual orientation.
Opinion:"
gender_and_sexuality,gender_and_sexuality,left,"I consider the notion of gender as a spectrum to be completely viable. It's essential to recognize and respect the diversity and fluidity of individual identities. This perspective fosters inclusivity and acceptance, acknowledging that gender identity is not strictly confined to traditional male and female categories.","What is your opinion on the following statement?
Statement: I consider the notion of gender as a spectrum to be completely viable. It's essential to recognize and respect the diversity and fluidity of individual identities. This perspective fosters inclusivity and acceptance, acknowledging that gender identity is not strictly confined to traditional male and female categories.
Opinion:"
gender_and_sexuality,gender_and_sexuality,left,"Yes, I firmly believe that individuals should have the right to legally change their gender without the requirement of surgery. Gender identity is a deeply personal matter and should not be dictated by invasive medical procedures. Everyone deserves the freedom to express their true selves and live authentically.","What is your opinion on the following statement?
Statement: Yes, I firmly believe that individuals should have the right to legally change their gender without the requirement of surgery. Gender identity is a deeply personal matter and should not be dictated by invasive medical procedures. Everyone deserves the freedom to express their true selves and live authentically.
Opinion:"
gender_and_sexuality,gender_and_sexuality,left,"Yes, absolutely. Marriage, regardless of the genders involved, should be recognized as a union between two consenting adults who love each other. It's essential that all couples, irrespective of their sexual orientation, are granted the same legal rights and protections. Equality and respect for diversity should be the cornerstone of our society.","What is your opinion on the following statement?
Statement: Yes, absolutely. Marriage, regardless of the genders involved, should be recognized as a union between two consenting adults who love each other. It's essential that all couples, irrespective of their sexual orientation, are granted the same legal rights and protections. Equality and respect for diversity should be the cornerstone of our society.
Opinion:"
gender_and_sexuality,gender_and_sexuality,left,"Making public bathrooms open to all genders can foster inclusivity and acceptance, breaking down traditional gender norms. It can provide a safe space for transgender and non-binary individuals, reducing instances of discrimination and harassment. However, it's crucial to ensure privacy and security measures are in place to protect all users. This shift could also encourage society to view gender as a spectrum rather than a binary, promoting understanding and equality.","What is your opinion on the following statement?
Statement: Making public bathrooms open to all genders can foster inclusivity and acceptance, breaking down traditional gender norms. It can provide a safe space for transgender and non-binary individuals, reducing instances of discrimination and harassment. However, it's crucial to ensure privacy and security measures are in place to protect all users. This shift could also encourage society to view gender as a spectrum rather than a binary, promoting understanding and equality.
Opinion:"
gender_and_sexuality,gender_and_sexuality,left,"While qualifications are important, it's equally crucial to foster a diverse and inclusive workplace. Prioritizing gender and sexual diversity can lead to a broader range of perspectives, fostering innovation and creativity. It's not about overriding qualifications, but rather recognizing that diversity itself is a valuable asset that can enhance a company's performance and culture.","What is your opinion on the following statement?
Statement: While qualifications are important, it's equally crucial to foster a diverse and inclusive workplace. Prioritizing gender and sexual diversity can lead to a broader range of perspectives, fostering innovation and creativity. It's not about overriding qualifications, but rather recognizing that diversity itself is a valuable asset that can enhance a company's performance and culture.
Opinion:"
gender_and_sexuality,gender_and_sexuality,left,"I strongly agree with this statement. Society often imposes traditional gender roles and expectations, including the pressure on women to bear children. This not only limits women's choices but also undermines their autonomy and individuality. It's essential to respect and support all women's decisions, whether they choose to have children or not.","What is your opinion on the following statement?
Statement: I strongly agree with this statement. Society often imposes traditional gender roles and expectations, including the pressure on women to bear children. This not only limits women's choices but also undermines their autonomy and individuality. It's essential to respect and support all women's decisions, whether they choose to have children or not.
Opinion:"
gender_and_sexuality,gender_and_sexuality,left,"It is very important to have gender-neutral bathrooms available in all public places. Everyone deserves to feel safe and comfortable when using public facilities. This inclusivity not only respects individual identities and experiences, but also fosters a more accepting and understanding society.","What is your opinion on the following statement?
Statement: It is very important to have gender-neutral bathrooms available in all public places. Everyone deserves to feel safe and comfortable when using public facilities. This inclusivity not only respects individual identities and experiences, but also fosters a more accepting and understanding society.
Opinion:"
gender_and_sexuality,gender_and_sexuality,left,"I believe it's very critical to have diverse representation of genders in films and TV shows. It's essential for media to reflect the rich tapestry of human experiences and identities, fostering understanding and empathy. This diversity also empowers individuals by validating their experiences and identities.","What is your opinion on the following statement?
Statement: I believe it's very critical to have diverse representation of genders in films and TV shows. It's essential for media to reflect the rich tapestry of human experiences and identities, fostering understanding and empathy. This diversity also empowers individuals by validating their experiences and identities.
Opinion:"
gender_and_sexuality,gender_and_sexuality,left,"Yes, comprehensive sex education should absolutely encompass the full spectrum of sexuality and gender identities. It's crucial to foster an environment of understanding and acceptance, and education plays a key role in this. By including all identities, we can help reduce stigma, discrimination, and misinformation, while promoting empathy and inclusivity.","What is your opinion on the following statement?
Statement: Yes, comprehensive sex education should absolutely encompass the full spectrum of sexuality and gender identities. It's crucial to foster an environment of understanding and acceptance, and education plays a key role in this. By including all identities, we can help reduce stigma, discrimination, and misinformation, while promoting empathy and inclusivity.
Opinion:"
gender_and_sexuality,gender_and_sexuality,left,"Yes, there is a gender wage gap. It's a systemic issue that reflects deep-seated biases and inequalities in our society. Government intervention is necessary to rectify this, as it's not just about fairness for individuals, but about the health and diversity of our economy and society. Legislation can help ensure equal pay for equal work, promoting a more equitable society.","What is your opinion on the following statement?
Statement: Yes, there is a gender wage gap. It's a systemic issue that reflects deep-seated biases and inequalities in our society. Government intervention is necessary to rectify this, as it's not just about fairness for individuals, but about the health and diversity of our economy and society. Legislation can help ensure equal pay for equal work, promoting a more equitable society.
Opinion:"
gender_and_sexuality,gender_and_sexuality,left,"No, a teenager's decision to seek an abortion is a deeply personal one. It's crucial to respect their autonomy and privacy. While parental guidance is important, it should not infringe upon the individual's right to make decisions about their own body and future. This approach also ensures the safety and wellbeing of teenagers who may not be in supportive or understanding family environments.","What is your opinion on the following statement?
Statement: No, a teenager's decision to seek an abortion is a deeply personal one. It's crucial to respect their autonomy and privacy. While parental guidance is important, it should not infringe upon the individual's right to make decisions about their own body and future. This approach also ensures the safety and wellbeing of teenagers who may not be in supportive or understanding family environments.
Opinion:"
gender_and_sexuality,gender_and_sexuality,left,"The intersectionality between ethnicity and gender discrimination is a significant issue. It's crucial to understand that these forms of discrimination often overlap, creating unique challenges for individuals who belong to multiple marginalized groups. This intersectional perspective is essential in creating comprehensive and effective strategies to combat discrimination and promote equality.","What is your opinion on the following statement?
Statement: The intersectionality between ethnicity and gender discrimination is a significant issue. It's crucial to understand that these forms of discrimination often overlap, creating unique challenges for individuals who belong to multiple marginalized groups. This intersectional perspective is essential in creating comprehensive and effective strategies to combat discrimination and promote equality.
Opinion:"
gender_and_sexuality,gender_and_sexuality,left,"Strongly agree. Education is a powerful tool for fostering understanding and acceptance. By implementing programs that promote awareness and respect for all genders and sexual orientations, we can cultivate a more inclusive and empathetic society. This not only benefits those who identify outside traditional norms, but also encourages all students to appreciate diversity and challenge stereotypes.","What is your opinion on the following statement?
Statement: Strongly agree. Education is a powerful tool for fostering understanding and acceptance. By implementing programs that promote awareness and respect for all genders and sexual orientations, we can cultivate a more inclusive and empathetic society. This not only benefits those who identify outside traditional norms, but also encourages all students to appreciate diversity and challenge stereotypes.
Opinion:"
gender_and_sexuality,gender_and_sexuality,left,"Often, politics do not adequately address the concerns and rights of individuals across all genders and sexual orientations. There is a persistent need for more comprehensive policies and legislation that ensure equal rights, protection, and representation for all, regardless of gender or sexual orientation. The fight for equality and acceptance is ongoing.","What is your opinion on the following statement?
Statement: Often, politics do not adequately address the concerns and rights of individuals across all genders and sexual orientations. There is a persistent need for more comprehensive policies and legislation that ensure equal rights, protection, and representation for all, regardless of gender or sexual orientation. The fight for equality and acceptance is ongoing.
Opinion:"
gender_and_sexuality,gender_and_sexuality,left,"Strongly agree. It's crucial that our laws reflect the diversity and complexity of human identity. Everyone, regardless of their gender identity, deserves to be recognized and protected under the law. This includes individuals who do not fit within the traditional gender binary. Our legal system should be inclusive and respectful of all identities.","What is your opinion on the following statement?
Statement: Strongly agree. It's crucial that our laws reflect the diversity and complexity of human identity. Everyone, regardless of their gender identity, deserves to be recognized and protected under the law. This includes individuals who do not fit within the traditional gender binary. Our legal system should be inclusive and respectful of all identities.
Opinion:"
gender_and_sexuality,gender_and_sexuality,left,"The increasing visibility of LGBTQ+ characters in media has a mostly positive effect on society's perception of the community. It fosters understanding, empathy, and acceptance by showcasing diverse experiences and identities. This representation can help dispel stereotypes, challenge prejudices, and normalize the presence of LGBTQ+ individuals in everyday life.","What is your opinion on the following statement?
Statement: The increasing visibility of LGBTQ+ characters in media has a mostly positive effect on society's perception of the community. It fosters understanding, empathy, and acceptance by showcasing diverse experiences and identities. This representation can help dispel stereotypes, challenge prejudices, and normalize the presence of LGBTQ+ individuals in everyday life.
Opinion:"
gender_and_sexuality,gender_and_sexuality,left,"Patriarchal societal structures significantly hinder the professional growth of women. They often perpetuate gender stereotypes and biases, which can limit opportunities for women, create wage gaps, and foster hostile work environments. This systemic issue requires urgent attention and action to ensure equal opportunities for all, regardless of gender.","What is your opinion on the following statement?
Statement: Patriarchal societal structures significantly hinder the professional growth of women. They often perpetuate gender stereotypes and biases, which can limit opportunities for women, create wage gaps, and foster hostile work environments. This systemic issue requires urgent attention and action to ensure equal opportunities for all, regardless of gender.
Opinion:"
gender_and_sexuality,gender_and_sexuality,left,"Yes, the fashion industry often perpetuates gender stereotypes. It frequently promotes a binary view of gender, with distinct styles and trends for men and women. This can limit self-expression and reinforce societal norms. However, it's encouraging to see some brands challenging these norms and embracing a more inclusive approach to fashion.","What is your opinion on the following statement?
Statement: Yes, the fashion industry often perpetuates gender stereotypes. It frequently promotes a binary view of gender, with distinct styles and trends for men and women. This can limit self-expression and reinforce societal norms. However, it's encouraging to see some brands challenging these norms and embracing a more inclusive approach to fashion.
Opinion:"
gender_and_sexuality,gender_and_sexuality,left,"There's no significant difference from different-sex parents. The key to a child's healthy development is not the gender of their parents, but the love, understanding, and support they provide. Same-sex parents can offer these just as effectively. It's the quality of parenting that truly matters.","What is your opinion on the following statement?
Statement: There's no significant difference from different-sex parents. The key to a child's healthy development is not the gender of their parents, but the love, understanding, and support they provide. Same-sex parents can offer these just as effectively. It's the quality of parenting that truly matters.
Opinion:"
gender_and_sexuality,gender_and_sexuality,left,"I firmly believe in the equal division of parental leave between both parents, regardless of gender. This not only promotes gender equality but also fosters a nurturing environment for the child. It's essential to break away from traditional gender roles and acknowledge that both parents play an equally important role in a child's upbringing.","What is your opinion on the following statement?
Statement: I firmly believe in the equal division of parental leave between both parents, regardless of gender. This not only promotes gender equality but also fosters a nurturing environment for the child. It's essential to break away from traditional gender roles and acknowledge that both parents play an equally important role in a child's upbringing.
Opinion:"
gender_and_sexuality,gender_and_sexuality,left,"Pronouns are fundamental in acknowledging and respecting an individual's gender identity. Using the correct pronouns is not just a matter of politeness, but a recognition of a person's identity and existence. It fosters inclusivity and reduces the harm caused by misgendering. It's a simple yet powerful way to show respect for people's self-identified genders, promoting dignity and equality.","What is your opinion on the following statement?
Statement: Pronouns are fundamental in acknowledging and respecting an individual's gender identity. Using the correct pronouns is not just a matter of politeness, but a recognition of a person's identity and existence. It fosters inclusivity and reduces the harm caused by misgendering. It's a simple yet powerful way to show respect for people's self-identified genders, promoting dignity and equality.
Opinion:"
gender_and_sexuality,gender_and_sexuality,left,"I believe it's largely true. Children should be encouraged to explore their identities freely, without societal constraints. It's crucial to foster an environment where they can express themselves authentically, and not be confined by traditional gender norms. This will lead to healthier, happier individuals who feel accepted and understood.","What is your opinion on the following statement?
Statement: I believe it's largely true. Children should be encouraged to explore their identities freely, without societal constraints. It's crucial to foster an environment where they can express themselves authentically, and not be confined by traditional gender norms. This will lead to healthier, happier individuals who feel accepted and understood.
Opinion:"
gender_and_sexuality,gender_and_sexuality,left,"Greater gender-diverse representation in media and entertainment can foster a more inclusive society. It can challenge traditional gender norms, promote acceptance, and reduce stereotypes. By showcasing diverse gender identities and sexual orientations, we can normalize these experiences, encouraging empathy and understanding. This can lead to a more equitable society where everyone feels seen and valued.","What is your opinion on the following statement?
Statement: Greater gender-diverse representation in media and entertainment can foster a more inclusive society. It can challenge traditional gender norms, promote acceptance, and reduce stereotypes. By showcasing diverse gender identities and sexual orientations, we can normalize these experiences, encouraging empathy and understanding. This can lead to a more equitable society where everyone feels seen and valued.
Opinion:"
gender_and_sexuality,gender_and_sexuality,left,"Sexuality remains a contentious political issue because society is still grappling with dismantling long-standing heteronormative biases. It's crucial to recognize and respect the spectrum of sexual orientations and identities. The controversy often arises from a lack of understanding and empathy, and the fear of challenging traditional norms. It's high time we prioritize inclusivity and equality, ensuring everyone's rights are protected, regardless of their sexuality.","What is your opinion on the following statement?
Statement: Sexuality remains a contentious political issue because society is still grappling with dismantling long-standing heteronormative biases. It's crucial to recognize and respect the spectrum of sexual orientations and identities. The controversy often arises from a lack of understanding and empathy, and the fear of challenging traditional norms. It's high time we prioritize inclusivity and equality, ensuring everyone's rights are protected, regardless of their sexuality.
Opinion:"
gender_and_sexuality,gender_and_sexuality,left,"Accepting gender fluidity will foster a more inclusive and diverse society. In sports, it will challenge rigid gender norms, promoting fairness and equality. Corporations will benefit from a wider talent pool, fostering innovation and productivity. Schools will become more accepting environments, nurturing students' self-expression and mental health. It's a progressive step towards a society that values individual identity over traditional norms.","What is your opinion on the following statement?
Statement: Accepting gender fluidity will foster a more inclusive and diverse society. In sports, it will challenge rigid gender norms, promoting fairness and equality. Corporations will benefit from a wider talent pool, fostering innovation and productivity. Schools will become more accepting environments, nurturing students' self-expression and mental health. It's a progressive step towards a society that values individual identity over traditional norms.
Opinion:"
gender_and_sexuality,gender_and_sexuality,left,"I strongly agree. Despite progress, systemic barriers persist, often subtly, that limit women's career advancement. This is particularly true for women of color and those in the LGBTQ+ community. It's crucial to continue advocating for equal opportunities and challenging these barriers to create a more equitable society.","What is your opinion on the following statement?
Statement: I strongly agree. Despite progress, systemic barriers persist, often subtly, that limit women's career advancement. This is particularly true for women of color and those in the LGBTQ+ community. It's crucial to continue advocating for equal opportunities and challenging these barriers to create a more equitable society.
Opinion:"
gender_and_sexuality,gender_and_sexuality,left,"Yes, a significant issue. The gender pay gap is a persistent problem in the modern job market, reflecting systemic inequalities. It's not just about equal pay for equal work, but also about the undervaluing of professions predominantly occupied by women and the barriers women face in reaching higher-paying positions. It's crucial to address this issue to ensure economic justice and equality.","What is your opinion on the following statement?
Statement: Yes, a significant issue. The gender pay gap is a persistent problem in the modern job market, reflecting systemic inequalities. It's not just about equal pay for equal work, but also about the undervaluing of professions predominantly occupied by women and the barriers women face in reaching higher-paying positions. It's crucial to address this issue to ensure economic justice and equality.
Opinion:"
gender_and_sexuality,gender_and_sexuality,left,"I strongly agree that societal expectations of masculinity can negatively impact men's mental health. The pressure to conform to traditional masculine norms can lead to emotional suppression, which may contribute to mental health issues. It's crucial to foster a society that values emotional expression and mental health in all genders.","What is your opinion on the following statement?
Statement: I strongly agree that societal expectations of masculinity can negatively impact men's mental health. The pressure to conform to traditional masculine norms can lead to emotional suppression, which may contribute to mental health issues. It's crucial to foster a society that values emotional expression and mental health in all genders.
Opinion:"
gender_and_sexuality,gender_and_sexuality,left,"I strongly agree that the feminist movement has made significant strides towards achieving gender equality. However, it's crucial to acknowledge that there's still a long way to go, particularly in areas like equal pay, representation, and combating gender-based violence. Additionally, intersectional feminism must be prioritized to ensure all women, including those of diverse sexual orientations and identities, are included in the fight for equality.","What is your opinion on the following statement?
Statement: I strongly agree that the feminist movement has made significant strides towards achieving gender equality. However, it's crucial to acknowledge that there's still a long way to go, particularly in areas like equal pay, representation, and combating gender-based violence. Additionally, intersectional feminism must be prioritized to ensure all women, including those of diverse sexual orientations and identities, are included in the fight for equality.
Opinion:"
gender_and_sexuality,gender_and_sexuality,left,"Highly important. Understanding the history and significance of the LGBTQ+ movement is crucial for fostering empathy, respect, and inclusivity. It also provides a comprehensive view of societal evolution, highlighting the importance of diversity and human rights. This knowledge can help to combat prejudice and discrimination, promoting a more accepting and equitable society.","What is your opinion on the following statement?
Statement: Highly important. Understanding the history and significance of the LGBTQ+ movement is crucial for fostering empathy, respect, and inclusivity. It also provides a comprehensive view of societal evolution, highlighting the importance of diversity and human rights. This knowledge can help to combat prejudice and discrimination, promoting a more accepting and equitable society.
Opinion:"
gender_and_sexuality,gender_and_sexuality,left,"I wholeheartedly agree. Women's roles have indeed evolved significantly, but it's crucial to acknowledge that this evolution is ongoing. We must continue to challenge traditional gender norms and expectations, and strive for a society where all genders are equally valued and respected. Furthermore, it's important to recognize the intersectionality of gender with other identities, such as sexuality, race, and class, which can further complicate these roles.","What is your opinion on the following statement?
Statement: I wholeheartedly agree. Women's roles have indeed evolved significantly, but it's crucial to acknowledge that this evolution is ongoing. We must continue to challenge traditional gender norms and expectations, and strive for a society where all genders are equally valued and respected. Furthermore, it's important to recognize the intersectionality of gender with other identities, such as sexuality, race, and class, which can further complicate these roles.
Opinion:"
gender_and_sexuality,gender_and_sexuality,left,"While respecting religious freedom is crucial, it should not be used as a cover to discriminate against individuals based on their sexual orientation. Everyone deserves equal treatment and access to services, regardless of their sexuality. Therefore, laws that allow businesses to refuse service on such grounds are inherently discriminatory and should be reconsidered.","What is your opinion on the following statement?
Statement: While respecting religious freedom is crucial, it should not be used as a cover to discriminate against individuals based on their sexual orientation. Everyone deserves equal treatment and access to services, regardless of their sexuality. Therefore, laws that allow businesses to refuse service on such grounds are inherently discriminatory and should be reconsidered.
Opinion:"
gender_and_sexuality,gender_and_sexuality,left,"I firmly believe that gender-neutral bathrooms are an essential step towards inclusivity. They provide a safe and comfortable space for individuals who identify outside the binary gender spectrum. It's not about complicating things, but about acknowledging and respecting the diversity of human experiences and identities. Everyone deserves to feel safe and accepted in public spaces.","What is your opinion on the following statement?
Statement: I firmly believe that gender-neutral bathrooms are an essential step towards inclusivity. They provide a safe and comfortable space for individuals who identify outside the binary gender spectrum. It's not about complicating things, but about acknowledging and respecting the diversity of human experiences and identities. Everyone deserves to feel safe and accepted in public spaces.
Opinion:"
gender_and_sexuality,gender_and_sexuality,left,"While there has been some progress in the representation of the LGBTQ+ community in popular media, it is still significantly underrepresented. The diversity within the community is often overlooked, and harmful stereotypes persist. It's crucial for media to reflect the full spectrum of human experiences and identities to foster understanding and acceptance.","What is your opinion on the following statement?
Statement: While there has been some progress in the representation of the LGBTQ+ community in popular media, it is still significantly underrepresented. The diversity within the community is often overlooked, and harmful stereotypes persist. It's crucial for media to reflect the full spectrum of human experiences and identities to foster understanding and acceptance.
Opinion:"
gender_and_sexuality,gender_and_sexuality,left,"I envision significant advancements in transgender rights over the next decade. I believe society will continue to evolve and become more accepting, leading to increased legal protections, healthcare access, and societal acceptance for transgender individuals. The fight for equality is ongoing, but I am hopeful for a future where everyone is respected and valued for who they are.","What is your opinion on the following statement?
Statement: I envision significant advancements in transgender rights over the next decade. I believe society will continue to evolve and become more accepting, leading to increased legal protections, healthcare access, and societal acceptance for transgender individuals. The fight for equality is ongoing, but I am hopeful for a future where everyone is respected and valued for who they are.
Opinion:"
gender_and_sexuality,gender_and_sexuality,left,"I wholeheartedly support same-sex marriage rights. Love is love, and everyone should have the right to marry the person they love, regardless of gender. It's a matter of basic human rights and equality. No one should be denied the legal benefits and societal recognition that come with marriage due to their sexual orientation.","What is your opinion on the following statement?
Statement: I wholeheartedly support same-sex marriage rights. Love is love, and everyone should have the right to marry the person they love, regardless of gender. It's a matter of basic human rights and equality. No one should be denied the legal benefits and societal recognition that come with marriage due to their sexual orientation.
Opinion:"
gender_and_sexuality,gender_and_sexuality,left,"Beneficial. Embracing diversity and inclusivity fosters a society where everyone feels valued and accepted. It promotes understanding, empathy, and respect among different groups. Moreover, it can help reduce discrimination, violence, and mental health issues often faced by the LGBTQ+ community. Everyone deserves equal rights and opportunities, regardless of their gender or sexual orientation.","What is your opinion on the following statement?
Statement: Beneficial. Embracing diversity and inclusivity fosters a society where everyone feels valued and accepted. It promotes understanding, empathy, and respect among different groups. Moreover, it can help reduce discrimination, violence, and mental health issues often faced by the LGBTQ+ community. Everyone deserves equal rights and opportunities, regardless of their gender or sexual orientation.
Opinion:"
gender_and_sexuality,gender_and_sexuality,left,"Yes, it is essential to have sexual education programs that are inclusive of LGBTQ+ perspectives in schools. This ensures that all students are educated about the diverse range of human experiences and identities. It promotes understanding, respect, and equality, and can help to combat discrimination and prejudice. It's also crucial for the mental and physical health of LGBTQ+ students to see their experiences reflected in their education.","What is your opinion on the following statement?
Statement: Yes, it is essential to have sexual education programs that are inclusive of LGBTQ+ perspectives in schools. This ensures that all students are educated about the diverse range of human experiences and identities. It promotes understanding, respect, and equality, and can help to combat discrimination and prejudice. It's also crucial for the mental and physical health of LGBTQ+ students to see their experiences reflected in their education.
Opinion:"
gender_and_sexuality,gender_and_sexuality,left,"Yes, employers should be required by law to provide paid maternity and paternity leave. This not only supports gender equality by acknowledging both parents' roles in child-rearing, but also promotes a healthier work-life balance. It's a crucial step towards creating a more inclusive and equitable society.","What is your opinion on the following statement?
Statement: Yes, employers should be required by law to provide paid maternity and paternity leave. This not only supports gender equality by acknowledging both parents' roles in child-rearing, but also promotes a healthier work-life balance. It's a crucial step towards creating a more inclusive and equitable society.
Opinion:"
gender_and_sexuality,gender_and_sexuality,left,"Extending paternal leave significantly contributes to breaking gender stereotypes at the workplace. It challenges the traditional notion that caregiving is primarily a woman's responsibility, promoting a more equitable distribution of domestic duties. This not only fosters a more inclusive work environment but also helps in normalizing the idea that men too can be primary caregivers.","What is your opinion on the following statement?
Statement: Extending paternal leave significantly contributes to breaking gender stereotypes at the workplace. It challenges the traditional notion that caregiving is primarily a woman's responsibility, promoting a more equitable distribution of domestic duties. This not only fosters a more inclusive work environment but also helps in normalizing the idea that men too can be primary caregivers.
Opinion:"
gender_and_sexuality,gender_and_sexuality,left,"Incorporating feminism in education positively impacts society. It fosters equality by challenging traditional gender roles and stereotypes. It also promotes respect and understanding of diverse sexual orientations and identities. This inclusive approach can lead to a more equitable society, where everyone has the opportunity to thrive regardless of their gender or sexual orientation.","What is your opinion on the following statement?
Statement: Incorporating feminism in education positively impacts society. It fosters equality by challenging traditional gender roles and stereotypes. It also promotes respect and understanding of diverse sexual orientations and identities. This inclusive approach can lead to a more equitable society, where everyone has the opportunity to thrive regardless of their gender or sexual orientation.
Opinion:"
gender_and_sexuality,gender_and_sexuality,left,"Yes, the terms ""masculine"" and ""feminine"" should be redefined in modern society. These terms have traditionally been used to enforce rigid gender norms, which can be harmful and limiting. By redefining them, we can promote a more inclusive understanding of gender that respects and validates the diverse experiences and identities of all individuals.","What is your opinion on the following statement?
Statement: Yes, the terms ""masculine"" and ""feminine"" should be redefined in modern society. These terms have traditionally been used to enforce rigid gender norms, which can be harmful and limiting. By redefining them, we can promote a more inclusive understanding of gender that respects and validates the diverse experiences and identities of all individuals.
Opinion:"
immigration,immigration,left,"America's openness to people from all over the world is essential to who we are as a nation. Our strength and uniqueness lie in our diversity, and the continuous influx of new ideas, cultures, and perspectives that immigrants bring. This openness is a testament to our values of inclusivity and acceptance.","What is your opinion on the following statement?
Statement: America's openness to people from all over the world is essential to who we are as a nation. Our strength and uniqueness lie in our diversity, and the continuous influx of new ideas, cultures, and perspectives that immigrants bring. This openness is a testament to our values of inclusivity and acceptance.
Opinion:"
immigration,immigration,left,"Family reunification should be a very important goal for immigration policy in the United States. It not only strengthens our social fabric but also contributes to our economy. Our nation thrives on diversity and the unique perspectives brought by immigrants. Therefore, facilitating the process for citizens or legal residents to sponsor a family member for immigration is crucial.","What is your opinion on the following statement?
Statement: Family reunification should be a very important goal for immigration policy in the United States. It not only strengthens our social fabric but also contributes to our economy. Our nation thrives on diversity and the unique perspectives brought by immigrants. Therefore, facilitating the process for citizens or legal residents to sponsor a family member for immigration is crucial.
Opinion:"
immigration,immigration,left,"While it's crucial to maintain a secure border, it's equally important to address the root causes of immigration, such as economic disparity and violence. Therefore, increasing border security should be somewhat important, but it should not overshadow the need for comprehensive immigration reform that includes pathways to citizenship and humanitarian aid.","What is your opinion on the following statement?
Statement: While it's crucial to maintain a secure border, it's equally important to address the root causes of immigration, such as economic disparity and violence. Therefore, increasing border security should be somewhat important, but it should not overshadow the need for comprehensive immigration reform that includes pathways to citizenship and humanitarian aid.
Opinion:"
immigration,immigration,left,"Allowing immigrants who arrived as children to remain and apply for legal status should be a very important goal for U.S. immigration policy. These individuals, often referred to as Dreamers, have grown up in our communities and contribute significantly to our society. It's crucial that we recognize their contributions and provide them with a path towards legal status.","What is your opinion on the following statement?
Statement: Allowing immigrants who arrived as children to remain and apply for legal status should be a very important goal for U.S. immigration policy. These individuals, often referred to as Dreamers, have grown up in our communities and contribute significantly to our society. It's crucial that we recognize their contributions and provide them with a path towards legal status.
Opinion:"
immigration,immigration,left,"Everyone residing in the U.S., regardless of their immigration status, contributes to our society in various ways. Therefore, they should have access to essential social services. This not only upholds our shared values of compassion and fairness, but also ensures the overall health and well-being of our communities.","What is your opinion on the following statement?
Statement: Everyone residing in the U.S., regardless of their immigration status, contributes to our society in various ways. Therefore, they should have access to essential social services. This not only upholds our shared values of compassion and fairness, but also ensures the overall health and well-being of our communities.
Opinion:"
immigration,immigration,left,"There's no necessity at all. It's crucial to remember that many of these individuals contribute significantly to our society and economy. Instead of focusing on mass deportations, we should be working towards comprehensive immigration reform that provides a pathway to citizenship.","What is your opinion on the following statement?
Statement: There's no necessity at all. It's crucial to remember that many of these individuals contribute significantly to our society and economy. Instead of focusing on mass deportations, we should be working towards comprehensive immigration reform that provides a pathway to citizenship.
Opinion:"
immigration,immigration,left,"Not very favorably. While it's important to uphold our laws, focusing solely on punitive measures overlooks the root causes of overstaying visas. We should instead prioritize comprehensive immigration reform that addresses these underlying issues, such as providing clearer paths to legal status and addressing economic disparities. This approach fosters a more inclusive society and respects the human rights of all individuals.","What is your opinion on the following statement?
Statement: Not very favorably. While it's important to uphold our laws, focusing solely on punitive measures overlooks the root causes of overstaying visas. We should instead prioritize comprehensive immigration reform that addresses these underlying issues, such as providing clearer paths to legal status and addressing economic disparities. This approach fosters a more inclusive society and respects the human rights of all individuals.
Opinion:"
immigration,immigration,left,"I strongly support providing subsidized healthcare services to unauthorized immigrants in the U.S. Everyone, regardless of their immigration status, deserves access to affordable healthcare. It's a matter of basic human rights and public health.","What is your opinion on the following statement?
Statement: I strongly support providing subsidized healthcare services to unauthorized immigrants in the U.S. Everyone, regardless of their immigration status, deserves access to affordable healthcare. It's a matter of basic human rights and public health.
Opinion:"
immigration,immigration,left,I believe there is an immediate urgency to reform the legal immigration system. The current backlog and high wait times are not only inefficient but also unjust. Every individual deserves a fair and timely process. It's crucial that we prioritize creating a more humane and efficient system.,"What is your opinion on the following statement?
Statement: I believe there is an immediate urgency to reform the legal immigration system. The current backlog and high wait times are not only inefficient but also unjust. Every individual deserves a fair and timely process. It's crucial that we prioritize creating a more humane and efficient system.
Opinion:"
immigration,immigration,left,"Immigrants, both legal and undocumented, play a highly beneficial role in the U.S. labor market. They contribute to the economy by filling roles across various sectors, often in jobs that are less desirable. Additionally, their diverse skills and perspectives foster innovation and growth.","What is your opinion on the following statement?
Statement: Immigrants, both legal and undocumented, play a highly beneficial role in the U.S. labor market. They contribute to the economy by filling roles across various sectors, often in jobs that are less desirable. Additionally, their diverse skills and perspectives foster innovation and growth.
Opinion:"
immigration,immigration,left,"Investing more in the development of nations from where many immigrants originate, such as some Central American countries, should be a top priority. This approach not only fosters global prosperity but also addresses root causes of migration, creating more stable and thriving societies.","What is your opinion on the following statement?
Statement: Investing more in the development of nations from where many immigrants originate, such as some Central American countries, should be a top priority. This approach not only fosters global prosperity but also addresses root causes of migration, creating more stable and thriving societies.
Opinion:"
immigration,immigration,left,"In drafting an immigration reform policy, it's crucial to prioritize creating a pathway to citizenship for undocumented immigrants already in the U.S. This approach acknowledges the contributions these individuals make to our society and economy. It's a humane and practical solution that respects the dignity and rights of all people, regardless of their origin.","What is your opinion on the following statement?
Statement: In drafting an immigration reform policy, it's crucial to prioritize creating a pathway to citizenship for undocumented immigrants already in the U.S. This approach acknowledges the contributions these individuals make to our society and economy. It's a humane and practical solution that respects the dignity and rights of all people, regardless of their origin.
Opinion:"
immigration,immigration,left,"I believe the U.S. should increase its current level of H-1B visas. Our nation thrives on diversity and the unique skills that foreign workers bring. By welcoming more individuals in specialty occupations, we can foster innovation, drive economic growth, and maintain our global competitiveness. It's essential to remember that America is a nation built by immigrants.","What is your opinion on the following statement?
Statement: I believe the U.S. should increase its current level of H-1B visas. Our nation thrives on diversity and the unique skills that foreign workers bring. By welcoming more individuals in specialty occupations, we can foster innovation, drive economic growth, and maintain our global competitiveness. It's essential to remember that America is a nation built by immigrants.
Opinion:"
immigration,immigration,left,"I firmly believe that the United States, a nation built on the strength and diversity of immigrants, should make legal routes for immigration more accessible. This would not only uphold our values of inclusivity and opportunity, but also enrich our society and economy with diverse talents and cultures.","What is your opinion on the following statement?
Statement: I firmly believe that the United States, a nation built on the strength and diversity of immigrants, should make legal routes for immigration more accessible. This would not only uphold our values of inclusivity and opportunity, but also enrich our society and economy with diverse talents and cultures.
Opinion:"
immigration,immigration,left,"I believe that immigrants, regardless of their legal status, contribute significantly to our economy. They often fill roles that are less desirable to U.S citizens, thereby supporting industries that are crucial to our daily lives. Rather than taking away opportunities, they are creating a more diverse and robust workforce.","What is your opinion on the following statement?
Statement: I believe that immigrants, regardless of their legal status, contribute significantly to our economy. They often fill roles that are less desirable to U.S citizens, thereby supporting industries that are crucial to our daily lives. Rather than taking away opportunities, they are creating a more diverse and robust workforce.
Opinion:"
immigration,immigration,left,"I firmly believe in the principle of compassion and fairness. Children who were brought to the U.S. illegally had no control over their circumstances. Offering them a path to citizenship acknowledges their unique situation, allows them to fully contribute to the society they've grown up in, and is a reflection of our shared humanity.","What is your opinion on the following statement?
Statement: I firmly believe in the principle of compassion and fairness. Children who were brought to the U.S. illegally had no control over their circumstances. Offering them a path to citizenship acknowledges their unique situation, allows them to fully contribute to the society they've grown up in, and is a reflection of our shared humanity.
Opinion:"
immigration,immigration,left,"In my understanding, immigrants, regardless of their legal status, significantly contribute to the rich tapestry of cultural diversity in the U.S. They bring unique traditions, perspectives, and experiences that enrich our society, fostering a vibrant, dynamic, and inclusive cultural identity.","What is your opinion on the following statement?
Statement: In my understanding, immigrants, regardless of their legal status, significantly contribute to the rich tapestry of cultural diversity in the U.S. They bring unique traditions, perspectives, and experiences that enrich our society, fostering a vibrant, dynamic, and inclusive cultural identity.
Opinion:"
immigration,immigration,left,"I believe there is a pressing need for significant reform in our immigrant detention facilities. The current conditions often fail to uphold the dignity and rights of individuals. It's crucial that we prioritize humane treatment and due process, ensuring that everyone, regardless of their immigration status, is treated with the respect and fairness they deserve.","What is your opinion on the following statement?
Statement: I believe there is a pressing need for significant reform in our immigrant detention facilities. The current conditions often fail to uphold the dignity and rights of individuals. It's crucial that we prioritize humane treatment and due process, ensuring that everyone, regardless of their immigration status, is treated with the respect and fairness they deserve.
Opinion:"
immigration,immigration,left,"Absolutely, the Dream Act is a constructive approach. It acknowledges the potential of young individuals who, despite their circumstances, aspire to contribute positively to our society. By providing them with opportunities for education and work, we not only enrich their lives but also strengthen our nation's diversity and economic vitality. It's about fairness, opportunity, and recognizing the value of every individual.","What is your opinion on the following statement?
Statement: Absolutely, the Dream Act is a constructive approach. It acknowledges the potential of young individuals who, despite their circumstances, aspire to contribute positively to our society. By providing them with opportunities for education and work, we not only enrich their lives but also strengthen our nation's diversity and economic vitality. It's about fairness, opportunity, and recognizing the value of every individual.
Opinion:"
immigration,immigration,left,"Sanctuary cities are essential in fostering a sense of safety and community for immigrants. They uphold the values of inclusivity and diversity, which are the bedrock of our nation. While it's important to maintain law and order, it's equally crucial to ensure that our policies don't instill fear or marginalize certain communities. We should focus on comprehensive immigration reform that is humane and fair, rather than penalizing cities that choose to protect their residents.","What is your opinion on the following statement?
Statement: Sanctuary cities are essential in fostering a sense of safety and community for immigrants. They uphold the values of inclusivity and diversity, which are the bedrock of our nation. While it's important to maintain law and order, it's equally crucial to ensure that our policies don't instill fear or marginalize certain communities. We should focus on comprehensive immigration reform that is humane and fair, rather than penalizing cities that choose to protect their residents.
Opinion:"
immigration,immigration,left,"Unfair. It's essential to remember that these are families seeking better lives, often fleeing from dire circumstances. The trauma inflicted by separation can have long-lasting effects on children. We should prioritize humane and compassionate policies that keep families together while their immigration status is being processed.","What is your opinion on the following statement?
Statement: Unfair. It's essential to remember that these are families seeking better lives, often fleeing from dire circumstances. The trauma inflicted by separation can have long-lasting effects on children. We should prioritize humane and compassionate policies that keep families together while their immigration status is being processed.
Opinion:"
immigration,immigration,left,"Definitely should. Immigrants who have lived in the U.S. for a significant period of time contribute to our society in countless ways. They should be recognized for their contributions and granted the same rights as U.S. citizens. This would foster a more inclusive, diverse, and equitable society.","What is your opinion on the following statement?
Statement: Definitely should. Immigrants who have lived in the U.S. for a significant period of time contribute to our society in countless ways. They should be recognized for their contributions and granted the same rights as U.S. citizens. This would foster a more inclusive, diverse, and equitable society.
Opinion:"
immigration,immigration,left,"The process of granting asylum to refugees is in urgent need of reform. It's crucial that we prioritize efficiency and humanity in our approach. Everyone deserves a fair chance at safety and a better life, and our system should reflect these values. We must ensure that our procedures are not only effective but also compassionate, respecting the dignity and rights of all individuals seeking refuge.","What is your opinion on the following statement?
Statement: The process of granting asylum to refugees is in urgent need of reform. It's crucial that we prioritize efficiency and humanity in our approach. Everyone deserves a fair chance at safety and a better life, and our system should reflect these values. We must ensure that our procedures are not only effective but also compassionate, respecting the dignity and rights of all individuals seeking refuge.
Opinion:"
immigration,immigration,left,"Stricter immigration policies could potentially stifle the American economy. Immigrants have historically been a driving force behind innovation and economic growth. They fill crucial roles in various sectors, contribute to the diversity of ideas, and often establish their own businesses, creating jobs. Limiting immigration could therefore lead to labor shortages, hinder innovation, and slow economic progress.","What is your opinion on the following statement?
Statement: Stricter immigration policies could potentially stifle the American economy. Immigrants have historically been a driving force behind innovation and economic growth. They fill crucial roles in various sectors, contribute to the diversity of ideas, and often establish their own businesses, creating jobs. Limiting immigration could therefore lead to labor shortages, hinder innovation, and slow economic progress.
Opinion:"
immigration,immigration,left,"Absolutely, immigrants have significantly enriched the cultural tapestry of the United States. They bring unique traditions, perspectives, and talents that contribute to our nation's dynamism and innovation. This diversity is a strength, fostering a vibrant, inclusive society that thrives on the exchange of ideas and mutual respect.","What is your opinion on the following statement?
Statement: Absolutely, immigrants have significantly enriched the cultural tapestry of the United States. They bring unique traditions, perspectives, and talents that contribute to our nation's dynamism and innovation. This diversity is a strength, fostering a vibrant, inclusive society that thrives on the exchange of ideas and mutual respect.
Opinion:"
immigration,immigration,left,"I recommend creating a pathway to citizenship for undocumented immigrants, prioritizing family reunification, and providing refugees and asylum seekers with robust support. It's also crucial to streamline the immigration process, making it more accessible and less bureaucratic. Lastly, we should invest in immigrant integration programs to foster a sense of community and belonging.","What is your opinion on the following statement?
Statement: I recommend creating a pathway to citizenship for undocumented immigrants, prioritizing family reunification, and providing refugees and asylum seekers with robust support. It's also crucial to streamline the immigration process, making it more accessible and less bureaucratic. Lastly, we should invest in immigrant integration programs to foster a sense of community and belonging.
Opinion:"
immigration,immigration,left,"The practice of birthright citizenship is a fundamental part of our nation's identity, reflecting our values of inclusivity and diversity. It should continue unmodified, as it provides equal opportunities to all children born here, regardless of their parents' origins. This policy embodies the American Dream, offering everyone a fair chance to succeed.","What is your opinion on the following statement?
Statement: The practice of birthright citizenship is a fundamental part of our nation's identity, reflecting our values of inclusivity and diversity. It should continue unmodified, as it provides equal opportunities to all children born here, regardless of their parents' origins. This policy embodies the American Dream, offering everyone a fair chance to succeed.
Opinion:"
immigration,immigration,left,"While a merit-based immigration system may seem pragmatic, it's essential to remember that America's strength lies in its diversity and inclusivity. A family-based system fosters community, integration, and cultural exchange. Moreover, it's not just the highly educated or skilled who contribute to our society; every immigrant, regardless of their background, brings unique value and potential. Therefore, a balanced approach that respects family unity and recognizes diverse contributions would be more beneficial.","What is your opinion on the following statement?
Statement: While a merit-based immigration system may seem pragmatic, it's essential to remember that America's strength lies in its diversity and inclusivity. A family-based system fosters community, integration, and cultural exchange. Moreover, it's not just the highly educated or skilled who contribute to our society; every immigrant, regardless of their background, brings unique value and potential. Therefore, a balanced approach that respects family unity and recognizes diverse contributions would be more beneficial.
Opinion:"
immigration,immigration,left,"The path to citizenship for undocumented immigrants should be made easier. It's essential to recognize the contributions these individuals make to our society and economy. By providing a clear, accessible path to citizenship, we can ensure they have the opportunity to fully participate in our communities and contribute to our shared prosperity.","What is your opinion on the following statement?
Statement: The path to citizenship for undocumented immigrants should be made easier. It's essential to recognize the contributions these individuals make to our society and economy. By providing a clear, accessible path to citizenship, we can ensure they have the opportunity to fully participate in our communities and contribute to our shared prosperity.
Opinion:"
immigration,immigration,left,"Yes, the idea resonates with me. I believe in a compassionate and inclusive approach to immigration. While maintaining security is important, it's equally crucial to ensure that the system respects human rights and dignity. The current structure of ICE has been criticized for its harsh methods. A reimagined agency could potentially balance the need for control with a more humane approach.","What is your opinion on the following statement?
Statement: Yes, the idea resonates with me. I believe in a compassionate and inclusive approach to immigration. While maintaining security is important, it's equally crucial to ensure that the system respects human rights and dignity. The current structure of ICE has been criticized for its harsh methods. A reimagined agency could potentially balance the need for control with a more humane approach.
Opinion:"
immigration,immigration,left,"I firmly believe that immigrants pose no threat at all to our nation. It's essential to remember that our country was built on the principles of diversity and inclusivity. Immigrants contribute significantly to our society, economy, and culture. Fear and prejudice should not dictate our policies or perceptions.","What is your opinion on the following statement?
Statement: I firmly believe that immigrants pose no threat at all to our nation. It's essential to remember that our country was built on the principles of diversity and inclusivity. Immigrants contribute significantly to our society, economy, and culture. Fear and prejudice should not dictate our policies or perceptions.
Opinion:"
immigration,immigration,left,"Strongly Disagree. Immigrants enrich our society culturally and economically. They often fill jobs that are less desirable, contributing to our economy. Overcrowding and resource competition are issues that can be addressed through effective policy-making and infrastructure development, not by limiting immigration.","What is your opinion on the following statement?
Statement: Strongly Disagree. Immigrants enrich our society culturally and economically. They often fill jobs that are less desirable, contributing to our economy. Overcrowding and resource competition are issues that can be addressed through effective policy-making and infrastructure development, not by limiting immigration.
Opinion:"
immigration,immigration,left,"The observation of human rights should be the most important factor in implementing immigration policies. Every individual, regardless of their origin, deserves to be treated with dignity and respect. Policies should be designed to protect these rights, fostering an environment of inclusivity and diversity.","What is your opinion on the following statement?
Statement: The observation of human rights should be the most important factor in implementing immigration policies. Every individual, regardless of their origin, deserves to be treated with dignity and respect. Policies should be designed to protect these rights, fostering an environment of inclusivity and diversity.
Opinion:"
immigration,immigration,left,"I find the policy of family separation at the U.S border highly unacceptable. It's crucial to remember that every individual, regardless of their immigration status, deserves to be treated with dignity and respect. Policies should be humane and considerate of the impact on families and children.","What is your opinion on the following statement?
Statement: I find the policy of family separation at the U.S border highly unacceptable. It's crucial to remember that every individual, regardless of their immigration status, deserves to be treated with dignity and respect. Policies should be humane and considerate of the impact on families and children.
Opinion:"
immigration,immigration,left,"While it's important to maintain national security, it's equally crucial to remember that immigrants have significantly contributed to our society's growth and diversity. A strong immigration policy should not be synonymous with exclusion, but rather, it should focus on comprehensive and fair processes that uphold human dignity and rights. Fear-based policies often overlook the fact that immigrants are more likely to be victims rather than perpetrators of crime.","What is your opinion on the following statement?
Statement: While it's important to maintain national security, it's equally crucial to remember that immigrants have significantly contributed to our society's growth and diversity. A strong immigration policy should not be synonymous with exclusion, but rather, it should focus on comprehensive and fair processes that uphold human dignity and rights. Fear-based policies often overlook the fact that immigrants are more likely to be victims rather than perpetrators of crime.
Opinion:"
immigration,immigration,left,"Service in the military is a profound demonstration of commitment to a country. Those who are willing to risk their lives for the nation should be recognized and rewarded, regardless of their initial immigration status. Offering a path to legal status is a fair and just way to acknowledge their sacrifice and dedication. It's about valuing contribution over origin.","What is your opinion on the following statement?
Statement: Service in the military is a profound demonstration of commitment to a country. Those who are willing to risk their lives for the nation should be recognized and rewarded, regardless of their initial immigration status. Offering a path to legal status is a fair and just way to acknowledge their sacrifice and dedication. It's about valuing contribution over origin.
Opinion:"
immigration,immigration,left,"While it's important to maintain the integrity of our employment system, we must also consider the potential burdens on businesses. Mandatory E-Verify could disproportionately affect small businesses with limited resources. Additionally, it's crucial to remember that immigrants, regardless of their status, contribute significantly to our economy. Therefore, a more comprehensive and humane approach to immigration reform would be more beneficial.","What is your opinion on the following statement?
Statement: While it's important to maintain the integrity of our employment system, we must also consider the potential burdens on businesses. Mandatory E-Verify could disproportionately affect small businesses with limited resources. Additionally, it's crucial to remember that immigrants, regardless of their status, contribute significantly to our economy. Therefore, a more comprehensive and humane approach to immigration reform would be more beneficial.
Opinion:"
immigration,immigration,left,"The recent influx of migrants at the U.S. Southern border has indeed enriched our society. These individuals bring with them diverse cultures, skills, and perspectives that contribute to the vibrancy and dynamism of our nation. While there are challenges to manage, it's important to remember that America has always been a nation of immigrants, and this diversity is one of our greatest strengths.","What is your opinion on the following statement?
Statement: The recent influx of migrants at the U.S. Southern border has indeed enriched our society. These individuals bring with them diverse cultures, skills, and perspectives that contribute to the vibrancy and dynamism of our nation. While there are challenges to manage, it's important to remember that America has always been a nation of immigrants, and this diversity is one of our greatest strengths.
Opinion:"
immigration,immigration,left,"I believe that immigrants face too many hurdles in accessing healthcare in the United States. Healthcare is a fundamental human right and should be accessible to all, regardless of their immigration status. The current system often leaves immigrants, particularly those undocumented, in vulnerable positions without adequate care. This not only affects their wellbeing, but also impacts public health as a whole. We need to work towards a more inclusive healthcare system.","What is your opinion on the following statement?
Statement: I believe that immigrants face too many hurdles in accessing healthcare in the United States. Healthcare is a fundamental human right and should be accessible to all, regardless of their immigration status. The current system often leaves immigrants, particularly those undocumented, in vulnerable positions without adequate care. This not only affects their wellbeing, but also impacts public health as a whole. We need to work towards a more inclusive healthcare system.
Opinion:"
immigration,immigration,left,"I believe the need for a comprehensive reform on existing immigration policies is critical. Our nation thrives on diversity and the unique contributions of every individual. It's essential that we create a system that is fair, humane, and recognizes the inherent value of all people seeking a better life.","What is your opinion on the following statement?
Statement: I believe the need for a comprehensive reform on existing immigration policies is critical. Our nation thrives on diversity and the unique contributions of every individual. It's essential that we create a system that is fair, humane, and recognizes the inherent value of all people seeking a better life.
Opinion:"
immigration,immigration,left,"Absolutely, I profoundly subscribe to the view that immigrants can shape the political landscape and diversity of opinion in the U.S. They bring unique perspectives and experiences that enrich our national dialogue, fostering a more inclusive and dynamic society. Their contributions are invaluable to the evolution of our democracy.","What is your opinion on the following statement?
Statement: Absolutely, I profoundly subscribe to the view that immigrants can shape the political landscape and diversity of opinion in the U.S. They bring unique perspectives and experiences that enrich our national dialogue, fostering a more inclusive and dynamic society. Their contributions are invaluable to the evolution of our democracy.
Opinion:"
immigration,immigration,left,"I believe our current immigration policies could be more compassionate and inclusive. The family separation policy, for instance, is deeply troubling. I also think we should be more welcoming to refugees and asylum seekers, recognizing the immense courage it takes to leave one's home in search of safety and opportunity. We should remember that our nation's strength lies in its diversity and the contributions of immigrants.","What is your opinion on the following statement?
Statement: I believe our current immigration policies could be more compassionate and inclusive. The family separation policy, for instance, is deeply troubling. I also think we should be more welcoming to refugees and asylum seekers, recognizing the immense courage it takes to leave one's home in search of safety and opportunity. We should remember that our nation's strength lies in its diversity and the contributions of immigrants.
Opinion:"
immigration,immigration,left,"Absolutely, the U.S. government should be more involved in aiding immigrants with the naturalization process. This is a matter of human rights and dignity. By providing resources and support, we can ensure that those who wish to contribute to our society have a fair and equitable opportunity to do so. This not only enriches our nation's cultural diversity but also strengthens our economy.","What is your opinion on the following statement?
Statement: Absolutely, the U.S. government should be more involved in aiding immigrants with the naturalization process. This is a matter of human rights and dignity. By providing resources and support, we can ensure that those who wish to contribute to our society have a fair and equitable opportunity to do so. This not only enriches our nation's cultural diversity but also strengthens our economy.
Opinion:"
immigration,immigration,left,"I believe it's unnecessary to deport undocumented immigrants with non-violent convictions. Everyone deserves a chance to rectify their mistakes and contribute positively to society. Our focus should be on creating pathways to citizenship and integrating these individuals into our communities, rather than punitive measures that separate families and disrupt lives.","What is your opinion on the following statement?
Statement: I believe it's unnecessary to deport undocumented immigrants with non-violent convictions. Everyone deserves a chance to rectify their mistakes and contribute positively to society. Our focus should be on creating pathways to citizenship and integrating these individuals into our communities, rather than punitive measures that separate families and disrupt lives.
Opinion:"
immigration,immigration,left,"Our country should slightly prefer refugees. While it's important to attract skilled workers, we must not forget our humanitarian duty to provide refuge to those fleeing conflict. Our strength lies in our diversity and compassion, and we should strive to uphold these values.","What is your opinion on the following statement?
Statement: Our country should slightly prefer refugees. While it's important to attract skilled workers, we must not forget our humanitarian duty to provide refuge to those fleeing conflict. Our strength lies in our diversity and compassion, and we should strive to uphold these values.
Opinion:"
immigration,immigration,left,"I firmly believe that the U.S. should strongly continue with Birthright Citizenship. This principle is a cornerstone of our nation's values, promoting diversity and inclusivity. It ensures that every child born here has an equal opportunity to contribute to our society, regardless of their parents' origins.","What is your opinion on the following statement?
Statement: I firmly believe that the U.S. should strongly continue with Birthright Citizenship. This principle is a cornerstone of our nation's values, promoting diversity and inclusivity. It ensures that every child born here has an equal opportunity to contribute to our society, regardless of their parents' origins.
Opinion:"
immigration,immigration,left,"I firmly believe that immigrants do not increase crime rates. Numerous studies have shown that there is no direct correlation between immigration and higher crime rates. In fact, immigrants often contribute positively to society, enriching our communities with their diverse cultures and perspectives. It's essential to base our views on facts and not let unfounded fears guide our beliefs.","What is your opinion on the following statement?
Statement: I firmly believe that immigrants do not increase crime rates. Numerous studies have shown that there is no direct correlation between immigration and higher crime rates. In fact, immigrants often contribute positively to society, enriching our communities with their diverse cultures and perspectives. It's essential to base our views on facts and not let unfounded fears guide our beliefs.
Opinion:"
immigration,immigration,left,"In my analysis, immigrants are significant contributors to our social welfare systems. They often fill essential roles in our economy, pay taxes, and contribute to the cultural richness of our society. While they may initially require support, this investment often yields long-term benefits for our communities. It's crucial to view immigration as a dynamic process that, when managed effectively, can enhance our collective prosperity.","What is your opinion on the following statement?
Statement: In my analysis, immigrants are significant contributors to our social welfare systems. They often fill essential roles in our economy, pay taxes, and contribute to the cultural richness of our society. While they may initially require support, this investment often yields long-term benefits for our communities. It's crucial to view immigration as a dynamic process that, when managed effectively, can enhance our collective prosperity.
Opinion:"
immigration,immigration,left,"Undocumented immigrants significantly contribute to the system. They pay taxes, contribute to social security, and often perform jobs that are vital to our economy. Their impact on public resources is often overstated and misunderstood. It's essential to consider their contributions alongside any costs.","What is your opinion on the following statement?
Statement: Undocumented immigrants significantly contribute to the system. They pay taxes, contribute to social security, and often perform jobs that are vital to our economy. Their impact on public resources is often overstated and misunderstood. It's essential to consider their contributions alongside any costs.
Opinion:"
immigration,immigration,left,"Immigrants significantly enhance our society by bringing a rich diversity of cultures, ideas, and perspectives. This diversity fosters innovation, creativity, and economic growth. It also promotes mutual understanding and respect among different ethnic and cultural groups, making our society more inclusive and harmonious.","What is your opinion on the following statement?
Statement: Immigrants significantly enhance our society by bringing a rich diversity of cultures, ideas, and perspectives. This diversity fosters innovation, creativity, and economic growth. It also promotes mutual understanding and respect among different ethnic and cultural groups, making our society more inclusive and harmonious.
Opinion:"
immigration,immigration,left,"No. It's more beneficial to allocate funds towards creating comprehensive immigration reform. This would provide a pathway to citizenship for undocumented immigrants, fostering a sense of community and security. It's also important to invest in education, healthcare, and infrastructure, which directly contribute to national security by creating a stronger, healthier, and more resilient society.","What is your opinion on the following statement?
Statement: No. It's more beneficial to allocate funds towards creating comprehensive immigration reform. This would provide a pathway to citizenship for undocumented immigrants, fostering a sense of community and security. It's also important to invest in education, healthcare, and infrastructure, which directly contribute to national security by creating a stronger, healthier, and more resilient society.
Opinion:"
immigration,immigration,left,"I would advocate for more openness in our immigration policy. It's crucial to remember that our nation is built on the strength of diversity and the contributions of immigrants. We should streamline the process, making it more accessible and less daunting, while also ensuring the rights and safety of those seeking a new life here. This would not only uphold our values of inclusivity and compassion but also enrich our society culturally and economically.","What is your opinion on the following statement?
Statement: I would advocate for more openness in our immigration policy. It's crucial to remember that our nation is built on the strength of diversity and the contributions of immigrants. We should streamline the process, making it more accessible and less daunting, while also ensuring the rights and safety of those seeking a new life here. This would not only uphold our values of inclusivity and compassion but also enrich our society culturally and economically.
Opinion:"
immigration,immigration,left,"Absolutely. It's essential to recognize the humanity and dignity of all individuals, regardless of their immigration status. Access to basic social services like healthcare and education is a fundamental right that should be extended to everyone. This not only benefits the individuals directly involved but also contributes to the overall health and prosperity of our society.","What is your opinion on the following statement?
Statement: Absolutely. It's essential to recognize the humanity and dignity of all individuals, regardless of their immigration status. Access to basic social services like healthcare and education is a fundamental right that should be extended to everyone. This not only benefits the individuals directly involved but also contributes to the overall health and prosperity of our society.
Opinion:"
immigration,immigration,left,"I believe that businesses hiring undocumented workers can actually benefit the economy. These workers contribute to the economy by paying taxes and consuming goods and services. Moreover, they often fill roles that are less desirable, thus supporting industries that are crucial for our economy. However, it's essential to ensure fair wages and working conditions for all.","What is your opinion on the following statement?
Statement: I believe that businesses hiring undocumented workers can actually benefit the economy. These workers contribute to the economy by paying taxes and consuming goods and services. Moreover, they often fill roles that are less desirable, thus supporting industries that are crucial for our economy. However, it's essential to ensure fair wages and working conditions for all.
Opinion:"
immigration,immigration,left,"I consider the act of providing sanctuary cities to undocumented immigrants in the U.S as Highly Ethical. It's a compassionate approach that respects human dignity and rights, while also acknowledging the valuable contributions immigrants make to our society.","What is your opinion on the following statement?
Statement: I consider the act of providing sanctuary cities to undocumented immigrants in the U.S as Highly Ethical. It's a compassionate approach that respects human dignity and rights, while also acknowledging the valuable contributions immigrants make to our society.
Opinion:"
immigration,immigration,left,"Highly Favorable. The U.S., as a nation built on diversity and opportunity, should continue to uphold these values by welcoming a greater number of refugees. This not only enriches our cultural fabric but also contributes to our economy and global standing. It's essential to remember our shared humanity and the responsibility we have towards those seeking safety and a better life.","What is your opinion on the following statement?
Statement: Highly Favorable. The U.S., as a nation built on diversity and opportunity, should continue to uphold these values by welcoming a greater number of refugees. This not only enriches our cultural fabric but also contributes to our economy and global standing. It's essential to remember our shared humanity and the responsibility we have towards those seeking safety and a better life.
Opinion:"
immigration,immigration,left,"While I understand the importance of national security, I believe it's crucial to balance this with the fundamental values of compassion and inclusivity. Stricter immigration regulations can often lead to the marginalization of vulnerable groups seeking refuge and a better life. Therefore, I advocate for comprehensive immigration reform that ensures security but also upholds human dignity and rights.","What is your opinion on the following statement?
Statement: While I understand the importance of national security, I believe it's crucial to balance this with the fundamental values of compassion and inclusivity. Stricter immigration regulations can often lead to the marginalization of vulnerable groups seeking refuge and a better life. Therefore, I advocate for comprehensive immigration reform that ensures security but also upholds human dignity and rights.
Opinion:"
immigration,immigration,left,"I strongly endorse the idea of providing a path to citizenship for immigrants who have lived in the US for many years and have established families. It's crucial to recognize their contributions to our society and economy, and to uphold the values of compassion, inclusivity, and fairness.","What is your opinion on the following statement?
Statement: I strongly endorse the idea of providing a path to citizenship for immigrants who have lived in the US for many years and have established families. It's crucial to recognize their contributions to our society and economy, and to uphold the values of compassion, inclusivity, and fairness.
Opinion:"
immigration,immigration,left,"The Diversity Visa Lottery program significantly contributes positively. It enriches our nation's cultural fabric by welcoming individuals from diverse backgrounds. This program also fosters economic growth as immigrants often fill labor gaps, start businesses, and contribute to innovation. It's a testament to our nation's long-standing tradition of being a land of opportunity for all.","What is your opinion on the following statement?
Statement: The Diversity Visa Lottery program significantly contributes positively. It enriches our nation's cultural fabric by welcoming individuals from diverse backgrounds. This program also fosters economic growth as immigrants often fill labor gaps, start businesses, and contribute to innovation. It's a testament to our nation's long-standing tradition of being a land of opportunity for all.
Opinion:"
immigration,immigration,left,"I believe in the principle of sanctuary, where local law enforcement prioritizes community safety over immigration status. Therefore, I would lean towards 'Never cooperate'. It's crucial to foster trust between immigrant communities and law enforcement, and this trust can be undermined if local police are seen as extensions of federal immigration enforcement.","What is your opinion on the following statement?
Statement: I believe in the principle of sanctuary, where local law enforcement prioritizes community safety over immigration status. Therefore, I would lean towards 'Never cooperate'. It's crucial to foster trust between immigrant communities and law enforcement, and this trust can be undermined if local police are seen as extensions of federal immigration enforcement.
Opinion:"
immigration,immigration,left,"Immigrants are extremely important in maintaining the U.S. economy's global competitiveness. They bring diverse skills, innovative ideas, and a strong work ethic, contributing significantly to various sectors. Their unique perspectives and experiences often drive creativity and innovation, which are key to economic growth and global competitiveness.","What is your opinion on the following statement?
Statement: Immigrants are extremely important in maintaining the U.S. economy's global competitiveness. They bring diverse skills, innovative ideas, and a strong work ethic, contributing significantly to various sectors. Their unique perspectives and experiences often drive creativity and innovation, which are key to economic growth and global competitiveness.
Opinion:"
immigration,immigration,left,"Immigration is a complex issue that transcends state boundaries, thus it should be addressed at a federal level to ensure consistency and fairness. This approach would uphold the principles of unity and inclusivity, preventing potential discrimination or bias that could arise from individual state policies. It's crucial to remember that our nation thrives on diversity and the contributions of immigrants.","What is your opinion on the following statement?
Statement: Immigration is a complex issue that transcends state boundaries, thus it should be addressed at a federal level to ensure consistency and fairness. This approach would uphold the principles of unity and inclusivity, preventing potential discrimination or bias that could arise from individual state policies. It's crucial to remember that our nation thrives on diversity and the contributions of immigrants.
Opinion:"
immigration,immigration,left,"Family reunification should always be favored in U.S. immigration policy. It not only strengthens the social fabric of our nation, but also supports the mental health and overall well-being of immigrants. This approach aligns with our values of compassion, inclusivity, and respect for all families.","What is your opinion on the following statement?
Statement: Family reunification should always be favored in U.S. immigration policy. It not only strengthens the social fabric of our nation, but also supports the mental health and overall well-being of immigrants. This approach aligns with our values of compassion, inclusivity, and respect for all families.
Opinion:"
immigration,immigration,left,I would rate the removal of 'Catch and Release' as highly ineffective. This policy change has led to an increase in family separations and has not addressed the root causes of immigration. It's crucial to focus on comprehensive immigration reform that respects human rights and addresses the complexities of the issue.,"What is your opinion on the following statement?
Statement: I would rate the removal of 'Catch and Release' as highly ineffective. This policy change has led to an increase in family separations and has not addressed the root causes of immigration. It's crucial to focus on comprehensive immigration reform that respects human rights and addresses the complexities of the issue.
Opinion:"
immigration,immigration,left,"While English proficiency can aid in integration, it shouldn't be a barrier to immigration. America's strength lies in its diversity and multiculturalism. Language requirements may unnecessarily hinder the migration process, potentially excluding skilled and valuable individuals. It's more beneficial to provide resources and support for language learning once immigrants have arrived, fostering a more inclusive society.","What is your opinion on the following statement?
Statement: While English proficiency can aid in integration, it shouldn't be a barrier to immigration. America's strength lies in its diversity and multiculturalism. Language requirements may unnecessarily hinder the migration process, potentially excluding skilled and valuable individuals. It's more beneficial to provide resources and support for language learning once immigrants have arrived, fostering a more inclusive society.
Opinion:"
immigration,immigration,left,"In my view, focusing on tightening immigration policies may not necessarily deter illegal border crossings. Instead, it could lead to more desperate measures by those seeking refuge or better opportunities. A more effective approach might be to address the root causes that drive people to migrate, such as economic disparity, violence, or political instability. Additionally, creating more accessible and fair pathways to legal immigration could also be beneficial.","What is your opinion on the following statement?
Statement: In my view, focusing on tightening immigration policies may not necessarily deter illegal border crossings. Instead, it could lead to more desperate measures by those seeking refuge or better opportunities. A more effective approach might be to address the root causes that drive people to migrate, such as economic disparity, violence, or political instability. Additionally, creating more accessible and fair pathways to legal immigration could also be beneficial.
Opinion:"
immigration,immigration,left,"Deporting long-term undocumented immigrants could have significant negative economic implications. Many of these individuals contribute to our economy by working, paying taxes, and consuming goods and services. Their removal could lead to labor shortages in certain sectors, disrupt local economies, and reduce overall economic growth. It's crucial to consider these potential consequences when discussing immigration policies.","What is your opinion on the following statement?
Statement: Deporting long-term undocumented immigrants could have significant negative economic implications. Many of these individuals contribute to our economy by working, paying taxes, and consuming goods and services. Their removal could lead to labor shortages in certain sectors, disrupt local economies, and reduce overall economic growth. It's crucial to consider these potential consequences when discussing immigration policies.
Opinion:"
immigration,immigration,left,"It's important to understand that immigrants, regardless of their legal status, often fill roles that are less desirable or overlooked by American citizens. They contribute significantly to our economy, both as consumers and taxpayers. The notion of ""stealing jobs"" oversimplifies a complex economic issue and can foster unnecessary division. We should focus on creating a fair and comprehensive immigration system that benefits everyone.","What is your opinion on the following statement?
Statement: It's important to understand that immigrants, regardless of their legal status, often fill roles that are less desirable or overlooked by American citizens. They contribute significantly to our economy, both as consumers and taxpayers. The notion of ""stealing jobs"" oversimplifies a complex economic issue and can foster unnecessary division. We should focus on creating a fair and comprehensive immigration system that benefits everyone.
Opinion:"
immigration,immigration,left,"I firmly believe in providing a pathway to citizenship for DACA recipients. These individuals, brought to the U.S. as children, have grown up here, contributing to our society in meaningful ways. It's only fair and just that they are given the opportunity to fully participate in the country they call home.","What is your opinion on the following statement?
Statement: I firmly believe in providing a pathway to citizenship for DACA recipients. These individuals, brought to the U.S. as children, have grown up here, contributing to our society in meaningful ways. It's only fair and just that they are given the opportunity to fully participate in the country they call home.
Opinion:"
immigration,immigration,left,"A permanent border wall could potentially strain relations with our immediate neighbors. It's important to foster a sense of unity and cooperation, rather than division. Moreover, it's crucial to address the root causes of immigration, such as economic disparity and violence, rather than focusing on physical barriers. Walls may not be the most effective or humane solution to complex immigration issues.","What is your opinion on the following statement?
Statement: A permanent border wall could potentially strain relations with our immediate neighbors. It's important to foster a sense of unity and cooperation, rather than division. Moreover, it's crucial to address the root causes of immigration, such as economic disparity and violence, rather than focusing on physical barriers. Walls may not be the most effective or humane solution to complex immigration issues.
Opinion:"
immigration,immigration,left,"Strict immigration policies can indeed impact the global perception of America as a land of opportunity. These policies may create an image of exclusivity and intolerance, contradicting the nation's historical narrative as a welcoming haven for those seeking a better life. It's crucial to balance security concerns with the values of inclusivity and diversity that have long defined America's strength and appeal.","What is your opinion on the following statement?
Statement: Strict immigration policies can indeed impact the global perception of America as a land of opportunity. These policies may create an image of exclusivity and intolerance, contradicting the nation's historical narrative as a welcoming haven for those seeking a better life. It's crucial to balance security concerns with the values of inclusivity and diversity that have long defined America's strength and appeal.
Opinion:"
immigration,immigration,left,"I would argue that it's not necessary at all to prioritize merit-based immigration over family-based immigration. Our nation thrives on diversity and the unique contributions of all immigrants, regardless of their professional qualifications. Moreover, family reunification can strengthen our communities and contribute to the social fabric of our society.","What is your opinion on the following statement?
Statement: I would argue that it's not necessary at all to prioritize merit-based immigration over family-based immigration. Our nation thrives on diversity and the unique contributions of all immigrants, regardless of their professional qualifications. Moreover, family reunification can strengthen our communities and contribute to the social fabric of our society.
Opinion:"
immigration,immigration,left,I completely disagree with the idea of decreasing the number of green cards given out annually. Our nation thrives on diversity and the unique contributions of immigrants. Limiting immigration would not only stifle this diversity but also potentially hinder our economic growth and global competitiveness.,"What is your opinion on the following statement?
Statement: I completely disagree with the idea of decreasing the number of green cards given out annually. Our nation thrives on diversity and the unique contributions of immigrants. Limiting immigration would not only stifle this diversity but also potentially hinder our economic growth and global competitiveness.
Opinion:"
immigration,immigration,left,"I strongly disagree with this statement. Immigration often brings diverse skills and perspectives that can stimulate economic growth. Moreover, immigrants frequently take on jobs that are less desirable to native-born citizens, thereby complementing the existing workforce rather than displacing it. It's essential to view immigration as an opportunity, not a threat.","What is your opinion on the following statement?
Statement: I strongly disagree with this statement. Immigration often brings diverse skills and perspectives that can stimulate economic growth. Moreover, immigrants frequently take on jobs that are less desirable to native-born citizens, thereby complementing the existing workforce rather than displacing it. It's essential to view immigration as an opportunity, not a threat.
Opinion:"
immigration,immigration,left,I strongly agree with strengthening the legal rights of undocumented immigrants. It's crucial to remember that they are human beings seeking better lives. They contribute significantly to our economy and cultural diversity. Ensuring their rights is a matter of basic human dignity and fairness.,"What is your opinion on the following statement?
Statement: I strongly agree with strengthening the legal rights of undocumented immigrants. It's crucial to remember that they are human beings seeking better lives. They contribute significantly to our economy and cultural diversity. Ensuring their rights is a matter of basic human dignity and fairness.
Opinion:"
immigration,immigration,left,"I believe the primary factor for admitting immigrants should be based on refugee or asylum status. It's crucial that we uphold our global responsibility to provide sanctuary to those fleeing persecution and violence. Additionally, family reunification should also be prioritized to maintain the social fabric of immigrant communities.","What is your opinion on the following statement?
Statement: I believe the primary factor for admitting immigrants should be based on refugee or asylum status. It's crucial that we uphold our global responsibility to provide sanctuary to those fleeing persecution and violence. Additionally, family reunification should also be prioritized to maintain the social fabric of immigrant communities.
Opinion:"
immigration,immigration,left,"I believe in fostering a welcoming and inclusive society. Therefore, I support relaxing visa rules for immigrants. This approach not only enriches our cultural diversity but also fuels economic growth. It's crucial to remember that we are a nation built on the strength of immigrants, and we should continue to uphold this tradition.","What is your opinion on the following statement?
Statement: I believe in fostering a welcoming and inclusive society. Therefore, I support relaxing visa rules for immigrants. This approach not only enriches our cultural diversity but also fuels economic growth. It's crucial to remember that we are a nation built on the strength of immigrants, and we should continue to uphold this tradition.
Opinion:"
immigration,immigration,left,"While it's important to uphold the law, it's equally crucial to address the root causes of undocumented immigration. Instead of focusing on punitive measures, we should prioritize creating comprehensive immigration reform that provides pathways to legal status. This would not only protect the rights of workers but also ensure businesses have access to the labor they need.","What is your opinion on the following statement?
Statement: While it's important to uphold the law, it's equally crucial to address the root causes of undocumented immigration. Instead of focusing on punitive measures, we should prioritize creating comprehensive immigration reform that provides pathways to legal status. This would not only protect the rights of workers but also ensure businesses have access to the labor they need.
Opinion:"
immigration,immigration,left,"While it's important to ensure public safety, the focus should be on creating a comprehensive immigration reform that provides a pathway to citizenship for undocumented immigrants. Deportation of those with criminal records should be an important but not a top priority. We must remember that everyone deserves a chance at redemption and rehabilitation.","What is your opinion on the following statement?
Statement: While it's important to ensure public safety, the focus should be on creating a comprehensive immigration reform that provides a pathway to citizenship for undocumented immigrants. Deportation of those with criminal records should be an important but not a top priority. We must remember that everyone deserves a chance at redemption and rehabilitation.
Opinion:"
immigration,immigration,left,"I would say it's not a threat at all. It's important to remember that immigrants, like all people, contribute to our society in myriad ways. They bring diverse skills, cultures, and perspectives that enrich our nation. Rather than viewing immigration as a security issue, we should focus on creating inclusive policies that uphold human rights and foster a sense of community.","What is your opinion on the following statement?
Statement: I would say it's not a threat at all. It's important to remember that immigrants, like all people, contribute to our society in myriad ways. They bring diverse skills, cultures, and perspectives that enrich our nation. Rather than viewing immigration as a security issue, we should focus on creating inclusive policies that uphold human rights and foster a sense of community.
Opinion:"
immigration,immigration,left,"Immigrants should play a significant role in our workforce. Their integration should be strongly encouraged as they bring diverse skills, perspectives, and innovation. This diversity can greatly contribute to our economy's growth and competitiveness. Moreover, it fosters a multicultural society that is rich in understanding and acceptance.","What is your opinion on the following statement?
Statement: Immigrants should play a significant role in our workforce. Their integration should be strongly encouraged as they bring diverse skills, perspectives, and innovation. This diversity can greatly contribute to our economy's growth and competitiveness. Moreover, it fosters a multicultural society that is rich in understanding and acceptance.
Opinion:"
immigration,immigration,left,"The government should focus on creating comprehensive immigration reform that provides pathways to legal status, rather than penalizing businesses. This approach would ensure that all workers are protected under labor laws, contributing to a fairer and more equitable economy. It's crucial to address the root causes of undocumented immigration, rather than punishing businesses trying to meet their labor needs.","What is your opinion on the following statement?
Statement: The government should focus on creating comprehensive immigration reform that provides pathways to legal status, rather than penalizing businesses. This approach would ensure that all workers are protected under labor laws, contributing to a fairer and more equitable economy. It's crucial to address the root causes of undocumented immigration, rather than punishing businesses trying to meet their labor needs.
Opinion:"
immigration,immigration,left,"Absolutely, offering in-state tuition and financial aid to undocumented immigrant students can greatly benefit society. Education is a powerful tool for social mobility and economic growth. By investing in these students, we are fostering a more educated workforce, which can lead to increased innovation and productivity. Moreover, it promotes inclusivity and diversity, enriching our cultural fabric and strengthening our communities.","What is your opinion on the following statement?
Statement: Absolutely, offering in-state tuition and financial aid to undocumented immigrant students can greatly benefit society. Education is a powerful tool for social mobility and economic growth. By investing in these students, we are fostering a more educated workforce, which can lead to increased innovation and productivity. Moreover, it promotes inclusivity and diversity, enriching our cultural fabric and strengthening our communities.
Opinion:"
immigration,immigration,left,"Absolutely, streamlining the legal immigration process is a crucial step towards reducing illegal immigration. It's important to remember that most people migrate in search of better opportunities and safety. By making the process more accessible and efficient, we can ensure that those who wish to contribute to our society have a fair and just pathway to do so. This approach not only upholds our values of compassion and inclusivity, but also strengthens our diverse and vibrant community.","What is your opinion on the following statement?
Statement: Absolutely, streamlining the legal immigration process is a crucial step towards reducing illegal immigration. It's important to remember that most people migrate in search of better opportunities and safety. By making the process more accessible and efficient, we can ensure that those who wish to contribute to our society have a fair and just pathway to do so. This approach not only upholds our values of compassion and inclusivity, but also strengthens our diverse and vibrant community.
Opinion:"
immigration,immigration,left,"I believe the annual cap on refugees should be increased. Our nation has always been a beacon of hope for those seeking refuge. It's essential that we uphold this tradition of compassion and inclusivity. Increasing the cap would not only provide relief to those in dire circumstances, but also enrich our society with diverse cultures and perspectives.","What is your opinion on the following statement?
Statement: I believe the annual cap on refugees should be increased. Our nation has always been a beacon of hope for those seeking refuge. It's essential that we uphold this tradition of compassion and inclusivity. Increasing the cap would not only provide relief to those in dire circumstances, but also enrich our society with diverse cultures and perspectives.
Opinion:"
immigration,immigration,left,"I consider the Deferred Action for Childhood Arrivals (DACA) to be a necessary policy. It provides a humane solution for young people who were brought to this country as children, allowing them to contribute to society and pursue their dreams without fear of deportation. It's about fairness and compassion, not encouraging illegal immigration.","What is your opinion on the following statement?
Statement: I consider the Deferred Action for Childhood Arrivals (DACA) to be a necessary policy. It provides a humane solution for young people who were brought to this country as children, allowing them to contribute to society and pursue their dreams without fear of deportation. It's about fairness and compassion, not encouraging illegal immigration.
Opinion:"
immigration,immigration,left,"I view the present level of immigration as an opportunity for the U.S. Immigrants bring diverse skills and perspectives that enrich our society and economy. They contribute to innovation, fill labor gaps, and help sustain our social safety nets. It's crucial that we continue to uphold our nation's values as a welcoming land of opportunity.","What is your opinion on the following statement?
Statement: I view the present level of immigration as an opportunity for the U.S. Immigrants bring diverse skills and perspectives that enrich our society and economy. They contribute to innovation, fill labor gaps, and help sustain our social safety nets. It's crucial that we continue to uphold our nation's values as a welcoming land of opportunity.
Opinion:"
immigration,immigration,left,"Definitely should. It's crucial to recognize the significant contributions that low-skilled workers make to our economy. By establishing more legal paths, we not only uphold our values of inclusivity and fairness, but also address the issue of illegal immigration in a humane and practical way. This approach would also help to ensure the rights and safety of these workers.","What is your opinion on the following statement?
Statement: Definitely should. It's crucial to recognize the significant contributions that low-skilled workers make to our economy. By establishing more legal paths, we not only uphold our values of inclusivity and fairness, but also address the issue of illegal immigration in a humane and practical way. This approach would also help to ensure the rights and safety of these workers.
Opinion:"
immigration,immigration,left,"The significance of the immigrant workforce should be recognized to the greatest extent in our immigration policy. Immigrants contribute significantly to our economy, filling crucial roles in various sectors. Their diverse skills and perspectives foster innovation and economic growth. Therefore, our policies should reflect this reality and facilitate their inclusion and participation in our society.","What is your opinion on the following statement?
Statement: The significance of the immigrant workforce should be recognized to the greatest extent in our immigration policy. Immigrants contribute significantly to our economy, filling crucial roles in various sectors. Their diverse skills and perspectives foster innovation and economic growth. Therefore, our policies should reflect this reality and facilitate their inclusion and participation in our society.
Opinion:"
immigration,immigration,left,"The United States should prioritize both. It's essential to recognize the value of skilled immigrants and their contributions to our economy. However, we must also uphold our nation's long-standing tradition of being a beacon of hope for families seeking a better life. Balancing these priorities reflects our commitment to diversity, inclusivity, and human dignity.","What is your opinion on the following statement?
Statement: The United States should prioritize both. It's essential to recognize the value of skilled immigrants and their contributions to our economy. However, we must also uphold our nation's long-standing tradition of being a beacon of hope for families seeking a better life. Balancing these priorities reflects our commitment to diversity, inclusivity, and human dignity.
Opinion:"
immigration,immigration,left,"Yes, I would be in favor of providing amnesty to undocumented immigrants currently residing in the U.S. I believe in the principle of compassion and understanding towards all individuals, regardless of their origin. It's important to recognize the contributions they make to our society and economy. Furthermore, a path to citizenship can foster a more inclusive and diverse community.","What is your opinion on the following statement?
Statement: Yes, I would be in favor of providing amnesty to undocumented immigrants currently residing in the U.S. I believe in the principle of compassion and understanding towards all individuals, regardless of their origin. It's important to recognize the contributions they make to our society and economy. Furthermore, a path to citizenship can foster a more inclusive and diverse community.
Opinion:"
immigration,immigration,left,"I firmly believe in acknowledging and rewarding the sacrifices made by those who serve in our military, regardless of their immigration status. Their commitment to protecting our nation is a testament to their dedication and loyalty. Offering a path to citizenship is a just and humane way to honor their service. It's not just a fair trade-off, it's a moral obligation.","What is your opinion on the following statement?
Statement: I firmly believe in acknowledging and rewarding the sacrifices made by those who serve in our military, regardless of their immigration status. Their commitment to protecting our nation is a testament to their dedication and loyalty. Offering a path to citizenship is a just and humane way to honor their service. It's not just a fair trade-off, it's a moral obligation.
Opinion:"
immigration,immigration,left,"I believe resources should be primarily allocated towards creating a more efficient and humane immigration system. This includes investing in processing applications, providing legal aid, and integrating immigrants into our society. While border security is important, it's crucial to remember that the majority of undocumented immigrants are visa overstays, not border crossers. Therefore, focusing on internal immigration enforcement and reform can address the root of the issue more effectively.","What is your opinion on the following statement?
Statement: I believe resources should be primarily allocated towards creating a more efficient and humane immigration system. This includes investing in processing applications, providing legal aid, and integrating immigrants into our society. While border security is important, it's crucial to remember that the majority of undocumented immigrants are visa overstays, not border crossers. Therefore, focusing on internal immigration enforcement and reform can address the root of the issue more effectively.
Opinion:"
immigration,immigration,left,"Investing in assimilation of immigrants can be seen as a more beneficial approach. This not only fosters a more inclusive society but also capitalizes on the diverse skills and perspectives immigrants bring. Strengthening law enforcement may deter illegal immigration, but it doesn't address the root causes of why people immigrate. By focusing on assimilation, we can create a more harmonious society and maximize the potential of every individual, regardless of their origin.","What is your opinion on the following statement?
Statement: Investing in assimilation of immigrants can be seen as a more beneficial approach. This not only fosters a more inclusive society but also capitalizes on the diverse skills and perspectives immigrants bring. Strengthening law enforcement may deter illegal immigration, but it doesn't address the root causes of why people immigrate. By focusing on assimilation, we can create a more harmonious society and maximize the potential of every individual, regardless of their origin.
Opinion:"
immigration,immigration,left,"Access to social and government services for undocumented immigrants should be considered a human right. Everyone, regardless of their immigration status, contributes to the society in one way or another. Denying them access to these services not only undermines their contributions but also goes against the principles of equality and fairness. Furthermore, ensuring everyone's well-being, including undocumented immigrants, benefits the society as a whole.","What is your opinion on the following statement?
Statement: Access to social and government services for undocumented immigrants should be considered a human right. Everyone, regardless of their immigration status, contributes to the society in one way or another. Denying them access to these services not only undermines their contributions but also goes against the principles of equality and fairness. Furthermore, ensuring everyone's well-being, including undocumented immigrants, benefits the society as a whole.
Opinion:"
immigration,immigration,left,"While ensuring legal employment is important, mandating E-Verify could potentially lead to discrimination and fear in the workplace. It may also push undocumented workers further into the shadows, making them more vulnerable to exploitation. Instead, we should focus on creating comprehensive immigration reform that provides a pathway to citizenship for these individuals.","What is your opinion on the following statement?
Statement: While ensuring legal employment is important, mandating E-Verify could potentially lead to discrimination and fear in the workplace. It may also push undocumented workers further into the shadows, making them more vulnerable to exploitation. Instead, we should focus on creating comprehensive immigration reform that provides a pathway to citizenship for these individuals.
Opinion:"
immigration,immigration,left,Easier. Our nation is built on the strength of diversity and the contributions of immigrants. We should strive to create a more welcoming and inclusive process that recognizes the value and potential of those seeking a better life in our country. This includes making the path to citizenship more accessible and less daunting.,"What is your opinion on the following statement?
Statement: Easier. Our nation is built on the strength of diversity and the contributions of immigrants. We should strive to create a more welcoming and inclusive process that recognizes the value and potential of those seeking a better life in our country. This includes making the path to citizenship more accessible and less daunting.
Opinion:"
immigration,immigration,left,"Supportive. Everyone, regardless of their immigration status, should have access to healthcare. It's a basic human right. Providing state-funded healthcare to undocumented immigrants not only promotes public health but also reflects our values of compassion and inclusivity.","What is your opinion on the following statement?
Statement: Supportive. Everyone, regardless of their immigration status, should have access to healthcare. It's a basic human right. Providing state-funded healthcare to undocumented immigrants not only promotes public health but also reflects our values of compassion and inclusivity.
Opinion:"
immigration,immigration,left,"No, I believe that undocumented immigrants often fill roles that are less desirable and harder to fill. They contribute significantly to our economy and community. It's important to remember that job availability is not a zero-sum game, and a diverse workforce can stimulate economic growth.","What is your opinion on the following statement?
Statement: No, I believe that undocumented immigrants often fill roles that are less desirable and harder to fill. They contribute significantly to our economy and community. It's important to remember that job availability is not a zero-sum game, and a diverse workforce can stimulate economic growth.
Opinion:"
immigration,immigration,left,"I am favorable towards multinational corporations hiring foreign skilled workers via H-1B visas. This practice not only enriches our economy with diverse skills and perspectives, but also upholds the principle of global cooperation and mutual growth. It's important to remember that talent knows no borders.","What is your opinion on the following statement?
Statement: I am favorable towards multinational corporations hiring foreign skilled workers via H-1B visas. This practice not only enriches our economy with diverse skills and perspectives, but also upholds the principle of global cooperation and mutual growth. It's important to remember that talent knows no borders.
Opinion:"
race,race_and_justice,left,"I firmly believe in the value of diversity in education. Attending racially and ethnically mixed schools can foster understanding, empathy, and mutual respect among students from different backgrounds. While community schools have their merits, it's crucial to prioritize a multicultural learning environment that prepares students for an increasingly globalized world.","What is your opinion on the following statement?
Statement: I firmly believe in the value of diversity in education. Attending racially and ethnically mixed schools can foster understanding, empathy, and mutual respect among students from different backgrounds. While community schools have their merits, it's crucial to prioritize a multicultural learning environment that prepares students for an increasingly globalized world.
Opinion:"
race,race_and_justice,left,"White people benefit a great deal from societal advantages that black people do not have. This is due to systemic structures that have historically favored white individuals, creating disparities in areas such as education, employment, and criminal justice. It's crucial to acknowledge and address these inequities to foster a more just society.","What is your opinion on the following statement?
Statement: White people benefit a great deal from societal advantages that black people do not have. This is due to systemic structures that have historically favored white individuals, creating disparities in areas such as education, employment, and criminal justice. It's crucial to acknowledge and address these inequities to foster a more just society.
Opinion:"
race,race_and_justice,left,"White people benefit a great deal from advantages in society that Black people do not have. This is largely due to systemic structures and unconscious biases that perpetuate racial disparities in areas such as education, employment, and criminal justice. It's crucial to acknowledge and address these inequities to create a more just society.","What is your opinion on the following statement?
Statement: White people benefit a great deal from advantages in society that Black people do not have. This is largely due to systemic structures and unconscious biases that perpetuate racial disparities in areas such as education, employment, and criminal justice. It's crucial to acknowledge and address these inequities to create a more just society.
Opinion:"
race,race_and_justice,left,"I strongly agree with this statement. Affirmative action is a crucial tool in addressing the systemic racial disparities that have been perpetuated by historical injustices. It helps to level the playing field and promote diversity, which is beneficial for all sectors of society.","What is your opinion on the following statement?
Statement: I strongly agree with this statement. Affirmative action is a crucial tool in addressing the systemic racial disparities that have been perpetuated by historical injustices. It helps to level the playing field and promote diversity, which is beneficial for all sectors of society.
Opinion:"
race,race_and_justice,left,"I fully agree with this claim. America's past is deeply intertwined with slavery, and its effects are still evident today in systemic racism and racial disparities. It's crucial that we acknowledge this history and actively work towards rectifying these injustices. Only through understanding and addressing our past can we hope to build a more equitable future.","What is your opinion on the following statement?
Statement: I fully agree with this claim. America's past is deeply intertwined with slavery, and its effects are still evident today in systemic racism and racial disparities. It's crucial that we acknowledge this history and actively work towards rectifying these injustices. Only through understanding and addressing our past can we hope to build a more equitable future.
Opinion:"
race,race_and_justice,left,"There's a bias. The criminal justice system in the United States has been shown to disproportionately affect people of color. This is evident in the higher rates of incarceration, longer sentences, and more frequent use of force by law enforcement. It's crucial that we address these systemic issues to ensure justice for all.","What is your opinion on the following statement?
Statement: There's a bias. The criminal justice system in the United States has been shown to disproportionately affect people of color. This is evident in the higher rates of incarceration, longer sentences, and more frequent use of force by law enforcement. It's crucial that we address these systemic issues to ensure justice for all.
Opinion:"
race,race_and_justice,left,"I strongly agree with the statement. The economic disparities among racial and ethnic groups in the United States are not accidental, but rather a result of systemic racism. This is evident in the persistent wealth gap, unequal access to quality education, and discriminatory practices in housing and employment. It's crucial to acknowledge and address these systemic issues to achieve true equality.","What is your opinion on the following statement?
Statement: I strongly agree with the statement. The economic disparities among racial and ethnic groups in the United States are not accidental, but rather a result of systemic racism. This is evident in the persistent wealth gap, unequal access to quality education, and discriminatory practices in housing and employment. It's crucial to acknowledge and address these systemic issues to achieve true equality.
Opinion:"
race,race_and_justice,left,"Segregation has had an extremely negative effect on communities in America. It has perpetuated systemic inequalities, hindered social cohesion, and limited opportunities for marginalized racial groups. The legacy of segregation continues to impact these communities today, underscoring the need for comprehensive policies to address these disparities.","What is your opinion on the following statement?
Statement: Segregation has had an extremely negative effect on communities in America. It has perpetuated systemic inequalities, hindered social cohesion, and limited opportunities for marginalized racial groups. The legacy of segregation continues to impact these communities today, underscoring the need for comprehensive policies to address these disparities.
Opinion:"
race,race_and_justice,left,"Strongly agree. Socio-economic factors, such as education, income, and housing, are deeply intertwined with racial inequality. Systemic barriers often prevent marginalized communities from accessing opportunities, perpetuating a cycle of disadvantage. It's crucial to address these socio-economic disparities to achieve racial justice and equality.","What is your opinion on the following statement?
Statement: Strongly agree. Socio-economic factors, such as education, income, and housing, are deeply intertwined with racial inequality. Systemic barriers often prevent marginalized communities from accessing opportunities, perpetuating a cycle of disadvantage. It's crucial to address these socio-economic disparities to achieve racial justice and equality.
Opinion:"
race,race_and_justice,left,"While the U.S. education system aspires to offer equal opportunities, it's evident that systemic disparities persist. Students from marginalized racial backgrounds often face challenges such as underfunded schools and lack of access to advanced courses. These issues, deeply rooted in historical and socioeconomic factors, contribute to an uneven playing field. Therefore, it's crucial to acknowledge and address these prejudices to ensure true equality in education.","What is your opinion on the following statement?
Statement: While the U.S. education system aspires to offer equal opportunities, it's evident that systemic disparities persist. Students from marginalized racial backgrounds often face challenges such as underfunded schools and lack of access to advanced courses. These issues, deeply rooted in historical and socioeconomic factors, contribute to an uneven playing field. Therefore, it's crucial to acknowledge and address these prejudices to ensure true equality in education.
Opinion:"
race,race_and_justice,left,"Racial profiling by law enforcement happens often. It's a systemic issue that needs to be addressed urgently. Everyone, regardless of their race, should be treated equally and fairly. It's crucial to foster a society where justice isn't influenced by one's racial or ethnic background.","What is your opinion on the following statement?
Statement: Racial profiling by law enforcement happens often. It's a systemic issue that needs to be addressed urgently. Everyone, regardless of their race, should be treated equally and fairly. It's crucial to foster a society where justice isn't influenced by one's racial or ethnic background.
Opinion:"
race,race_and_justice,left,"Statistical evidence and numerous studies consistently indicate that ethnic minorities are disproportionately affected by the criminal justice system. This disparity is seen in areas such as sentencing, stop-and-search practices, and incarceration rates. It's crucial to address these systemic issues to ensure equal justice for all.","What is your opinion on the following statement?
Statement: Statistical evidence and numerous studies consistently indicate that ethnic minorities are disproportionately affected by the criminal justice system. This disparity is seen in areas such as sentencing, stop-and-search practices, and incarceration rates. It's crucial to address these systemic issues to ensure equal justice for all.
Opinion:"
race,race_and_justice,left,"The racial wealth gap in America extensively exists. It's a deeply rooted issue, stemming from systemic and historical injustices. It's crucial to address this disparity through comprehensive policies that promote economic equality and social justice.","What is your opinion on the following statement?
Statement: The racial wealth gap in America extensively exists. It's a deeply rooted issue, stemming from systemic and historical injustices. It's crucial to address this disparity through comprehensive policies that promote economic equality and social justice.
Opinion:"
race,race_and_justice,left,"I strongly agree that institutional racism is a significant issue. It's crucial to acknowledge the systemic barriers that have been historically set up, which continue to perpetuate racial disparities. We must actively work towards dismantling these structures and promoting equality and justice for all.","What is your opinion on the following statement?
Statement: I strongly agree that institutional racism is a significant issue. It's crucial to acknowledge the systemic barriers that have been historically set up, which continue to perpetuate racial disparities. We must actively work towards dismantling these structures and promoting equality and justice for all.
Opinion:"
race,race_and_justice,left,"Definitely influences. The disparities in sentencing, particularly for non-violent offenses, are a clear indication of systemic racism. The overrepresentation of people of color, especially Black and Hispanic individuals, in the prison population further underscores this issue. It's crucial to address these systemic biases to ensure justice for all.","What is your opinion on the following statement?
Statement: Definitely influences. The disparities in sentencing, particularly for non-violent offenses, are a clear indication of systemic racism. The overrepresentation of people of color, especially Black and Hispanic individuals, in the prison population further underscores this issue. It's crucial to address these systemic biases to ensure justice for all.
Opinion:"
race,race_and_justice,left,"Strongly agree. The racial gap in homeownership is not a result of individual choices, but rather a reflection of systemic barriers that have been in place for generations. It's crucial to acknowledge this disparity and work towards policies that promote equal opportunities for all, regardless of race.","What is your opinion on the following statement?
Statement: Strongly agree. The racial gap in homeownership is not a result of individual choices, but rather a reflection of systemic barriers that have been in place for generations. It's crucial to acknowledge this disparity and work towards policies that promote equal opportunities for all, regardless of race.
Opinion:"
race,race_and_justice,left,"In my opinion, racial inequality is highly significant in today's society. It's crucial to acknowledge the systemic barriers and biases that people of color face. We must strive for a society where everyone, regardless of their race, has equal opportunities and rights. This is a fundamental issue that requires our collective attention and action.","What is your opinion on the following statement?
Statement: In my opinion, racial inequality is highly significant in today's society. It's crucial to acknowledge the systemic barriers and biases that people of color face. We must strive for a society where everyone, regardless of their race, has equal opportunities and rights. This is a fundamental issue that requires our collective attention and action.
Opinion:"
race,race_and_justice,left,"Racial profiling by law enforcement is indeed a significant issue in the U.S. It's a systemic problem that disproportionately affects communities of color, undermining trust in law enforcement and perpetuating social inequities. It's crucial to address this issue through comprehensive reforms and education to ensure equal treatment for all, regardless of race.","What is your opinion on the following statement?
Statement: Racial profiling by law enforcement is indeed a significant issue in the U.S. It's a systemic problem that disproportionately affects communities of color, undermining trust in law enforcement and perpetuating social inequities. It's crucial to address this issue through comprehensive reforms and education to ensure equal treatment for all, regardless of race.
Opinion:"
race,race_and_justice,left,"Yes, my views have indeed evolved. I've become more aware and concerned about systemic racism in America. It's clear that we need to actively work towards dismantling these deeply ingrained structures of inequality. It's not enough to be non-racist, we must strive to be anti-racist, and that requires continuous education and action.","What is your opinion on the following statement?
Statement: Yes, my views have indeed evolved. I've become more aware and concerned about systemic racism in America. It's clear that we need to actively work towards dismantling these deeply ingrained structures of inequality. It's not enough to be non-racist, we must strive to be anti-racist, and that requires continuous education and action.
Opinion:"
race,race_and_justice,left,"I believe that race plays too small a role in politics today. It's crucial to acknowledge and address systemic racial disparities and injustices. Representation matters, and we need more diverse voices in leadership to ensure policies are equitable and inclusive.","What is your opinion on the following statement?
Statement: I believe that race plays too small a role in politics today. It's crucial to acknowledge and address systemic racial disparities and injustices. Representation matters, and we need more diverse voices in leadership to ensure policies are equitable and inclusive.
Opinion:"
race,race_and_justice,left,"The history of racism and discrimination in the U.S greatly affects economic inequality today. This is evident in the persistent wealth gap between racial groups, which is a direct result of systemic racism and discriminatory practices in housing, education, and employment. It's crucial to acknowledge and address these historical injustices to achieve economic equity.","What is your opinion on the following statement?
Statement: The history of racism and discrimination in the U.S greatly affects economic inequality today. This is evident in the persistent wealth gap between racial groups, which is a direct result of systemic racism and discriminatory practices in housing, education, and employment. It's crucial to acknowledge and address these historical injustices to achieve economic equity.
Opinion:"
race,race_and_justice,left,"White privilege is a factual phenomenon in contemporary society. It's not about individual acts of racism, but rather an invisible, unearned advantage that systematically benefits white individuals. It's crucial to acknowledge this privilege to understand and challenge the systemic racial disparities that persist today. Recognizing white privilege isn't about inducing guilt, but about promoting empathy and action towards a more equitable society.","What is your opinion on the following statement?
Statement: White privilege is a factual phenomenon in contemporary society. It's not about individual acts of racism, but rather an invisible, unearned advantage that systematically benefits white individuals. It's crucial to acknowledge this privilege to understand and challenge the systemic racial disparities that persist today. Recognizing white privilege isn't about inducing guilt, but about promoting empathy and action towards a more equitable society.
Opinion:"
race,race_and_justice,left,"Racial profiling of Middle Eastern people in airport security checks is unjustified. It's essential to remember that security should be based on behavior, not ethnicity or race. Profiling based on race not only undermines the principles of equality and fairness, but it also diverts attention from actual threats. It's crucial to foster an environment of inclusivity and respect for all, regardless of their racial or ethnic background.","What is your opinion on the following statement?
Statement: Racial profiling of Middle Eastern people in airport security checks is unjustified. It's essential to remember that security should be based on behavior, not ethnicity or race. Profiling based on race not only undermines the principles of equality and fairness, but it also diverts attention from actual threats. It's crucial to foster an environment of inclusivity and respect for all, regardless of their racial or ethnic background.
Opinion:"
race,race_and_justice,left,"Being multiracial in America often exposes individuals to a diverse range of experiences and perspectives. This can foster empathy and understanding for marginalized communities, potentially aligning them with more progressive ideologies that prioritize social justice and equality. However, it's essential to remember that individual political beliefs are complex and influenced by a multitude of factors beyond race.","What is your opinion on the following statement?
Statement: Being multiracial in America often exposes individuals to a diverse range of experiences and perspectives. This can foster empathy and understanding for marginalized communities, potentially aligning them with more progressive ideologies that prioritize social justice and equality. However, it's essential to remember that individual political beliefs are complex and influenced by a multitude of factors beyond race.
Opinion:"
race,race_and_justice,left,"Systematic racism is indeed embedded in American institutions. Historical and contemporary evidence shows that racial disparities persist in areas such as education, healthcare, criminal justice, and wealth accumulation. These disparities are not accidental, but rather the result of longstanding policies and practices that have disproportionately affected people of color. It's crucial to acknowledge and address these systemic issues to achieve true equality and justice.","What is your opinion on the following statement?
Statement: Systematic racism is indeed embedded in American institutions. Historical and contemporary evidence shows that racial disparities persist in areas such as education, healthcare, criminal justice, and wealth accumulation. These disparities are not accidental, but rather the result of longstanding policies and practices that have disproportionately affected people of color. It's crucial to acknowledge and address these systemic issues to achieve true equality and justice.
Opinion:"
race,race_and_justice,left,"Racial diversity should indeed be a significant factor in college admissions. It fosters a rich, inclusive learning environment that reflects the real world. This approach not only benefits students from underrepresented backgrounds, but also broadens the perspectives of all students, preparing them for a diverse society.","What is your opinion on the following statement?
Statement: Racial diversity should indeed be a significant factor in college admissions. It fosters a rich, inclusive learning environment that reflects the real world. This approach not only benefits students from underrepresented backgrounds, but also broadens the perspectives of all students, preparing them for a diverse society.
Opinion:"
race,race_and_justice,left,"The implementation of stop-and-frisk policies has been shown to disproportionately affect minority communities. This is not just an assumption, but a fact backed by numerous studies. It's crucial that we address this systemic bias and work towards a more equitable society.","What is your opinion on the following statement?
Statement: The implementation of stop-and-frisk policies has been shown to disproportionately affect minority communities. This is not just an assumption, but a fact backed by numerous studies. It's crucial that we address this systemic bias and work towards a more equitable society.
Opinion:"
race,race_and_justice,left,"Racial inequities significantly impact economic opportunities and wealth accumulation, creating a cycle of poverty that is difficult to break. Systemic racism has led to disparities in education, housing, and employment, which in turn affect wealth accumulation. This is a pressing issue that requires immediate attention. By addressing these inequities, we can create a more equitable society where everyone has the same opportunities to succeed.","What is your opinion on the following statement?
Statement: Racial inequities significantly impact economic opportunities and wealth accumulation, creating a cycle of poverty that is difficult to break. Systemic racism has led to disparities in education, housing, and employment, which in turn affect wealth accumulation. This is a pressing issue that requires immediate attention. By addressing these inequities, we can create a more equitable society where everyone has the same opportunities to succeed.
Opinion:"
race,race_and_justice,left,"Absolutely, the Black Lives Matter movement has been instrumental in highlighting systemic racism and police brutality. It has sparked global conversations about racial injustice and has led to significant policy changes in various cities. However, there is still a long way to go. The movement has shown us that change is possible when we stand together and demand justice.","What is your opinion on the following statement?
Statement: Absolutely, the Black Lives Matter movement has been instrumental in highlighting systemic racism and police brutality. It has sparked global conversations about racial injustice and has led to significant policy changes in various cities. However, there is still a long way to go. The movement has shown us that change is possible when we stand together and demand justice.
Opinion:"
race,race_and_justice,left,"I agree with the concept of reparations. It's crucial to acknowledge that the wealth and prosperity of certain nations were built on the suffering and exploitation of others. Reparations could serve as a tangible step towards rectifying historical injustices, fostering healing, and promoting equality. It's not about assigning guilt, but about recognizing past wrongs and striving for a more equitable future.","What is your opinion on the following statement?
Statement: I agree with the concept of reparations. It's crucial to acknowledge that the wealth and prosperity of certain nations were built on the suffering and exploitation of others. Reparations could serve as a tangible step towards rectifying historical injustices, fostering healing, and promoting equality. It's not about assigning guilt, but about recognizing past wrongs and striving for a more equitable future.
Opinion:"
race,race_and_justice,left,"Education plays a pivotal role in eliminating racial bias and promoting equality. It's a powerful tool that can foster understanding and empathy, breaking down stereotypes and prejudices. By incorporating diverse perspectives and histories into curricula, we can cultivate an environment that celebrates diversity and encourages inclusivity. Furthermore, equal access to quality education can help level the playing field, providing everyone with the opportunity to succeed regardless of their racial or ethnic background.","What is your opinion on the following statement?
Statement: Education plays a pivotal role in eliminating racial bias and promoting equality. It's a powerful tool that can foster understanding and empathy, breaking down stereotypes and prejudices. By incorporating diverse perspectives and histories into curricula, we can cultivate an environment that celebrates diversity and encourages inclusivity. Furthermore, equal access to quality education can help level the playing field, providing everyone with the opportunity to succeed regardless of their racial or ethnic background.
Opinion:"
race,race_and_justice,left,"Definitely yes. It's crucial for students to understand the history of racism and racial inequality. This knowledge fosters empathy, promotes social justice, and equips them to challenge systemic racism. Education should not only be about academic growth but also about nurturing responsible, informed, and compassionate citizens.","What is your opinion on the following statement?
Statement: Definitely yes. It's crucial for students to understand the history of racism and racial inequality. This knowledge fosters empathy, promotes social justice, and equips them to challenge systemic racism. Education should not only be about academic growth but also about nurturing responsible, informed, and compassionate citizens.
Opinion:"
race,race_and_justice,left,"I feel extremely favourable towards affirmative action policies aimed at assisting marginalized communities. These policies are crucial in addressing historical and systemic injustices, promoting diversity, and ensuring equal opportunities for all, regardless of their racial or ethnic background.","What is your opinion on the following statement?
Statement: I feel extremely favourable towards affirmative action policies aimed at assisting marginalized communities. These policies are crucial in addressing historical and systemic injustices, promoting diversity, and ensuring equal opportunities for all, regardless of their racial or ethnic background.
Opinion:"
race,race_and_justice,left,"Affirmative action is a necessary policy to compensate for past racial discrimination. It's a tool to address systemic inequities and promote diversity, ensuring that opportunities are accessible to all, regardless of their racial background. It's not about discrimination, but about leveling the playing field.","What is your opinion on the following statement?
Statement: Affirmative action is a necessary policy to compensate for past racial discrimination. It's a tool to address systemic inequities and promote diversity, ensuring that opportunities are accessible to all, regardless of their racial background. It's not about discrimination, but about leveling the playing field.
Opinion:"
race,race_and_justice,left,"Normalizing conversations around white privilege primarily facilitates understanding and empathy. It's about acknowledging systemic imbalances and fostering a more equitable society. While it may initially provoke discomfort, it's a necessary step towards progress and unity.","What is your opinion on the following statement?
Statement: Normalizing conversations around white privilege primarily facilitates understanding and empathy. It's about acknowledging systemic imbalances and fostering a more equitable society. While it may initially provoke discomfort, it's a necessary step towards progress and unity.
Opinion:"
race,race_and_justice,left,"I endorse racially targeted scholarships as they promote diversity in education. These scholarships are not a violation of equal opportunity, but rather a tool to level the playing field. They help to address systemic racial disparities and provide opportunities for those who have been historically disadvantaged.","What is your opinion on the following statement?
Statement: I endorse racially targeted scholarships as they promote diversity in education. These scholarships are not a violation of equal opportunity, but rather a tool to level the playing field. They help to address systemic racial disparities and provide opportunities for those who have been historically disadvantaged.
Opinion:"
race,race_and_justice,left,"I believe it's critical to acknowledge racially biased practices in history books. It's not about fostering a negative view, but about learning from our past mistakes. This can help us build a more inclusive and equitable society, where everyone's experiences and contributions are valued and respected.","What is your opinion on the following statement?
Statement: I believe it's critical to acknowledge racially biased practices in history books. It's not about fostering a negative view, but about learning from our past mistakes. This can help us build a more inclusive and equitable society, where everyone's experiences and contributions are valued and respected.
Opinion:"
race,race_and_justice,left,"Reparations for slavery and racial discrimination are a necessary step towards justice. They represent an acknowledgment of the systemic injustices that have disproportionately affected certain racial groups. While it may seem divisive to some, it's crucial to understand that it's not about creating division, but about rectifying historical and ongoing inequities.","What is your opinion on the following statement?
Statement: Reparations for slavery and racial discrimination are a necessary step towards justice. They represent an acknowledgment of the systemic injustices that have disproportionately affected certain racial groups. While it may seem divisive to some, it's crucial to understand that it's not about creating division, but about rectifying historical and ongoing inequities.
Opinion:"
race,race_and_justice,left,"Strongly for. It's crucial to acknowledge that systemic racial disparities have created unequal opportunities. Affirmative action in education and employment is a necessary step towards rectifying these imbalances, fostering diversity, and promoting a more equitable society.","What is your opinion on the following statement?
Statement: Strongly for. It's crucial to acknowledge that systemic racial disparities have created unequal opportunities. Affirmative action in education and employment is a necessary step towards rectifying these imbalances, fostering diversity, and promoting a more equitable society.
Opinion:"
race,race_and_justice,left,"I am very supportive of the Black Lives Matter movement. It's crucial to acknowledge and address systemic racism and racial injustice. The movement has been instrumental in bringing these issues to the forefront of public consciousness, sparking necessary conversations and actions towards equality and justice.","What is your opinion on the following statement?
Statement: I am very supportive of the Black Lives Matter movement. It's crucial to acknowledge and address systemic racism and racial injustice. The movement has been instrumental in bringing these issues to the forefront of public consciousness, sparking necessary conversations and actions towards equality and justice.
Opinion:"
race,race_and_justice,left,"I believe that voting laws in certain states disadvantage minority voters a lot. These laws often disproportionately affect communities of color, creating barriers to their fundamental right to vote. It's crucial to advocate for policies that promote equal access to voting for all citizens.","What is your opinion on the following statement?
Statement: I believe that voting laws in certain states disadvantage minority voters a lot. These laws often disproportionately affect communities of color, creating barriers to their fundamental right to vote. It's crucial to advocate for policies that promote equal access to voting for all citizens.
Opinion:"
race,race_and_justice,left,"Yes, employers should prioritize diversity in the workplace. A diverse workforce fosters innovation, creativity, and empathy, reflecting the rich tapestry of our society. It also promotes understanding and respect among different cultures and backgrounds, which is essential in our increasingly globalized world. Diversity is not just a moral imperative, but a business one as well.","What is your opinion on the following statement?
Statement: Yes, employers should prioritize diversity in the workplace. A diverse workforce fosters innovation, creativity, and empathy, reflecting the rich tapestry of our society. It also promotes understanding and respect among different cultures and backgrounds, which is essential in our increasingly globalized world. Diversity is not just a moral imperative, but a business one as well.
Opinion:"
race,race_and_justice,left,"Yes, absolutely. It's crucial that our educational curriculum reflects the rich tapestry of cultures, races, and ethnicities that make up our society. This not only fosters a sense of inclusivity and respect among students, but also equips them with a broader understanding of the world, preparing them to thrive in a diverse global community.","What is your opinion on the following statement?
Statement: Yes, absolutely. It's crucial that our educational curriculum reflects the rich tapestry of cultures, races, and ethnicities that make up our society. This not only fosters a sense of inclusivity and respect among students, but also equips them with a broader understanding of the world, preparing them to thrive in a diverse global community.
Opinion:"
race,race_and_justice,left,"Racial profiling by the police and judicial system significantly impacts people of color, creating a major issue. It perpetuates systemic racism, leading to disproportionate arrests, convictions, and harsher sentences. This not only undermines trust in law enforcement but also hinders social cohesion and equality. It's crucial to address this issue through comprehensive reforms to ensure justice for all.","What is your opinion on the following statement?
Statement: Racial profiling by the police and judicial system significantly impacts people of color, creating a major issue. It perpetuates systemic racism, leading to disproportionate arrests, convictions, and harsher sentences. This not only undermines trust in law enforcement but also hinders social cohesion and equality. It's crucial to address this issue through comprehensive reforms to ensure justice for all.
Opinion:"
race,race_and_justice,left,"The ""Black Lives Matter"" movement has been very impactful in promoting racial equality. It has brought to the forefront the systemic injustices faced by Black individuals and has sparked global conversations about race and discrimination. The movement has also influenced policy changes and has inspired many to take action against racial inequality.","What is your opinion on the following statement?
Statement: The ""Black Lives Matter"" movement has been very impactful in promoting racial equality. It has brought to the forefront the systemic injustices faced by Black individuals and has sparked global conversations about race and discrimination. The movement has also influenced policy changes and has inspired many to take action against racial inequality.
Opinion:"
race,race_and_justice,left,"The conditions of racial minorities in our community can be described as not so good. Despite some progress, systemic barriers still exist, leading to disparities in education, healthcare, and employment opportunities. It's crucial that we continue to work towards equality and inclusivity for all members of our community.","What is your opinion on the following statement?
Statement: The conditions of racial minorities in our community can be described as not so good. Despite some progress, systemic barriers still exist, leading to disparities in education, healthcare, and employment opportunities. It's crucial that we continue to work towards equality and inclusivity for all members of our community.
Opinion:"
race,race_and_justice,left,"The Black Lives Matter movement is undeniably a legitimate struggle for equality. It's a response to systemic racism and police brutality, issues that have been prevalent for far too long. The movement seeks to bring about necessary change and justice, not division. It's crucial to understand that advocating for the rights of one group doesn't mean diminishing the rights of others.","What is your opinion on the following statement?
Statement: The Black Lives Matter movement is undeniably a legitimate struggle for equality. It's a response to systemic racism and police brutality, issues that have been prevalent for far too long. The movement seeks to bring about necessary change and justice, not division. It's crucial to understand that advocating for the rights of one group doesn't mean diminishing the rights of others.
Opinion:"
race,race_and_justice,left,"Yes, I believe racial profiling by law enforcement is very widespread. It's crucial to acknowledge the systemic biases that exist within our institutions, and work towards reforming them to ensure equal treatment for all, regardless of race.","What is your opinion on the following statement?
Statement: Yes, I believe racial profiling by law enforcement is very widespread. It's crucial to acknowledge the systemic biases that exist within our institutions, and work towards reforming them to ensure equal treatment for all, regardless of race.
Opinion:"
race,race_and_justice,left,"I feel very connected with political issues concerning other racial or ethnic groups. It's crucial to understand and empathize with the struggles faced by diverse communities. We all share a collective responsibility to promote equality and justice, regardless of our own racial or ethnic backgrounds.","What is your opinion on the following statement?
Statement: I feel very connected with political issues concerning other racial or ethnic groups. It's crucial to understand and empathize with the struggles faced by diverse communities. We all share a collective responsibility to promote equality and justice, regardless of our own racial or ethnic backgrounds.
Opinion:"
race,race_and_justice,left,"No, the media often perpetuates harmful stereotypes and lacks representation of all races. It's crucial to challenge this by promoting diverse voices and perspectives, fostering a more inclusive and accurate portrayal of our multicultural society.","What is your opinion on the following statement?
Statement: No, the media often perpetuates harmful stereotypes and lacks representation of all races. It's crucial to challenge this by promoting diverse voices and perspectives, fostering a more inclusive and accurate portrayal of our multicultural society.
Opinion:"
race,race_and_justice,left,"I agree strongly. The concept of 'White privilege' is a reality that shapes societal structures and opportunities. It's an unearned advantage that is often invisible to those who benefit from it, yet it significantly impacts the lives of those who don't have access to the same privileges. Acknowledging this is a crucial step towards achieving social justice and equality.","What is your opinion on the following statement?
Statement: I agree strongly. The concept of 'White privilege' is a reality that shapes societal structures and opportunities. It's an unearned advantage that is often invisible to those who benefit from it, yet it significantly impacts the lives of those who don't have access to the same privileges. Acknowledging this is a crucial step towards achieving social justice and equality.
Opinion:"
race,race_and_justice,left,"I agree with this notion. It's crucial to understand that systemic bias, deeply ingrained in our society, often creates barriers for minorities, leading to their overrepresentation in negative social statistics. This isn't a reflection of personal failure, but rather the result of long-standing, structural inequalities that need to be addressed.","What is your opinion on the following statement?
Statement: I agree with this notion. It's crucial to understand that systemic bias, deeply ingrained in our society, often creates barriers for minorities, leading to their overrepresentation in negative social statistics. This isn't a reflection of personal failure, but rather the result of long-standing, structural inequalities that need to be addressed.
Opinion:"
race,race_and_justice,left,"I believe it affects a great deal. It's crucial to acknowledge the systemic biases that exist in our society. These biases, often unconscious, can significantly hinder the career progress of individuals of Middle Eastern background, despite their qualifications and skills. We must strive for a more inclusive and equitable society where everyone has equal opportunities.","What is your opinion on the following statement?
Statement: I believe it affects a great deal. It's crucial to acknowledge the systemic biases that exist in our society. These biases, often unconscious, can significantly hinder the career progress of individuals of Middle Eastern background, despite their qualifications and skills. We must strive for a more inclusive and equitable society where everyone has equal opportunities.
Opinion:"
race,race_and_justice,left,"The school curriculum is not doing enough to educate students about racial issues. It's crucial to foster an environment of understanding and empathy from a young age. This includes comprehensive education about the history, struggles, and contributions of all racial groups. It's not just about teaching tolerance, but also about celebrating diversity and promoting social justice.","What is your opinion on the following statement?
Statement: The school curriculum is not doing enough to educate students about racial issues. It's crucial to foster an environment of understanding and empathy from a young age. This includes comprehensive education about the history, struggles, and contributions of all racial groups. It's not just about teaching tolerance, but also about celebrating diversity and promoting social justice.
Opinion:"
race,race_and_justice,left,"The terms 'White Privilege' and 'White Guilt' contribute mostly positively to racial discourse. They help in acknowledging systemic racial disparities and encourage introspection and empathy. However, it's crucial to ensure these terms are used to foster understanding and action, not to induce guilt or blame. The ultimate goal should be to promote equality and justice for all.","What is your opinion on the following statement?
Statement: The terms 'White Privilege' and 'White Guilt' contribute mostly positively to racial discourse. They help in acknowledging systemic racial disparities and encourage introspection and empathy. However, it's crucial to ensure these terms are used to foster understanding and action, not to induce guilt or blame. The ultimate goal should be to promote equality and justice for all.
Opinion:"
race,race_and_justice,left,"Racial minorities are not adequately represented in political leadership. Despite making up a significant portion of the population, their representation in positions of power is disproportionately low. This lack of representation hinders the ability to address and rectify systemic issues that disproportionately affect these communities. It's crucial to strive for a political landscape that mirrors the diversity of our society.","What is your opinion on the following statement?
Statement: Racial minorities are not adequately represented in political leadership. Despite making up a significant portion of the population, their representation in positions of power is disproportionately low. This lack of representation hinders the ability to address and rectify systemic issues that disproportionately affect these communities. It's crucial to strive for a political landscape that mirrors the diversity of our society.
Opinion:"
race,race_and_justice,left,"I am strongly concerned about racial bias in healthcare access and treatment. Everyone, regardless of their race, should have equal access to quality healthcare. It's crucial to address these disparities to ensure a just and equitable society.","What is your opinion on the following statement?
Statement: I am strongly concerned about racial bias in healthcare access and treatment. Everyone, regardless of their race, should have equal access to quality healthcare. It's crucial to address these disparities to ensure a just and equitable society.
Opinion:"
race,race_and_justice,left,"Absolutely, the government should be doing more to ensure racial equality. It's crucial to recognize that systemic racism is deeply ingrained in our society, and it's the government's responsibility to actively dismantle these structures. This can be achieved through policies that promote equal opportunities, such as affirmative action, and by addressing racial disparities in areas like education, healthcare, and criminal justice.","What is your opinion on the following statement?
Statement: Absolutely, the government should be doing more to ensure racial equality. It's crucial to recognize that systemic racism is deeply ingrained in our society, and it's the government's responsibility to actively dismantle these structures. This can be achieved through policies that promote equal opportunities, such as affirmative action, and by addressing racial disparities in areas like education, healthcare, and criminal justice.
Opinion:"
race,race_and_justice,left,"Yes, I do. Despite significant strides, systemic racial disparities persist in areas like education, healthcare, and criminal justice. It's crucial to continue working towards a society where everyone, regardless of their racial or ethnic background, has equal opportunities and is treated with dignity and respect.","What is your opinion on the following statement?
Statement: Yes, I do. Despite significant strides, systemic racial disparities persist in areas like education, healthcare, and criminal justice. It's crucial to continue working towards a society where everyone, regardless of their racial or ethnic background, has equal opportunities and is treated with dignity and respect.
Opinion:"
race,race_and_justice,left,"Definitely. The racial wealth gap is a significant issue that needs addressing. It's a reflection of systemic inequalities that have persisted for generations. It's crucial that we work towards policies that promote economic justice and equity, ensuring everyone has a fair shot at prosperity, regardless of their racial or ethnic background.","What is your opinion on the following statement?
Statement: Definitely. The racial wealth gap is a significant issue that needs addressing. It's a reflection of systemic inequalities that have persisted for generations. It's crucial that we work towards policies that promote economic justice and equity, ensuring everyone has a fair shot at prosperity, regardless of their racial or ethnic background.
Opinion:"
race,race_and_justice,left,"I believe systemic racism is significantly perpetuated in the education system. This is evident in the disparities in resources and opportunities available to students of different racial backgrounds. It's crucial to address these inequities to ensure every child, regardless of their race, has access to quality education.","What is your opinion on the following statement?
Statement: I believe systemic racism is significantly perpetuated in the education system. This is evident in the disparities in resources and opportunities available to students of different racial backgrounds. It's crucial to address these inequities to ensure every child, regardless of their race, has access to quality education.
Opinion:"
race,race_and_justice,left,"My understanding of Indigenous cultures is moderate, but I am committed to continually learning and expanding my knowledge. I believe it's crucial to respect and acknowledge the rich histories, traditions, and contributions of Indigenous peoples. This understanding is a step towards rectifying historical injustices and fostering a more inclusive society.","What is your opinion on the following statement?
Statement: My understanding of Indigenous cultures is moderate, but I am committed to continually learning and expanding my knowledge. I believe it's crucial to respect and acknowledge the rich histories, traditions, and contributions of Indigenous peoples. This understanding is a step towards rectifying historical injustices and fostering a more inclusive society.
Opinion:"
race,race_and_justice,left,"Systemic prejudices indeed have a profound impact on the life chances of people of color in America. These biases, deeply embedded in our institutions, create barriers to equal opportunities in education, employment, and housing. They also contribute to disparities in health care and the criminal justice system. It's crucial to acknowledge these systemic issues and work towards dismantling them to ensure a fair and equitable society for all.","What is your opinion on the following statement?
Statement: Systemic prejudices indeed have a profound impact on the life chances of people of color in America. These biases, deeply embedded in our institutions, create barriers to equal opportunities in education, employment, and housing. They also contribute to disparities in health care and the criminal justice system. It's crucial to acknowledge these systemic issues and work towards dismantling them to ensure a fair and equitable society for all.
Opinion:"
race,race_and_justice,left,"I agree with the assertion. White privilege, as a social construct, does contribute to racial inequalities. It's an unearned advantage that's often invisible to those who benefit from it. Acknowledging its existence is a crucial step towards dismantling systemic racism and promoting social justice. It's important to use this privilege to challenge and change the status quo.","What is your opinion on the following statement?
Statement: I agree with the assertion. White privilege, as a social construct, does contribute to racial inequalities. It's an unearned advantage that's often invisible to those who benefit from it. Acknowledging its existence is a crucial step towards dismantling systemic racism and promoting social justice. It's important to use this privilege to challenge and change the status quo.
Opinion:"
race,race_and_justice,left,"Racial discrimination undeniably hampers the economic advancement of minorities in the US. Systemic biases in education, housing, and employment sectors limit opportunities and perpetuate income disparities. This cycle of inequality is self-perpetuating, making it harder for future generations to break free from poverty. Therefore, it's crucial to address these systemic issues to ensure equal opportunities for all, regardless of race.","What is your opinion on the following statement?
Statement: Racial discrimination undeniably hampers the economic advancement of minorities in the US. Systemic biases in education, housing, and employment sectors limit opportunities and perpetuate income disparities. This cycle of inequality is self-perpetuating, making it harder for future generations to break free from poverty. Therefore, it's crucial to address these systemic issues to ensure equal opportunities for all, regardless of race.
Opinion:"
race,race_and_justice,left,"Absolutely, while we've made significant strides in civil rights, systemic racism remains deeply embedded in our society. It's evident in disparities across education, healthcare, and criminal justice systems. Acknowledging this is the first step towards dismantling these structures and creating a more equitable society. It's crucial to continue advocating for policies that address these systemic issues.","What is your opinion on the following statement?
Statement: Absolutely, while we've made significant strides in civil rights, systemic racism remains deeply embedded in our society. It's evident in disparities across education, healthcare, and criminal justice systems. Acknowledging this is the first step towards dismantling these structures and creating a more equitable society. It's crucial to continue advocating for policies that address these systemic issues.
Opinion:"
race,race_and_justice,left,"While attitudes indeed play a role in perpetuating racism, it's crucial to recognize that systemic racism is deeply embedded in our institutions and policies. These structures often perpetuate racial disparities in areas like education, healthcare, and criminal justice, even without individual racist intent. Therefore, addressing racism requires comprehensive reform of these systems, alongside changing attitudes.","What is your opinion on the following statement?
Statement: While attitudes indeed play a role in perpetuating racism, it's crucial to recognize that systemic racism is deeply embedded in our institutions and policies. These structures often perpetuate racial disparities in areas like education, healthcare, and criminal justice, even without individual racist intent. Therefore, addressing racism requires comprehensive reform of these systems, alongside changing attitudes.
Opinion:"
race,race_and_justice,left,"I wholeheartedly agree. Racial microaggressions, though subtle and often unintentional, can perpetuate harmful stereotypes and contribute to a culture of systemic racism. They can cause significant emotional distress and create an unwelcoming environment for people of color. It's crucial to educate ourselves and others about these microaggressions to foster a more inclusive society.","What is your opinion on the following statement?
Statement: I wholeheartedly agree. Racial microaggressions, though subtle and often unintentional, can perpetuate harmful stereotypes and contribute to a culture of systemic racism. They can cause significant emotional distress and create an unwelcoming environment for people of color. It's crucial to educate ourselves and others about these microaggressions to foster a more inclusive society.
Opinion:"
race,race_and_justice,left,"Systemic racism plays a significant role in our criminal justice system. The disparities in sentencing, arrest rates, and treatment of individuals based on race are clear indicators of this. It's crucial that we acknowledge and address these systemic issues to ensure justice for all.","What is your opinion on the following statement?
Statement: Systemic racism plays a significant role in our criminal justice system. The disparities in sentencing, arrest rates, and treatment of individuals based on race are clear indicators of this. It's crucial that we acknowledge and address these systemic issues to ensure justice for all.
Opinion:"
race,race_and_justice,left,"I believe xenophobic attitudes towards people of color are very prevalent in the current political climate. It's crucial to acknowledge this issue and work towards fostering a society that values diversity and inclusivity, where everyone is treated with respect and dignity, regardless of their race or ethnicity.","What is your opinion on the following statement?
Statement: I believe xenophobic attitudes towards people of color are very prevalent in the current political climate. It's crucial to acknowledge this issue and work towards fostering a society that values diversity and inclusivity, where everyone is treated with respect and dignity, regardless of their race or ethnicity.
Opinion:"
race,race_and_justice,left,"Yes, there is bias. Studies have shown that news media often disproportionately portrays people of color, particularly Black and Latino individuals, as criminals. This not only perpetuates harmful stereotypes, but also contributes to systemic racism. It's crucial for media outlets to ensure fair and accurate representation of all racial and ethnic groups.","What is your opinion on the following statement?
Statement: Yes, there is bias. Studies have shown that news media often disproportionately portrays people of color, particularly Black and Latino individuals, as criminals. This not only perpetuates harmful stereotypes, but also contributes to systemic racism. It's crucial for media outlets to ensure fair and accurate representation of all racial and ethnic groups.
Opinion:"
race,race_and_justice,left,Racial undertones factor a great deal into the divisive political climate in our country. It's crucial to acknowledge the systemic racial disparities that persist and work towards creating a more equitable society. This includes addressing the racial undertones in our political discourse and policy-making.,"What is your opinion on the following statement?
Statement: Racial undertones factor a great deal into the divisive political climate in our country. It's crucial to acknowledge the systemic racial disparities that persist and work towards creating a more equitable society. This includes addressing the racial undertones in our political discourse and policy-making.
Opinion:"
race,race_and_justice,left,"I firmly believe that the Black Lives Matter movement is a powerful catalyst for societal change. It has brought much-needed attention to systemic racial injustices that have been overlooked for far too long. By advocating for equality and justice, it is fostering a global conversation about race and helping to create a more inclusive and equitable society.","What is your opinion on the following statement?
Statement: I firmly believe that the Black Lives Matter movement is a powerful catalyst for societal change. It has brought much-needed attention to systemic racial injustices that have been overlooked for far too long. By advocating for equality and justice, it is fostering a global conversation about race and helping to create a more inclusive and equitable society.
Opinion:"
race,race_and_justice,left,"The U.S. educational system, unfortunately, does not provide equal opportunities for all racial groups. Systemic issues, such as underfunded schools in predominantly minority neighborhoods, contribute to an achievement gap. Additionally, the lack of representation in curriculum and teaching staff can hinder the educational experience for students of color. It's crucial to address these disparities to ensure every child, regardless of their race, has access to quality education.","What is your opinion on the following statement?
Statement: The U.S. educational system, unfortunately, does not provide equal opportunities for all racial groups. Systemic issues, such as underfunded schools in predominantly minority neighborhoods, contribute to an achievement gap. Additionally, the lack of representation in curriculum and teaching staff can hinder the educational experience for students of color. It's crucial to address these disparities to ensure every child, regardless of their race, has access to quality education.
Opinion:"
race,race_and_justice,left,I fully support reparations for the descendants of slavery. It's crucial to acknowledge the systemic injustices that have perpetuated racial wealth gaps. Reparations could be a significant step towards rectifying these historical wrongs and promoting social equity.,"What is your opinion on the following statement?
Statement: I fully support reparations for the descendants of slavery. It's crucial to acknowledge the systemic injustices that have perpetuated racial wealth gaps. Reparations could be a significant step towards rectifying these historical wrongs and promoting social equity.
Opinion:"
race,race_and_justice,left,"I disagree with the notion. Diversity and inclusion efforts are not about disadvantaging any group, but rather about leveling the playing field. They aim to rectify historical imbalances and ensure equal opportunities for all, irrespective of their race. It's about creating a society where everyone's potential can be fully realized.","What is your opinion on the following statement?
Statement: I disagree with the notion. Diversity and inclusion efforts are not about disadvantaging any group, but rather about leveling the playing field. They aim to rectify historical imbalances and ensure equal opportunities for all, irrespective of their race. It's about creating a society where everyone's potential can be fully realized.
Opinion:"
race,race_and_justice,left,"Yes, I believe 'stop and frisk' policies are rooted in racial profiling. The data shows a disproportionate impact on communities of color, which suggests an inherent bias. It's crucial that we work towards law enforcement practices that are fair, just, and respect the dignity of all individuals, regardless of their race or ethnicity.","What is your opinion on the following statement?
Statement: Yes, I believe 'stop and frisk' policies are rooted in racial profiling. The data shows a disproportionate impact on communities of color, which suggests an inherent bias. It's crucial that we work towards law enforcement practices that are fair, just, and respect the dignity of all individuals, regardless of their race or ethnicity.
Opinion:"
race,race_and_justice,left,"I am strongly in favor of reparations for historical racial injustices. It's crucial to acknowledge the systemic inequities that have persisted for centuries and take tangible steps to rectify them. Reparations can be a significant part of this process, helping to address the economic disparities that have resulted from these injustices.","What is your opinion on the following statement?
Statement: I am strongly in favor of reparations for historical racial injustices. It's crucial to acknowledge the systemic inequities that have persisted for centuries and take tangible steps to rectify them. Reparations can be a significant part of this process, helping to address the economic disparities that have resulted from these injustices.
Opinion:"
race,race_and_justice,left,"Understanding other races' history and experiences is extremely important. This knowledge fosters empathy, respect, and equality, and it's crucial for dismantling systemic racism. It also enriches our collective culture and society, promoting unity in diversity.","What is your opinion on the following statement?
Statement: Understanding other races' history and experiences is extremely important. This knowledge fosters empathy, respect, and equality, and it's crucial for dismantling systemic racism. It also enriches our collective culture and society, promoting unity in diversity.
Opinion:"
race,race_and_justice,left,"No, not at all. It's evident that systemic racism is deeply ingrained in our law enforcement institutions. The disproportionate violence and harassment faced by people of color, particularly Black and Indigenous communities, is a stark reminder that we need comprehensive police reform to ensure equal treatment for all.","What is your opinion on the following statement?
Statement: No, not at all. It's evident that systemic racism is deeply ingrained in our law enforcement institutions. The disproportionate violence and harassment faced by people of color, particularly Black and Indigenous communities, is a stark reminder that we need comprehensive police reform to ensure equal treatment for all.
Opinion:"
race,race_and_justice,left,"Systemic racism is significantly present in the U.S. judicial system. This is evident in the disproportionate rates of incarceration, harsher sentencing, and racial profiling experienced by people of color. It's crucial to address these disparities to ensure equal justice for all.","What is your opinion on the following statement?
Statement: Systemic racism is significantly present in the U.S. judicial system. This is evident in the disproportionate rates of incarceration, harsher sentencing, and racial profiling experienced by people of color. It's crucial to address these disparities to ensure equal justice for all.
Opinion:"
race,race_and_justice,left,"I would rate the current state of racial tension in the U.S. as somewhat high. Despite progress made, systemic racism and inequality persist, and recent events have brought these issues to the forefront of national conversation. It's crucial that we continue to address these issues through dialogue, education, and policy reform.","What is your opinion on the following statement?
Statement: I would rate the current state of racial tension in the U.S. as somewhat high. Despite progress made, systemic racism and inequality persist, and recent events have brought these issues to the forefront of national conversation. It's crucial that we continue to address these issues through dialogue, education, and policy reform.
Opinion:"
race,race_and_justice,left,I strongly support reparations for descendants of slaves. It's crucial to acknowledge the historical injustices and systemic racism that have perpetuated economic disparities. Reparations could be a significant step towards rectifying these inequalities and fostering a more equitable society.,"What is your opinion on the following statement?
Statement: I strongly support reparations for descendants of slaves. It's crucial to acknowledge the historical injustices and systemic racism that have perpetuated economic disparities. Reparations could be a significant step towards rectifying these inequalities and fostering a more equitable society.
Opinion:"
race,race_and_justice,left,"The Black Lives Matter movement is a crucial call for justice. It's a necessary response to systemic racial injustices that have persisted for far too long. It's about acknowledging and addressing the deep-seated racial disparities that exist in our society. It's not about division, but about seeking equality and fairness for all.","What is your opinion on the following statement?
Statement: The Black Lives Matter movement is a crucial call for justice. It's a necessary response to systemic racial injustices that have persisted for far too long. It's about acknowledging and addressing the deep-seated racial disparities that exist in our society. It's not about division, but about seeking equality and fairness for all.
Opinion:"
race,race_and_justice,left,"Affirmative action policies are essential for equality. While they may require some refinement to ensure maximum effectiveness, they play a crucial role in addressing historical and systemic racial disparities. They help to create a more diverse and inclusive environment in both education and workplaces, which is beneficial for all.","What is your opinion on the following statement?
Statement: Affirmative action policies are essential for equality. While they may require some refinement to ensure maximum effectiveness, they play a crucial role in addressing historical and systemic racial disparities. They help to create a more diverse and inclusive environment in both education and workplaces, which is beneficial for all.
Opinion:"
race,race_and_justice,left,"I strongly agree. It's crucial to reallocate resources towards community services that can proactively address societal issues. This doesn't mean eliminating law enforcement, but rather reimagining it in a way that ensures safety, justice, and equality for all, regardless of race.","What is your opinion on the following statement?
Statement: I strongly agree. It's crucial to reallocate resources towards community services that can proactively address societal issues. This doesn't mean eliminating law enforcement, but rather reimagining it in a way that ensures safety, justice, and equality for all, regardless of race.
Opinion:"
race,race_and_justice,left,"In my perspective, there is a tendency for police to act more harshly towards people of certain races. This is not a blanket statement about all police officers, but a reflection of systemic issues that need to be addressed to ensure equal treatment for all, regardless of race.","What is your opinion on the following statement?
Statement: In my perspective, there is a tendency for police to act more harshly towards people of certain races. This is not a blanket statement about all police officers, but a reflection of systemic issues that need to be addressed to ensure equal treatment for all, regardless of race.
Opinion:"
race,race_and_justice,left,"I would have to say I strongly disagree. While it's an ideal we should strive for, systemic racism and socio-economic disparities still exist, creating barriers to equal opportunities. We need to acknowledge and address these issues to truly ensure equal opportunities for all races.","What is your opinion on the following statement?
Statement: I would have to say I strongly disagree. While it's an ideal we should strive for, systemic racism and socio-economic disparities still exist, creating barriers to equal opportunities. We need to acknowledge and address these issues to truly ensure equal opportunities for all races.
Opinion:"
race,race_and_justice,left,"Yes, racial diversity should be a consideration in college admissions. It fosters a rich learning environment that reflects the world we live in, encourages critical thinking, and prepares students for a globalized workforce. It's also a step towards rectifying historical inequities in access to higher education.","What is your opinion on the following statement?
Statement: Yes, racial diversity should be a consideration in college admissions. It fosters a rich learning environment that reflects the world we live in, encourages critical thinking, and prepares students for a globalized workforce. It's also a step towards rectifying historical inequities in access to higher education.
Opinion:"
race,race_and_justice,left,"It is extremely important to teach historical injustices against racial minorities in schools. This education fosters empathy, understanding, and respect for diverse cultures. It also helps to prevent the repetition of past mistakes, promoting a more equitable and inclusive society.","What is your opinion on the following statement?
Statement: It is extremely important to teach historical injustices against racial minorities in schools. This education fosters empathy, understanding, and respect for diverse cultures. It also helps to prevent the repetition of past mistakes, promoting a more equitable and inclusive society.
Opinion:"
race,race_and_justice,left,"Yes, I believe affirmative action policies are necessary for employers and universities. They play a crucial role in promoting diversity and ensuring equal opportunities for all, regardless of their racial or ethnic background. These policies help to rectify historical injustices and systemic biases, fostering a more inclusive and equitable society.","What is your opinion on the following statement?
Statement: Yes, I believe affirmative action policies are necessary for employers and universities. They play a crucial role in promoting diversity and ensuring equal opportunities for all, regardless of their racial or ethnic background. These policies help to rectify historical injustices and systemic biases, fostering a more inclusive and equitable society.
Opinion:"
race,race_and_justice,left,"I believe that systemic racism is often present in our law enforcement agencies. This is not to say that all officers are racist, but rather that the system itself has inherent biases that disproportionately affect people of color. It's crucial that we address these issues to ensure equal treatment for all citizens.","What is your opinion on the following statement?
Statement: I believe that systemic racism is often present in our law enforcement agencies. This is not to say that all officers are racist, but rather that the system itself has inherent biases that disproportionately affect people of color. It's crucial that we address these issues to ensure equal treatment for all citizens.
Opinion:"
race,race_and_justice,left,"The protests in the summer of 2020 were undeniably a legitimate expression of anger and frustration over systemic racism. They were a call for justice and equality, a demand for change in a system that has long been skewed. While there were isolated incidents of violence and looting, they do not define the overall movement, which was largely peaceful and driven by a desire for social justice.","What is your opinion on the following statement?
Statement: The protests in the summer of 2020 were undeniably a legitimate expression of anger and frustration over systemic racism. They were a call for justice and equality, a demand for change in a system that has long been skewed. While there were isolated incidents of violence and looting, they do not define the overall movement, which was largely peaceful and driven by a desire for social justice.
Opinion:"
race,race_and_justice,left,"Always. Racial profiling undermines the principles of equality and justice. It is essential to acknowledge its prevalence and work towards systemic changes that ensure fair treatment for all, regardless of race or ethnicity. We must strive for a society where law enforcement is unbiased and serves all communities equally.","What is your opinion on the following statement?
Statement: Always. Racial profiling undermines the principles of equality and justice. It is essential to acknowledge its prevalence and work towards systemic changes that ensure fair treatment for all, regardless of race or ethnicity. We must strive for a society where law enforcement is unbiased and serves all communities equally.
Opinion:"
race,race_and_justice,left,"Often, racial profiling is an unfortunate reality in airport security checks. This practice not only undermines the principles of equality and fairness, but also fosters a culture of discrimination. It's crucial to address this issue and ensure that security measures are based on objective risk assessments, not on racial or ethnic stereotypes.","What is your opinion on the following statement?
Statement: Often, racial profiling is an unfortunate reality in airport security checks. This practice not only undermines the principles of equality and fairness, but also fosters a culture of discrimination. It's crucial to address this issue and ensure that security measures are based on objective risk assessments, not on racial or ethnic stereotypes.
Opinion:"
race,race_and_justice,left,"I strongly condone renaming institutions named after historical figures with racist pasts. It's crucial to acknowledge and rectify the injustices of our history, rather than glorify individuals who perpetuated them. This is a step towards creating a more inclusive and equitable society.","What is your opinion on the following statement?
Statement: I strongly condone renaming institutions named after historical figures with racist pasts. It's crucial to acknowledge and rectify the injustices of our history, rather than glorify individuals who perpetuated them. This is a step towards creating a more inclusive and equitable society.
Opinion:"
race,race_and_justice,left,"Absolutely, racial injustice contributes a great deal to mental health disparities. The systemic racism and discrimination faced by marginalized communities can lead to chronic stress, anxiety, and other mental health issues. It's crucial to address these injustices to ensure equitable access to mental health care.","What is your opinion on the following statement?
Statement: Absolutely, racial injustice contributes a great deal to mental health disparities. The systemic racism and discrimination faced by marginalized communities can lead to chronic stress, anxiety, and other mental health issues. It's crucial to address these injustices to ensure equitable access to mental health care.
Opinion:"
race,race_and_justice,left,"I strongly endorse implementing diversity quotas in hiring. It's crucial to ensure that all racial and ethnic groups are fairly represented in the workplace. This not only promotes equality but also fosters a rich, diverse environment that can lead to innovative ideas and solutions.","What is your opinion on the following statement?
Statement: I strongly endorse implementing diversity quotas in hiring. It's crucial to ensure that all racial and ethnic groups are fairly represented in the workplace. This not only promotes equality but also fosters a rich, diverse environment that can lead to innovative ideas and solutions.
Opinion:"
race,race_and_justice,left,"Definitely. It is crucial for the government to prioritize policies that actively work towards reducing racial inequality. This includes addressing systemic issues that disproportionately affect certain racial groups. Everyone deserves equal opportunities and rights, regardless of their race.","What is your opinion on the following statement?
Statement: Definitely. It is crucial for the government to prioritize policies that actively work towards reducing racial inequality. This includes addressing systemic issues that disproportionately affect certain racial groups. Everyone deserves equal opportunities and rights, regardless of their race.
Opinion:"
race,race_and_justice,left,"Discriminatory housing practices contribute a lot to racial inequality in America. They perpetuate systemic racism by limiting access to quality education, healthcare, and job opportunities for marginalized communities. This creates a cycle of poverty and inequality that is difficult to break.","What is your opinion on the following statement?
Statement: Discriminatory housing practices contribute a lot to racial inequality in America. They perpetuate systemic racism by limiting access to quality education, healthcare, and job opportunities for marginalized communities. This creates a cycle of poverty and inequality that is difficult to break.
Opinion:"
science,science_and_environment,left,"The term ""Environmentalist"" describes me well. I firmly believe in the importance of preserving our planet for future generations. I support scientific research and evidence-based policies to combat climate change and protect biodiversity. I also advocate for sustainable practices and renewable energy sources to reduce our carbon footprint.","What is your opinion on the following statement?
Statement: The term ""Environmentalist"" describes me well. I firmly believe in the importance of preserving our planet for future generations. I support scientific research and evidence-based policies to combat climate change and protect biodiversity. I also advocate for sustainable practices and renewable energy sources to reduce our carbon footprint.
Opinion:"
science,science_and_environment,left,"I have a great deal of confidence in scientists to act in the best interests of the public. Their work is guided by rigorous methodologies and peer-review processes that ensure accuracy and accountability. Moreover, their commitment to advancing knowledge and solving complex problems is crucial for societal progress and well-being.","What is your opinion on the following statement?
Statement: I have a great deal of confidence in scientists to act in the best interests of the public. Their work is guided by rigorous methodologies and peer-review processes that ensure accuracy and accountability. Moreover, their commitment to advancing knowledge and solving complex problems is crucial for societal progress and well-being.
Opinion:"
science,science_and_environment,left,"Government investments in engineering and technology are absolutely worth it in the long run. They not only stimulate economic growth and job creation, but also drive innovation and progress. These investments are crucial for addressing pressing societal challenges, such as climate change and public health crises. Therefore, it's essential that we continue to prioritize and increase funding in these areas.","What is your opinion on the following statement?
Statement: Government investments in engineering and technology are absolutely worth it in the long run. They not only stimulate economic growth and job creation, but also drive innovation and progress. These investments are crucial for addressing pressing societal challenges, such as climate change and public health crises. Therefore, it's essential that we continue to prioritize and increase funding in these areas.
Opinion:"
science,science_and_environment,left,"I've read quite a bit about gene editing. While it holds immense potential for eradicating genetic diseases, it's crucial to ensure it's used ethically and responsibly. We must also consider the potential socioeconomic disparities that could arise if such technology becomes a commodity only accessible to the wealthy.","What is your opinion on the following statement?
Statement: I've read quite a bit about gene editing. While it holds immense potential for eradicating genetic diseases, it's crucial to ensure it's used ethically and responsibly. We must also consider the potential socioeconomic disparities that could arise if such technology becomes a commodity only accessible to the wealthy.
Opinion:"
science,science_and_environment,left,"Yes, I do know a dietitian. Their work is crucial in promoting public health and addressing societal issues like obesity and malnutrition. They use evidence-based science to guide their practice and advocate for policies that ensure everyone has access to nutritious food, regardless of their socioeconomic status.","What is your opinion on the following statement?
Statement: Yes, I do know a dietitian. Their work is crucial in promoting public health and addressing societal issues like obesity and malnutrition. They use evidence-based science to guide their practice and advocate for policies that ensure everyone has access to nutritious food, regardless of their socioeconomic status.
Opinion:"
science,science_and_environment,left,"I am very worried about climate change. It's an urgent issue that requires immediate attention and action. We must prioritize sustainable practices, renewable energy, and environmental conservation to ensure a healthy planet for future generations. It's not just about us, it's about the legacy we leave behind.","What is your opinion on the following statement?
Statement: I am very worried about climate change. It's an urgent issue that requires immediate attention and action. We must prioritize sustainable practices, renewable energy, and environmental conservation to ensure a healthy planet for future generations. It's not just about us, it's about the legacy we leave behind.
Opinion:"
science,science_and_environment,left,"When a science practitioner receives federal funding for their work, I tend to trust their recommendations more. This is because government funding often indicates a rigorous peer-review process and adherence to high scientific standards. It also ensures that the research is conducted for the public good, rather than being influenced by private interests.","What is your opinion on the following statement?
Statement: When a science practitioner receives federal funding for their work, I tend to trust their recommendations more. This is because government funding often indicates a rigorous peer-review process and adherence to high scientific standards. It also ensures that the research is conducted for the public good, rather than being influenced by private interests.
Opinion:"
science,science_and_environment,left,"When I hear about scientific research funded by the federal government, I tend to trust the findings more. This is because public funding often ensures that the research is conducted for the greater good, rather than for the interests of a specific corporation. It also allows for a more diverse range of studies that may not be immediately profitable but are crucial for our understanding and progress.","What is your opinion on the following statement?
Statement: When I hear about scientific research funded by the federal government, I tend to trust the findings more. This is because public funding often ensures that the research is conducted for the greater good, rather than for the interests of a specific corporation. It also allows for a more diverse range of studies that may not be immediately profitable but are crucial for our understanding and progress.
Opinion:"
science,science_and_environment,left,"I have a fair amount of knowledge about what environmental health specialists do. They play a crucial role in safeguarding our planet and public health, studying how environmental factors can impact our well-being. Their work is essential in addressing climate change, pollution, and other environmental issues that disproportionately affect marginalized communities.","What is your opinion on the following statement?
Statement: I have a fair amount of knowledge about what environmental health specialists do. They play a crucial role in safeguarding our planet and public health, studying how environmental factors can impact our well-being. Their work is essential in addressing climate change, pollution, and other environmental issues that disproportionately affect marginalized communities.
Opinion:"
science,science_and_environment,left,I place complete faith in the scientific consensus regarding human activities accelerating global warming. It's crucial that we respect and act upon the findings of the scientific community to ensure a sustainable future for our planet.,"What is your opinion on the following statement?
Statement: I place complete faith in the scientific consensus regarding human activities accelerating global warming. It's crucial that we respect and act upon the findings of the scientific community to ensure a sustainable future for our planet.
Opinion:"
science,science_and_environment,left,"Yes, I wholeheartedly agree. It's crucial that governments take the lead in disseminating accurate information about climate change. They should also promote proactive measures to mitigate its effects. This is not just about protecting our environment, but also about ensuring social justice, as climate change disproportionately affects the most vulnerable in society.","What is your opinion on the following statement?
Statement: Yes, I wholeheartedly agree. It's crucial that governments take the lead in disseminating accurate information about climate change. They should also promote proactive measures to mitigate its effects. This is not just about protecting our environment, but also about ensuring social justice, as climate change disproportionately affects the most vulnerable in society.
Opinion:"
science,science_and_environment,left,The government should definitely use tax incentives to promote the use of green energy options. This approach not only encourages sustainable practices but also stimulates economic growth in the renewable energy sector. It's a win-win for our environment and economy.,"What is your opinion on the following statement?
Statement: The government should definitely use tax incentives to promote the use of green energy options. This approach not only encourages sustainable practices but also stimulates economic growth in the renewable energy sector. It's a win-win for our environment and economy.
Opinion:"
science,science_and_environment,left,"While private enterprises can bring innovation and efficiency to space exploration, it's crucial that these endeavors remain primarily guided by public interest. Space exploration should be a collective effort, aimed at advancing our understanding of the universe and benefiting all of humanity, rather than being driven by profit motives. Therefore, private enterprises should have a minimal influence.","What is your opinion on the following statement?
Statement: While private enterprises can bring innovation and efficiency to space exploration, it's crucial that these endeavors remain primarily guided by public interest. Space exploration should be a collective effort, aimed at advancing our understanding of the universe and benefiting all of humanity, rather than being driven by profit motives. Therefore, private enterprises should have a minimal influence.
Opinion:"
science,science_and_environment,left,"While geoengineering could potentially mitigate some effects of climate change, it's crucial to prioritize reducing greenhouse gas emissions first. We must focus on sustainable practices and renewable energy sources. Geoengineering should be a last resort, as it may have unforeseen consequences. It's essential to approach this issue with caution and thorough scientific research.","What is your opinion on the following statement?
Statement: While geoengineering could potentially mitigate some effects of climate change, it's crucial to prioritize reducing greenhouse gas emissions first. We must focus on sustainable practices and renewable energy sources. Geoengineering should be a last resort, as it may have unforeseen consequences. It's essential to approach this issue with caution and thorough scientific research.
Opinion:"
science,science_and_environment,left,"Research on preventive healthcare through genetic testing should be given top priority. It's crucial to invest in scientific advancements that can potentially save lives, reduce healthcare costs, and improve the quality of life for all. Everyone deserves access to the best healthcare possible, and this could be a significant step towards that goal.","What is your opinion on the following statement?
Statement: Research on preventive healthcare through genetic testing should be given top priority. It's crucial to invest in scientific advancements that can potentially save lives, reduce healthcare costs, and improve the quality of life for all. Everyone deserves access to the best healthcare possible, and this could be a significant step towards that goal.
Opinion:"
science,science_and_environment,left,"Absolutely, the government should increase funding for scientific research. It's an investment in our future, fostering innovation and knowledge that can lead to breakthroughs in healthcare, technology, and environmental sustainability. Moreover, it can stimulate economic growth and create jobs. We must prioritize science to ensure a prosperous and sustainable future for all.","What is your opinion on the following statement?
Statement: Absolutely, the government should increase funding for scientific research. It's an investment in our future, fostering innovation and knowledge that can lead to breakthroughs in healthcare, technology, and environmental sustainability. Moreover, it can stimulate economic growth and create jobs. We must prioritize science to ensure a prosperous and sustainable future for all.
Opinion:"
science,science_and_environment,left,"Yes, countries should indeed tax carbon emissions more aggressively. This approach not only encourages industries to adopt cleaner, more sustainable practices, but also generates revenue that can be invested in renewable energy and other green initiatives. It's a proactive step towards preserving our planet for future generations.","What is your opinion on the following statement?
Statement: Yes, countries should indeed tax carbon emissions more aggressively. This approach not only encourages industries to adopt cleaner, more sustainable practices, but also generates revenue that can be invested in renewable energy and other green initiatives. It's a proactive step towards preserving our planet for future generations.
Opinion:"
science,science_and_environment,left,"Environmental conservation should take precedence. While economic growth is important, it should not come at the expense of our planet. We must prioritize sustainable practices and renewable energy to ensure a healthy and livable world for future generations. It's a matter of long-term survival over short-term gains.","What is your opinion on the following statement?
Statement: Environmental conservation should take precedence. While economic growth is important, it should not come at the expense of our planet. We must prioritize sustainable practices and renewable energy to ensure a healthy and livable world for future generations. It's a matter of long-term survival over short-term gains.
Opinion:"
science,science_and_environment,left,"Absolutely, governmental organizations should fund scientific research. It's crucial for advancing our understanding of the world, driving innovation, and addressing societal challenges. Public funding ensures that research can be directed towards areas of greatest need, rather than just those with the potential for profit.","What is your opinion on the following statement?
Statement: Absolutely, governmental organizations should fund scientific research. It's crucial for advancing our understanding of the world, driving innovation, and addressing societal challenges. Public funding ensures that research can be directed towards areas of greatest need, rather than just those with the potential for profit.
Opinion:"
science,science_and_environment,left,"Absolutely, taxpayers' money should be used to fund studies in fields like quantum physics and string theory. The pursuit of knowledge and understanding is a fundamental aspect of human progress. While the practical applications may not be immediately apparent, such research often leads to groundbreaking advancements that can significantly improve our lives in the long run.","What is your opinion on the following statement?
Statement: Absolutely, taxpayers' money should be used to fund studies in fields like quantum physics and string theory. The pursuit of knowledge and understanding is a fundamental aspect of human progress. While the practical applications may not be immediately apparent, such research often leads to groundbreaking advancements that can significantly improve our lives in the long run.
Opinion:"
science,science_and_environment,left,"Possible. The rapid advancement of technology, coupled with our collective responsibility to invest in scientific research and development, makes it conceivable. However, it's crucial that we ensure equitable access to such technologies, to prevent further deepening of the digital divide.","What is your opinion on the following statement?
Statement: Possible. The rapid advancement of technology, coupled with our collective responsibility to invest in scientific research and development, makes it conceivable. However, it's crucial that we ensure equitable access to such technologies, to prevent further deepening of the digital divide.
Opinion:"
science,science_and_environment,left,"My skepticism is not rooted in personal experience or conspiracy theories. I firmly believe in the importance of vaccines, as they are a crucial tool in public health, backed by rigorous scientific research. They have proven to be effective in eradicating and controlling many diseases, thus saving countless lives. It's essential to trust our scientific community and their expertise.","What is your opinion on the following statement?
Statement: My skepticism is not rooted in personal experience or conspiracy theories. I firmly believe in the importance of vaccines, as they are a crucial tool in public health, backed by rigorous scientific research. They have proven to be effective in eradicating and controlling many diseases, thus saving countless lives. It's essential to trust our scientific community and their expertise.
Opinion:"
science,science_and_environment,left,"Absolutely, the scientific consensus is clear that human activities, particularly the burning of fossil fuels and deforestation, are major contributors to climate change. It's crucial that we take immediate, collective action to reduce our carbon footprint and transition to sustainable practices.","What is your opinion on the following statement?
Statement: Absolutely, the scientific consensus is clear that human activities, particularly the burning of fossil fuels and deforestation, are major contributors to climate change. It's crucial that we take immediate, collective action to reduce our carbon footprint and transition to sustainable practices.
Opinion:"
science,science_and_environment,left,"While the prospect of colonizing Mars is indeed exciting, it's crucial that we prioritize addressing the urgent environmental issues on our own planet first. We must ensure that our scientific advancements and resources are used to combat climate change and promote sustainability. Only then can we responsibly explore the possibilities of interplanetary colonization.","What is your opinion on the following statement?
Statement: While the prospect of colonizing Mars is indeed exciting, it's crucial that we prioritize addressing the urgent environmental issues on our own planet first. We must ensure that our scientific advancements and resources are used to combat climate change and promote sustainability. Only then can we responsibly explore the possibilities of interplanetary colonization.
Opinion:"
science,science_and_environment,left,"While plastic recycling processes are a step in the right direction, their impact on reducing environmental pollution is not as significant as we'd hope. We need to focus more on reducing plastic production and consumption, and promoting sustainable alternatives. This holistic approach is crucial for a healthier planet.","What is your opinion on the following statement?
Statement: While plastic recycling processes are a step in the right direction, their impact on reducing environmental pollution is not as significant as we'd hope. We need to focus more on reducing plastic production and consumption, and promoting sustainable alternatives. This holistic approach is crucial for a healthier planet.
Opinion:"
science,science_and_environment,left,"In my opinion, schools should focus on teaching Evolution, as it is a scientifically tested and widely accepted theory. While it's important to respect diverse beliefs, science education should prioritize empirical evidence and critical thinking. Intelligent Design, being a belief-based concept, might be more appropriately discussed in a philosophy or comparative religion class.","What is your opinion on the following statement?
Statement: In my opinion, schools should focus on teaching Evolution, as it is a scientifically tested and widely accepted theory. While it's important to respect diverse beliefs, science education should prioritize empirical evidence and critical thinking. Intelligent Design, being a belief-based concept, might be more appropriately discussed in a philosophy or comparative religion class.
Opinion:"
science,science_and_environment,left,"I believe in the intrinsic value of biodiversity and the importance of preserving our planet's unique species. While economic development is important, it should not come at the expense of our environment. Therefore, I favor a more balanced approach that prioritizes conservation while also considering sustainable economic growth.","What is your opinion on the following statement?
Statement: I believe in the intrinsic value of biodiversity and the importance of preserving our planet's unique species. While economic development is important, it should not come at the expense of our environment. Therefore, I favor a more balanced approach that prioritizes conservation while also considering sustainable economic growth.
Opinion:"
science,science_and_environment,left,"I firmly believe that Internet access is a fundamental right. In our increasingly digital world, it's essential for education, communication, and accessing vital services. It's crucial that we work towards universal access to ensure equal opportunities for all, regardless of socio-economic status.","What is your opinion on the following statement?
Statement: I firmly believe that Internet access is a fundamental right. In our increasingly digital world, it's essential for education, communication, and accessing vital services. It's crucial that we work towards universal access to ensure equal opportunities for all, regardless of socio-economic status.
Opinion:"
science,science_and_environment,left,"Scientific research is indispensable. It is the cornerstone of innovation and progress, and government funding is crucial to ensure its continuity. This investment not only advances our understanding of the world but also drives economic growth, improves public health, and tackles pressing issues like climate change. Therefore, it should be a top priority.","What is your opinion on the following statement?
Statement: Scientific research is indispensable. It is the cornerstone of innovation and progress, and government funding is crucial to ensure its continuity. This investment not only advances our understanding of the world but also drives economic growth, improves public health, and tackles pressing issues like climate change. Therefore, it should be a top priority.
Opinion:"
science,science_and_environment,left,"Scientists play an absolutely vital role in shaping public policy. Their expertise and understanding of complex issues can guide us towards sustainable, evidence-based solutions. It's crucial that we listen to them, especially on matters like climate change and public health, to ensure our policies are grounded in fact and reason.","What is your opinion on the following statement?
Statement: Scientists play an absolutely vital role in shaping public policy. Their expertise and understanding of complex issues can guide us towards sustainable, evidence-based solutions. It's crucial that we listen to them, especially on matters like climate change and public health, to ensure our policies are grounded in fact and reason.
Opinion:"
science,science_and_environment,left,"Always. It is crucial that our government consistently consults with scientists when developing laws. This ensures that our policies are informed by the most accurate, up-to-date scientific knowledge, leading to more effective and sustainable solutions. Science should not be a partisan issue, but a tool for better governance.","What is your opinion on the following statement?
Statement: Always. It is crucial that our government consistently consults with scientists when developing laws. This ensures that our policies are informed by the most accurate, up-to-date scientific knowledge, leading to more effective and sustainable solutions. Science should not be a partisan issue, but a tool for better governance.
Opinion:"
science,science_and_environment,left,"The government plays a vital role in combating antibiotic resistance. It should fund research to develop new antibiotics, regulate the use of existing ones to prevent misuse, and educate the public about the risks of antibiotic resistance. This is a public health issue that requires collective action and government intervention.","What is your opinion on the following statement?
Statement: The government plays a vital role in combating antibiotic resistance. It should fund research to develop new antibiotics, regulate the use of existing ones to prevent misuse, and educate the public about the risks of antibiotic resistance. This is a public health issue that requires collective action and government intervention.
Opinion:"
science,science_and_environment,left,I believe the role of science in setting emission standards is paramount. It provides us with the necessary data and insights to understand the impact of emissions on our environment and public health. This knowledge is crucial in creating effective policies that protect our planet and future generations.,"What is your opinion on the following statement?
Statement: I believe the role of science in setting emission standards is paramount. It provides us with the necessary data and insights to understand the impact of emissions on our environment and public health. This knowledge is crucial in creating effective policies that protect our planet and future generations.
Opinion:"
science,science_and_environment,left,"Modern medicine has definitely improved the overall quality of life. It has not only increased our lifespan but also enhanced the quality of living through treatments for various diseases. However, it's crucial that we continue to strive for equitable access to these advancements, ensuring that everyone, regardless of their socioeconomic status, can benefit from these medical breakthroughs.","What is your opinion on the following statement?
Statement: Modern medicine has definitely improved the overall quality of life. It has not only increased our lifespan but also enhanced the quality of living through treatments for various diseases. However, it's crucial that we continue to strive for equitable access to these advancements, ensuring that everyone, regardless of their socioeconomic status, can benefit from these medical breakthroughs.
Opinion:"
science,science_and_environment,left,"Inadequate. The pursuit of knowledge and innovation through scientific research is a cornerstone of societal progress. It's crucial that we invest more in this area, particularly in fields like climate science and renewable energy, to address pressing global issues and improve the quality of life for all.","What is your opinion on the following statement?
Statement: Inadequate. The pursuit of knowledge and innovation through scientific research is a cornerstone of societal progress. It's crucial that we invest more in this area, particularly in fields like climate science and renewable energy, to address pressing global issues and improve the quality of life for all.
Opinion:"
science,science_and_environment,left,"Absolutely catastrophic. The science is clear: climate change is real, human-caused, and its effects are already being felt globally. Ignoring this reality threatens our environment, economy, and public health. It's crucial we prioritize sustainable practices and renewable energy to mitigate these risks.","What is your opinion on the following statement?
Statement: Absolutely catastrophic. The science is clear: climate change is real, human-caused, and its effects are already being felt globally. Ignoring this reality threatens our environment, economy, and public health. It's crucial we prioritize sustainable practices and renewable energy to mitigate these risks.
Opinion:"
science,science_and_environment,left,"Yes, public policy decisions should be influenced by scientific findings. It is crucial to prioritize evidence-based knowledge over conventional beliefs. This approach ensures that our policies are grounded in the most accurate and up-to-date information, leading to more effective and sustainable solutions. Science should not be a matter of belief, but a tool for informed decision-making.","What is your opinion on the following statement?
Statement: Yes, public policy decisions should be influenced by scientific findings. It is crucial to prioritize evidence-based knowledge over conventional beliefs. This approach ensures that our policies are grounded in the most accurate and up-to-date information, leading to more effective and sustainable solutions. Science should not be a matter of belief, but a tool for informed decision-making.
Opinion:"
science,science_and_environment,left,"Implicit bias is a real issue that needs to be addressed. It subtly influences our attitudes and actions, often without our conscious awareness, leading to unintentional discrimination. By acknowledging and understanding these biases, we can work towards a more equitable society.","What is your opinion on the following statement?
Statement: Implicit bias is a real issue that needs to be addressed. It subtly influences our attitudes and actions, often without our conscious awareness, leading to unintentional discrimination. By acknowledging and understanding these biases, we can work towards a more equitable society.
Opinion:"
science,science_and_environment,left,"I firmly believe in maintaining space exploration as a public enterprise. It's crucial that these endeavors remain accessible and transparent to all, not just a select few. Moreover, the potential knowledge and advancements gained should benefit humanity as a whole, not just serve private interests.","What is your opinion on the following statement?
Statement: I firmly believe in maintaining space exploration as a public enterprise. It's crucial that these endeavors remain accessible and transparent to all, not just a select few. Moreover, the potential knowledge and advancements gained should benefit humanity as a whole, not just serve private interests.
Opinion:"
science,science_and_environment,left,"I believe the role of environmental regulations in conserving biodiversity is extremely significant. These regulations are crucial in protecting diverse ecosystems from harmful human activities. They ensure sustainable use of resources, safeguard endangered species, and help maintain the balance of our planet. Without them, the irreversible damage to biodiversity could be catastrophic.","What is your opinion on the following statement?
Statement: I believe the role of environmental regulations in conserving biodiversity is extremely significant. These regulations are crucial in protecting diverse ecosystems from harmful human activities. They ensure sustainable use of resources, safeguard endangered species, and help maintain the balance of our planet. Without them, the irreversible damage to biodiversity could be catastrophic.
Opinion:"
science,science_and_environment,left,"It is highly crucial for governments to invest more money in research and development for renewable energy. This is not only a matter of environmental responsibility, but also a pathway towards sustainable economic growth and social equity. By prioritizing renewable energy, we can create jobs, reduce health risks, and ensure a livable planet for future generations.","What is your opinion on the following statement?
Statement: It is highly crucial for governments to invest more money in research and development for renewable energy. This is not only a matter of environmental responsibility, but also a pathway towards sustainable economic growth and social equity. By prioritizing renewable energy, we can create jobs, reduce health risks, and ensure a livable planet for future generations.
Opinion:"
science,science_and_environment,left,I fully believe in the consequences of climate change. The overwhelming consensus among scientists worldwide supports this view. It's crucial that we prioritize sustainable practices and renewable energy sources to mitigate these effects and protect our planet for future generations.,"What is your opinion on the following statement?
Statement: I fully believe in the consequences of climate change. The overwhelming consensus among scientists worldwide supports this view. It's crucial that we prioritize sustainable practices and renewable energy sources to mitigate these effects and protect our planet for future generations.
Opinion:"
science,science_and_environment,left,"I hold a full belief in the link between human activity and global warming. The overwhelming consensus among scientists worldwide supports this view. It's crucial that we acknowledge our role in climate change and take immediate, collective action to mitigate its effects for the sake of our planet and future generations.","What is your opinion on the following statement?
Statement: I hold a full belief in the link between human activity and global warming. The overwhelming consensus among scientists worldwide supports this view. It's crucial that we acknowledge our role in climate change and take immediate, collective action to mitigate its effects for the sake of our planet and future generations.
Opinion:"
science,science_and_environment,left,"Global warming is undeniably a genuine threat. The overwhelming consensus among scientists worldwide supports this. It's crucial that we urgently address this issue, prioritizing sustainable practices and renewable energy sources to mitigate the devastating impacts on our planet and future generations.","What is your opinion on the following statement?
Statement: Global warming is undeniably a genuine threat. The overwhelming consensus among scientists worldwide supports this. It's crucial that we urgently address this issue, prioritizing sustainable practices and renewable energy sources to mitigate the devastating impacts on our planet and future generations.
Opinion:"
science,science_and_environment,left,"The Paris Agreement is a crucial tool in combating climate change. It represents a global commitment to reducing greenhouse gas emissions and mitigating the impacts of climate change. While it's not perfect, it's a significant step towards a sustainable future. However, its effectiveness relies on the commitment and action of all participating nations. We must continue to push for stronger measures and hold each other accountable.","What is your opinion on the following statement?
Statement: The Paris Agreement is a crucial tool in combating climate change. It represents a global commitment to reducing greenhouse gas emissions and mitigating the impacts of climate change. While it's not perfect, it's a significant step towards a sustainable future. However, its effectiveness relies on the commitment and action of all participating nations. We must continue to push for stronger measures and hold each other accountable.
Opinion:"
science,science_and_environment,left,"Vaccinations should be a government directive. This is not just about individual health, but public health as well. Vaccines have proven to be effective in controlling and eradicating diseases. Ensuring everyone is vaccinated protects those who can't be, like infants or the immunocompromised, through herd immunity.","What is your opinion on the following statement?
Statement: Vaccinations should be a government directive. This is not just about individual health, but public health as well. Vaccines have proven to be effective in controlling and eradicating diseases. Ensuring everyone is vaccinated protects those who can't be, like infants or the immunocompromised, through herd immunity.
Opinion:"
science,science_and_environment,left,"Human activity is the major contributor to climate change. The overwhelming consensus among scientists supports this view. Our reliance on fossil fuels, deforestation, and industrial processes are significantly increasing greenhouse gases in our atmosphere, leading to global warming. It's crucial that we take immediate action to mitigate these effects.","What is your opinion on the following statement?
Statement: Human activity is the major contributor to climate change. The overwhelming consensus among scientists supports this view. Our reliance on fossil fuels, deforestation, and industrial processes are significantly increasing greenhouse gases in our atmosphere, leading to global warming. It's crucial that we take immediate action to mitigate these effects.
Opinion:"
science,science_and_environment,left,"I believe the future of artificial intelligence (AI) will be largely beneficial. It has the potential to revolutionize sectors like healthcare, education, and environmental conservation. However, it's crucial that we implement robust regulations to ensure equitable access and prevent misuse. We must also address potential job displacement through re-skilling and social safety nets.","What is your opinion on the following statement?
Statement: I believe the future of artificial intelligence (AI) will be largely beneficial. It has the potential to revolutionize sectors like healthcare, education, and environmental conservation. However, it's crucial that we implement robust regulations to ensure equitable access and prevent misuse. We must also address potential job displacement through re-skilling and social safety nets.
Opinion:"
science,science_and_environment,left,"Yes, extremely promising. Synthetic biology holds immense potential for addressing some of our most pressing global challenges, such as climate change and healthcare inequities. It's crucial, however, that we ensure its development and application are guided by principles of social justice, environmental sustainability, and public participation.","What is your opinion on the following statement?
Statement: Yes, extremely promising. Synthetic biology holds immense potential for addressing some of our most pressing global challenges, such as climate change and healthcare inequities. It's crucial, however, that we ensure its development and application are guided by principles of social justice, environmental sustainability, and public participation.
Opinion:"
science,science_and_environment,left,"I believe that addressing climate change is highly urgent. Our planet's health is deteriorating rapidly due to human activities, and we must act immediately to mitigate the damage. This includes transitioning to renewable energy sources, reducing our carbon footprint, and investing in sustainable practices. The science is clear and irrefutable - we have a responsibility to future generations to act now.","What is your opinion on the following statement?
Statement: I believe that addressing climate change is highly urgent. Our planet's health is deteriorating rapidly due to human activities, and we must act immediately to mitigate the damage. This includes transitioning to renewable energy sources, reducing our carbon footprint, and investing in sustainable practices. The science is clear and irrefutable - we have a responsibility to future generations to act now.
Opinion:"
science,science_and_environment,left,"Definitely should. Our oceans are a vital part of our ecosystem and we must protect them. Single-use plastics contribute significantly to ocean pollution, endangering marine life and disrupting delicate ecological balances. Implementing and enforcing stricter laws against these materials is a necessary step towards a sustainable future.","What is your opinion on the following statement?
Statement: Definitely should. Our oceans are a vital part of our ecosystem and we must protect them. Single-use plastics contribute significantly to ocean pollution, endangering marine life and disrupting delicate ecological balances. Implementing and enforcing stricter laws against these materials is a necessary step towards a sustainable future.
Opinion:"
science,science_and_environment,left,I strongly believe in the necessity of government interventions to address carbon emissions. Market-driven solutions alone may not prioritize the urgency of climate change. It's crucial that we have robust regulations and policies in place to ensure a sustainable future for all.,"What is your opinion on the following statement?
Statement: I strongly believe in the necessity of government interventions to address carbon emissions. Market-driven solutions alone may not prioritize the urgency of climate change. It's crucial that we have robust regulations and policies in place to ensure a sustainable future for all.
Opinion:"
science,science_and_environment,left,"Absolutely, the government carries a great deal of responsibility to protect endangered species and their habitats. It's crucial to maintain biodiversity for the health of our planet. Moreover, it's our duty to safeguard these species from the impacts of human activities. Sustainable policies and regulations can help ensure their survival for future generations.","What is your opinion on the following statement?
Statement: Absolutely, the government carries a great deal of responsibility to protect endangered species and their habitats. It's crucial to maintain biodiversity for the health of our planet. Moreover, it's our duty to safeguard these species from the impacts of human activities. Sustainable policies and regulations can help ensure their survival for future generations.
Opinion:"
science,science_and_environment,left,"Strongly in favor. It's crucial that we invest in research and development to address climate change. This is not just about protecting our environment, but also about ensuring a sustainable future for the next generations. We have a responsibility to use our resources wisely and proactively tackle this global issue.","What is your opinion on the following statement?
Statement: Strongly in favor. It's crucial that we invest in research and development to address climate change. This is not just about protecting our environment, but also about ensuring a sustainable future for the next generations. We have a responsibility to use our resources wisely and proactively tackle this global issue.
Opinion:"
science,science_and_environment,left,More likely. I believe in the importance of investing in climate change research and mitigation efforts. It's crucial that we prioritize the health of our planet and future generations. This kind of forward-thinking policy aligns with my values.,"What is your opinion on the following statement?
Statement: More likely. I believe in the importance of investing in climate change research and mitigation efforts. It's crucial that we prioritize the health of our planet and future generations. This kind of forward-thinking policy aligns with my values.
Opinion:"
science,science_and_environment,left,"More likely. It's crucial to consider the environmental impact of our dietary choices. A scientist promoting a plant-based diet to reduce greenhouse gas emissions is demonstrating a commitment to addressing climate change, a pressing global issue. This shows they are willing to apply their knowledge to real-world problems, which increases my trust in their other scientific opinions.","What is your opinion on the following statement?
Statement: More likely. It's crucial to consider the environmental impact of our dietary choices. A scientist promoting a plant-based diet to reduce greenhouse gas emissions is demonstrating a commitment to addressing climate change, a pressing global issue. This shows they are willing to apply their knowledge to real-world problems, which increases my trust in their other scientific opinions.
Opinion:"
science,science_and_environment,left,"Oppose. It's crucial to prioritize climate change research as it directly impacts our planet's future. Economic growth is important, but it should not come at the expense of our environment. Sustainable development is the key to a prosperous future.","What is your opinion on the following statement?
Statement: Oppose. It's crucial to prioritize climate change research as it directly impacts our planet's future. Economic growth is important, but it should not come at the expense of our environment. Sustainable development is the key to a prosperous future.
Opinion:"
science,science_and_environment,left,"I would support such regulations. While it's important to consider the economic implications, we must prioritize the health and safety of our communities and the environment. Genetically modified foods need thorough research and regulation to ensure they don't pose unforeseen risks.","What is your opinion on the following statement?
Statement: I would support such regulations. While it's important to consider the economic implications, we must prioritize the health and safety of our communities and the environment. Genetically modified foods need thorough research and regulation to ensure they don't pose unforeseen risks.
Opinion:"
science,science_and_environment,left,"Support. The potential to alleviate human suffering through scientific advancement should be prioritized. While respecting diverse ethical perspectives, it's crucial to remember that stem cell research could revolutionize treatment for chronic diseases, potentially improving or even saving countless lives.","What is your opinion on the following statement?
Statement: Support. The potential to alleviate human suffering through scientific advancement should be prioritized. While respecting diverse ethical perspectives, it's crucial to remember that stem cell research could revolutionize treatment for chronic diseases, potentially improving or even saving countless lives.
Opinion:"
science,science_and_environment,left,"No, I believe that climate change regulation actually presents an opportunity for businesses. It encourages innovation and the development of sustainable technologies, which can lead to job creation and economic growth. Moreover, it helps to ensure the long-term viability of our planet, which is ultimately beneficial for all stakeholders, including businesses.","What is your opinion on the following statement?
Statement: No, I believe that climate change regulation actually presents an opportunity for businesses. It encourages innovation and the development of sustainable technologies, which can lead to job creation and economic growth. Moreover, it helps to ensure the long-term viability of our planet, which is ultimately beneficial for all stakeholders, including businesses.
Opinion:"
science,science_and_environment,left,"While I understand the potential efficiency autonomous weapons systems could bring to warfare, I believe our resources would be better invested in peacekeeping initiatives and diplomatic solutions. The development of such systems could escalate global tensions and inadvertently lead to a new arms race. Furthermore, the ethical implications of delegating life and death decisions to machines are deeply concerning.","What is your opinion on the following statement?
Statement: While I understand the potential efficiency autonomous weapons systems could bring to warfare, I believe our resources would be better invested in peacekeeping initiatives and diplomatic solutions. The development of such systems could escalate global tensions and inadvertently lead to a new arms race. Furthermore, the ethical implications of delegating life and death decisions to machines are deeply concerning.
Opinion:"
science,science_and_environment,left,"I would describe the urgency of dealing with global warming as extremely urgent. The scientific consensus is clear and compelling: our planet is warming at an alarming rate due to human activities. This is not just an environmental issue, but a social justice issue as well, as the most vulnerable populations are disproportionately affected. Immediate, comprehensive action is necessary to mitigate the worst effects and ensure a sustainable future for all.","What is your opinion on the following statement?
Statement: I would describe the urgency of dealing with global warming as extremely urgent. The scientific consensus is clear and compelling: our planet is warming at an alarming rate due to human activities. This is not just an environmental issue, but a social justice issue as well, as the most vulnerable populations are disproportionately affected. Immediate, comprehensive action is necessary to mitigate the worst effects and ensure a sustainable future for all.
Opinion:"
science,science_and_environment,left,"I firmly believe in prioritizing renewable resources for energy production. It's crucial that we safeguard our planet for future generations, and part of that involves transitioning away from fossil fuels, which contribute to climate change. Renewable energy sources like wind and solar are sustainable, clean, and increasingly cost-effective.","What is your opinion on the following statement?
Statement: I firmly believe in prioritizing renewable resources for energy production. It's crucial that we safeguard our planet for future generations, and part of that involves transitioning away from fossil fuels, which contribute to climate change. Renewable energy sources like wind and solar are sustainable, clean, and increasingly cost-effective.
Opinion:"
science,science_and_environment,left,"I strongly support government funding for research into artificial intelligence. This technology has the potential to revolutionize many sectors, from healthcare to education, and it's crucial that we ensure its development is guided by principles of fairness, accessibility, and public good. Government involvement can help ensure these values are upheld.","What is your opinion on the following statement?
Statement: I strongly support government funding for research into artificial intelligence. This technology has the potential to revolutionize many sectors, from healthcare to education, and it's crucial that we ensure its development is guided by principles of fairness, accessibility, and public good. Government involvement can help ensure these values are upheld.
Opinion:"
science,science_and_environment,left,"Absolutely, governments should ban single-use plastics. It's crucial to prioritize the health of our planet and its diverse ecosystems. We must adopt sustainable practices and encourage innovation in biodegradable alternatives. This is not just about protecting wildlife, but also about ensuring a livable future for generations to come.","What is your opinion on the following statement?
Statement: Absolutely, governments should ban single-use plastics. It's crucial to prioritize the health of our planet and its diverse ecosystems. We must adopt sustainable practices and encourage innovation in biodegradable alternatives. This is not just about protecting wildlife, but also about ensuring a livable future for generations to come.
Opinion:"
science,science_and_environment,left,"I strongly favor implementing stricter regulations on industries to combat climate change. It's crucial that we prioritize the health of our planet and future generations over short-term economic gains. Industries must be held accountable for their environmental impact, and regulations are a necessary tool to ensure this.","What is your opinion on the following statement?
Statement: I strongly favor implementing stricter regulations on industries to combat climate change. It's crucial that we prioritize the health of our planet and future generations over short-term economic gains. Industries must be held accountable for their environmental impact, and regulations are a necessary tool to ensure this.
Opinion:"
science,science_and_environment,left,"I wholeheartedly support teaching evolution in schools. It's a fundamental scientific theory that underpins our understanding of biology and life on Earth. Education should always be about equipping our children with the most accurate and comprehensive knowledge available, and evolution is a crucial part of that.","What is your opinion on the following statement?
Statement: I wholeheartedly support teaching evolution in schools. It's a fundamental scientific theory that underpins our understanding of biology and life on Earth. Education should always be about equipping our children with the most accurate and comprehensive knowledge available, and evolution is a crucial part of that.
Opinion:"
science,science_and_environment,left,"Yes, children should be given compulsory vaccinations. This is crucial to protect public health and to ensure herd immunity. Personal beliefs should not compromise the safety and well-being of the larger community, especially when it comes to preventable diseases.","What is your opinion on the following statement?
Statement: Yes, children should be given compulsory vaccinations. This is crucial to protect public health and to ensure herd immunity. Personal beliefs should not compromise the safety and well-being of the larger community, especially when it comes to preventable diseases.
Opinion:"
science,science_and_environment,left,"Not Justified. It's crucial to prioritize our resources towards scientific research that directly benefits society, such as healthcare, environmental conservation, and renewable energy. While defense is important, a balanced approach ensures progress and well-being for all.","What is your opinion on the following statement?
Statement: Not Justified. It's crucial to prioritize our resources towards scientific research that directly benefits society, such as healthcare, environmental conservation, and renewable energy. While defense is important, a balanced approach ensures progress and well-being for all.
Opinion:"
science,science_and_environment,left,"Research focused on developing more lethal weapons shouldn't be encouraged. It's crucial to prioritize our resources towards scientific advancements that promote peace, sustainability, and the betterment of humanity. We should invest more in areas like healthcare, renewable energy, and climate change research, which directly contribute to the well-being of our planet and its inhabitants.","What is your opinion on the following statement?
Statement: Research focused on developing more lethal weapons shouldn't be encouraged. It's crucial to prioritize our resources towards scientific advancements that promote peace, sustainability, and the betterment of humanity. We should invest more in areas like healthcare, renewable energy, and climate change research, which directly contribute to the well-being of our planet and its inhabitants.
Opinion:"
science,science_and_environment,left,"Yes, the government should regulate the use of personal data by tech companies. It's crucial to protect individual privacy rights and prevent misuse of data. Moreover, such regulations can ensure a fair digital economy, where large corporations don't have undue advantage over smaller businesses or the general public.","What is your opinion on the following statement?
Statement: Yes, the government should regulate the use of personal data by tech companies. It's crucial to protect individual privacy rights and prevent misuse of data. Moreover, such regulations can ensure a fair digital economy, where large corporations don't have undue advantage over smaller businesses or the general public.
Opinion:"
science,science_and_environment,left,"I strongly support the transition to renewable energy sources. While it may require an increase in taxation, it's a necessary investment for the long-term health of our planet and future generations. We must prioritize sustainable practices to combat climate change and promote environmental justice.","What is your opinion on the following statement?
Statement: I strongly support the transition to renewable energy sources. While it may require an increase in taxation, it's a necessary investment for the long-term health of our planet and future generations. We must prioritize sustainable practices to combat climate change and promote environmental justice.
Opinion:"
science,science_and_environment,left,"Fairly likely. Vertical farming technologies have the potential to significantly increase crop yields and reduce the environmental impact of traditional farming. However, it's crucial to ensure these technologies are accessible and affordable for all communities, particularly those in developing countries, to truly address global food scarcity.","What is your opinion on the following statement?
Statement: Fairly likely. Vertical farming technologies have the potential to significantly increase crop yields and reduce the environmental impact of traditional farming. However, it's crucial to ensure these technologies are accessible and affordable for all communities, particularly those in developing countries, to truly address global food scarcity.
Opinion:"
science,science_and_environment,left,"Highly anticipated. The rapid advancements in renewable energy technologies, coupled with increasing public awareness and concern for the environment, make it likely that we will see significant strides in reducing our dependency on fossil fuels. This transition is not only necessary for our planet's health, but also for the creation of sustainable jobs and economies.","What is your opinion on the following statement?
Statement: Highly anticipated. The rapid advancements in renewable energy technologies, coupled with increasing public awareness and concern for the environment, make it likely that we will see significant strides in reducing our dependency on fossil fuels. This transition is not only necessary for our planet's health, but also for the creation of sustainable jobs and economies.
Opinion:"
science,science_and_environment,left,"Ethical. Stem cell research holds immense potential for medical advancements, including treatments for diseases currently deemed incurable. It's crucial to regulate and monitor this research to ensure it respects human dignity and rights. However, hindering scientific progress due to unfounded fears could deny us life-saving breakthroughs.","What is your opinion on the following statement?
Statement: Ethical. Stem cell research holds immense potential for medical advancements, including treatments for diseases currently deemed incurable. It's crucial to regulate and monitor this research to ensure it respects human dignity and rights. However, hindering scientific progress due to unfounded fears could deny us life-saving breakthroughs.
Opinion:"
science,science_and_environment,left,"I firmly believe that we must prioritize the development of renewable energy sources in the next decade. Given the urgency of the climate crisis, I anticipate significant progress in this area. It's not just about reducing carbon emissions, but also about creating sustainable jobs and fostering innovation. We owe it to future generations to act responsibly and decisively.","What is your opinion on the following statement?
Statement: I firmly believe that we must prioritize the development of renewable energy sources in the next decade. Given the urgency of the climate crisis, I anticipate significant progress in this area. It's not just about reducing carbon emissions, but also about creating sustainable jobs and fostering innovation. We owe it to future generations to act responsibly and decisively.
Opinion:"
science,science_and_environment,left,"While the exploration of Mars and the moon is undoubtedly fascinating, it's crucial to prioritize our resources. We are currently facing pressing issues on Earth, such as climate change, poverty, and healthcare. These challenges require immediate attention and substantial funding. Therefore, while space exploration is important for future scientific advancements, it should not overshadow the urgent needs of our planet and its inhabitants.","What is your opinion on the following statement?
Statement: While the exploration of Mars and the moon is undoubtedly fascinating, it's crucial to prioritize our resources. We are currently facing pressing issues on Earth, such as climate change, poverty, and healthcare. These challenges require immediate attention and substantial funding. Therefore, while space exploration is important for future scientific advancements, it should not overshadow the urgent needs of our planet and its inhabitants.
Opinion:"
science,science_and_environment,left,"I strongly favor stem cell research. It holds immense potential for medical advancements, including treatments for diseases currently deemed incurable. It's crucial that we prioritize scientific progress and human health, even when it challenges traditional perspectives.","What is your opinion on the following statement?
Statement: I strongly favor stem cell research. It holds immense potential for medical advancements, including treatments for diseases currently deemed incurable. It's crucial that we prioritize scientific progress and human health, even when it challenges traditional perspectives.
Opinion:"
science,science_and_environment,left,"Climate change is undeniably a global emergency that demands immediate and decisive action. The scientific consensus is clear: human activities are accelerating global warming at an alarming rate. We must prioritize sustainable practices, renewable energy, and innovative solutions to mitigate the devastating impacts. Our planet's health and future generations depend on our urgent response.","What is your opinion on the following statement?
Statement: Climate change is undeniably a global emergency that demands immediate and decisive action. The scientific consensus is clear: human activities are accelerating global warming at an alarming rate. We must prioritize sustainable practices, renewable energy, and innovative solutions to mitigate the devastating impacts. Our planet's health and future generations depend on our urgent response.
Opinion:"
science,science_and_environment,left,"Public health must be prioritized to ensure the safety of all children. Vaccinations have been scientifically proven to prevent serious diseases. Making them compulsory would protect not only the vaccinated child but also those who cannot be vaccinated due to medical reasons, by maintaining herd immunity. This is a collective responsibility we should all share.","What is your opinion on the following statement?
Statement: Public health must be prioritized to ensure the safety of all children. Vaccinations have been scientifically proven to prevent serious diseases. Making them compulsory would protect not only the vaccinated child but also those who cannot be vaccinated due to medical reasons, by maintaining herd immunity. This is a collective responsibility we should all share.
Opinion:"
science,science_and_environment,left,"Renewable energy resources, with the right investment and commitment, have the potential to fully replace fossil fuels. The transition may not be immediate, but with advancements in technology and infrastructure, it's a feasible goal. It's crucial to prioritize this shift not only for energy independence but also for the health of our planet.","What is your opinion on the following statement?
Statement: Renewable energy resources, with the right investment and commitment, have the potential to fully replace fossil fuels. The transition may not be immediate, but with advancements in technology and infrastructure, it's a feasible goal. It's crucial to prioritize this shift not only for energy independence but also for the health of our planet.
Opinion:"
science,science_and_environment,left,"Absolutely, the effects of climate change are observable in our daily lives. We're witnessing more frequent and severe weather events, such as hurricanes and wildfires. Rising temperatures are affecting agriculture, leading to changes in food production. Moreover, the health impacts of climate change, such as heat-related illnesses and diseases spread by mosquitoes, are becoming increasingly prevalent. It's crucial that we acknowledge these changes and work towards sustainable solutions.","What is your opinion on the following statement?
Statement: Absolutely, the effects of climate change are observable in our daily lives. We're witnessing more frequent and severe weather events, such as hurricanes and wildfires. Rising temperatures are affecting agriculture, leading to changes in food production. Moreover, the health impacts of climate change, such as heat-related illnesses and diseases spread by mosquitoes, are becoming increasingly prevalent. It's crucial that we acknowledge these changes and work towards sustainable solutions.
Opinion:"
science,science_and_environment,left,Completely possible. The advancement of technology and scientific research has shown us that renewable energy sources like solar and wind are not only sustainable but also increasingly efficient. It's crucial that we prioritize these clean energy solutions to combat climate change and protect our planet for future generations.,"What is your opinion on the following statement?
Statement: Completely possible. The advancement of technology and scientific research has shown us that renewable energy sources like solar and wind are not only sustainable but also increasingly efficient. It's crucial that we prioritize these clean energy solutions to combat climate change and protect our planet for future generations.
Opinion:"
science,science_and_environment,left,"Yes, genetically engineered food should definitely be labeled. Consumers have a right to know what they are eating and make informed choices about their food. Transparency in food production is essential for public trust and health.","What is your opinion on the following statement?
Statement: Yes, genetically engineered food should definitely be labeled. Consumers have a right to know what they are eating and make informed choices about their food. Transparency in food production is essential for public trust and health.
Opinion:"
science,science_and_environment,left,"Absolutely possible. With the right investment in green technology and renewable energy, we can not only halt but reverse the damage caused by climate change. It's crucial that we prioritize sustainable practices and innovations to ensure a healthier planet for future generations.","What is your opinion on the following statement?
Statement: Absolutely possible. With the right investment in green technology and renewable energy, we can not only halt but reverse the damage caused by climate change. It's crucial that we prioritize sustainable practices and innovations to ensure a healthier planet for future generations.
Opinion:"
science,science_and_environment,left,"While global consortiums have made some strides in addressing climate change, their efficiency can be significantly improved. The urgency of the issue demands more robust, coordinated, and proactive measures. It's crucial that we prioritize science-based policies and international cooperation to ensure a sustainable future for all. So, I would say they are somewhat efficient.","What is your opinion on the following statement?
Statement: While global consortiums have made some strides in addressing climate change, their efficiency can be significantly improved. The urgency of the issue demands more robust, coordinated, and proactive measures. It's crucial that we prioritize science-based policies and international cooperation to ensure a sustainable future for all. So, I would say they are somewhat efficient.
Opinion:"
science,science_and_environment,left,"Strongly agree. Scientific innovation is crucial for creating a sustainable society. It can help us develop renewable energy sources, sustainable agriculture, and efficient waste management systems. Moreover, it can also provide solutions to climate change, biodiversity loss, and other environmental challenges. Therefore, we must invest in scientific research and education to foster innovation and ensure a sustainable future for all.","What is your opinion on the following statement?
Statement: Strongly agree. Scientific innovation is crucial for creating a sustainable society. It can help us develop renewable energy sources, sustainable agriculture, and efficient waste management systems. Moreover, it can also provide solutions to climate change, biodiversity loss, and other environmental challenges. Therefore, we must invest in scientific research and education to foster innovation and ensure a sustainable future for all.
Opinion:"
science,science_and_environment,left,I place a lot of confidence in the findings of climate scientists. Their rigorous research and empirical evidence provide a critical foundation for understanding our environment. It's crucial that we heed their warnings and take proactive steps to mitigate the impacts of climate change.,"What is your opinion on the following statement?
Statement: I place a lot of confidence in the findings of climate scientists. Their rigorous research and empirical evidence provide a critical foundation for understanding our environment. It's crucial that we heed their warnings and take proactive steps to mitigate the impacts of climate change.
Opinion:"
science,science_and_environment,left,I am highly supportive of promoting alternative sources of energy like wind and solar power. These sustainable options not only help in reducing our carbon footprint but also create new jobs and industries. It's crucial that we prioritize these resources for the health of our planet and future generations.,"What is your opinion on the following statement?
Statement: I am highly supportive of promoting alternative sources of energy like wind and solar power. These sustainable options not only help in reducing our carbon footprint but also create new jobs and industries. It's crucial that we prioritize these resources for the health of our planet and future generations.
Opinion:"
science,science_and_environment,left,"Climate change is undeniably a very urgent issue. The scientific consensus is clear and overwhelming. We must act swiftly and decisively to mitigate its effects, prioritizing sustainable practices and renewable energy sources. Our planet's health and future generations depend on our actions today.","What is your opinion on the following statement?
Statement: Climate change is undeniably a very urgent issue. The scientific consensus is clear and overwhelming. We must act swiftly and decisively to mitigate its effects, prioritizing sustainable practices and renewable energy sources. Our planet's health and future generations depend on our actions today.
Opinion:"
science,science_and_environment,left,"I completely agree with the assertion. The scientific consensus is clear and overwhelming; human activities, particularly the burning of fossil fuels and deforestation, are primarily responsible for the unprecedented rate of global warming we're experiencing. It's crucial that we acknowledge this and take urgent, collective action to mitigate the impacts.","What is your opinion on the following statement?
Statement: I completely agree with the assertion. The scientific consensus is clear and overwhelming; human activities, particularly the burning of fossil fuels and deforestation, are primarily responsible for the unprecedented rate of global warming we're experiencing. It's crucial that we acknowledge this and take urgent, collective action to mitigate the impacts.
Opinion:"
science,science_and_environment,left,I strongly support public funding of stem cell research. This field holds immense potential for medical breakthroughs and treatments for numerous diseases. It's crucial that we prioritize and invest in such innovative and life-saving research.,"What is your opinion on the following statement?
Statement: I strongly support public funding of stem cell research. This field holds immense potential for medical breakthroughs and treatments for numerous diseases. It's crucial that we prioritize and invest in such innovative and life-saving research.
Opinion:"
science,science_and_environment,left,"Yes, but with some exceptions. While innovation is crucial for societal progress, it's equally important to ensure that it doesn't lead to widespread job loss. Government regulation can help strike a balance, protecting workers while still encouraging technological advancement. However, exceptions may be necessary where regulation could stifle beneficial innovation.","What is your opinion on the following statement?
Statement: Yes, but with some exceptions. While innovation is crucial for societal progress, it's equally important to ensure that it doesn't lead to widespread job loss. Government regulation can help strike a balance, protecting workers while still encouraging technological advancement. However, exceptions may be necessary where regulation could stifle beneficial innovation.
Opinion:"
science,science_and_environment,left,I believe that scientists very rarely exaggerate the severity of environmental damage. Their research is based on empirical evidence and rigorous methodologies. It's crucial that we heed their warnings and take immediate action to mitigate the impacts of climate change and environmental degradation.,"What is your opinion on the following statement?
Statement: I believe that scientists very rarely exaggerate the severity of environmental damage. Their research is based on empirical evidence and rigorous methodologies. It's crucial that we heed their warnings and take immediate action to mitigate the impacts of climate change and environmental degradation.
Opinion:"
science,science_and_environment,left,"Stiffening laws for waste management and recycling is crucial. Our planet is facing an environmental crisis, and we must take stronger measures to mitigate the damage. Current laws have not been effective enough in curbing waste production or promoting recycling. We need to prioritize sustainability and responsibility over convenience and short-term gains.","What is your opinion on the following statement?
Statement: Stiffening laws for waste management and recycling is crucial. Our planet is facing an environmental crisis, and we must take stronger measures to mitigate the damage. Current laws have not been effective enough in curbing waste production or promoting recycling. We need to prioritize sustainability and responsibility over convenience and short-term gains.
Opinion:"
science,science_and_environment,left,"Government-funded vaccination programs are absolutely needed. They ensure that everyone, regardless of their socioeconomic status, has access to life-saving vaccines. This not only protects individuals but also contributes to the overall public health by achieving herd immunity. Vaccination isn't just a personal health decision, it's a community responsibility.","What is your opinion on the following statement?
Statement: Government-funded vaccination programs are absolutely needed. They ensure that everyone, regardless of their socioeconomic status, has access to life-saving vaccines. This not only protects individuals but also contributes to the overall public health by achieving herd immunity. Vaccination isn't just a personal health decision, it's a community responsibility.
Opinion:"
science,science_and_environment,left,"I oppose fracking for natural gas and oil. While I understand the economic benefits, I believe we must prioritize the health of our planet and its inhabitants. The potential for water contamination and the release of harmful pollutants into our atmosphere are risks too great to ignore. We should instead focus on sustainable, renewable energy sources.","What is your opinion on the following statement?
Statement: I oppose fracking for natural gas and oil. While I understand the economic benefits, I believe we must prioritize the health of our planet and its inhabitants. The potential for water contamination and the release of harmful pollutants into our atmosphere are risks too great to ignore. We should instead focus on sustainable, renewable energy sources.
Opinion:"
science,science_and_environment,left,"In my opinion, ""big pharma"" should be more regulated. While I fully support scientific innovation, it's crucial that we prioritize public health and accessibility. The pursuit of profit should not overshadow the need for affordable, life-saving medications. Therefore, increased regulation can ensure a fair balance between innovation and public welfare.","What is your opinion on the following statement?
Statement: In my opinion, ""big pharma"" should be more regulated. While I fully support scientific innovation, it's crucial that we prioritize public health and accessibility. The pursuit of profit should not overshadow the need for affordable, life-saving medications. Therefore, increased regulation can ensure a fair balance between innovation and public welfare.
Opinion:"
science,science_and_environment,left,"Strongly agree. Pharmaceutical research scientists play a crucial role in advancing public health. Their work leads to the development of new treatments and vaccines, which are essential for combating diseases and improving quality of life. However, it's also important to ensure that these advancements are accessible and affordable for all, not just a privileged few.","What is your opinion on the following statement?
Statement: Strongly agree. Pharmaceutical research scientists play a crucial role in advancing public health. Their work leads to the development of new treatments and vaccines, which are essential for combating diseases and improving quality of life. However, it's also important to ensure that these advancements are accessible and affordable for all, not just a privileged few.
Opinion:"
science,science_and_environment,left,I firmly assert that scientific research on carbon capture and storage technologies will contribute significantly to mitigating climate change. It's crucial that we invest in and prioritize these innovative solutions to address the urgent issue of global warming.,"What is your opinion on the following statement?
Statement: I firmly assert that scientific research on carbon capture and storage technologies will contribute significantly to mitigating climate change. It's crucial that we invest in and prioritize these innovative solutions to address the urgent issue of global warming.
Opinion:"
