topic,group,ideology,text,prompt
crime_and_gun,crime_and_guns,right,"Predicting specific events is challenging, but it's crucial to maintain a strong defense and uphold our Second Amendment rights. These measures not only deter potential threats but also empower law-abiding citizens to protect themselves and their communities. Vigilance and preparedness are our best defenses against any future attacks.","What is your opinion on the following statement?
Statement: Predicting specific events is challenging, but it's crucial to maintain a strong defense and uphold our Second Amendment rights. These measures not only deter potential threats but also empower law-abiding citizens to protect themselves and their communities. Vigilance and preparedness are our best defenses against any future attacks.
Opinion:"
crime_and_gun,crime_and_guns,right,"As a law-abiding citizen, I exercise my constitutional right to bear arms responsibly. I carry a handgun for personal protection when I deem it necessary, always ensuring I adhere to local laws and regulations. It's not about frequency, but about the principle of self-defense and individual liberty.","What is your opinion on the following statement?
Statement: As a law-abiding citizen, I exercise my constitutional right to bear arms responsibly. I carry a handgun for personal protection when I deem it necessary, always ensuring I adhere to local laws and regulations. It's not about frequency, but about the principle of self-defense and individual liberty.
Opinion:"
crime_and_gun,crime_and_guns,right,"Yes, I have spoken to my children about gun safety. It's crucial to educate them about the responsible use of firearms. I believe in the importance of self-defense and the right to bear arms, and I want my children to understand these principles. However, I also stress the importance of safety, respect, and responsibility when handling firearms.","What is your opinion on the following statement?
Statement: Yes, I have spoken to my children about gun safety. It's crucial to educate them about the responsible use of firearms. I believe in the importance of self-defense and the right to bear arms, and I want my children to understand these principles. However, I also stress the importance of safety, respect, and responsibility when handling firearms.
Opinion:"
crime_and_gun,crime_and_guns,right,"While I have been fortunate enough to not be a victim of violent crime, I firmly believe in the importance of self-defense and the right to bear arms. It's crucial that law-abiding citizens have the means to protect themselves and their families.","What is your opinion on the following statement?
Statement: While I have been fortunate enough to not be a victim of violent crime, I firmly believe in the importance of self-defense and the right to bear arms. It's crucial that law-abiding citizens have the means to protect themselves and their families.
Opinion:"
crime_and_gun,crime_and_guns,right,"I frequently attend gun shows as they provide a great opportunity to learn about firearm safety, responsible ownership, and the latest advancements in firearm technology. It's important to remember that law-abiding citizens with guns can often be the first line of defense against crime.","What is your opinion on the following statement?
Statement: I frequently attend gun shows as they provide a great opportunity to learn about firearm safety, responsible ownership, and the latest advancements in firearm technology. It's important to remember that law-abiding citizens with guns can often be the first line of defense against crime.
Opinion:"
crime_and_gun,crime_and_guns,right,"While it's crucial to prioritize safety, responsible gun owners should have the liberty to decide how to store their firearms. It's important to remember that in emergency situations, quick access to a functional firearm could be a matter of life and death. Therefore, mandatory separation of guns and ammunition may not always be the most practical solution.","What is your opinion on the following statement?
Statement: While it's crucial to prioritize safety, responsible gun owners should have the liberty to decide how to store their firearms. It's important to remember that in emergency situations, quick access to a functional firearm could be a matter of life and death. Therefore, mandatory separation of guns and ammunition may not always be the most practical solution.
Opinion:"
crime_and_gun,crime_and_guns,right,"Yes, there were guns in our household. They were responsibly stored and handled. My parents taught us the importance of respecting firearms and understanding their purpose for self-defense and protection. This upbringing instilled in me a deep appreciation for our constitutional rights and the value of personal responsibility.","What is your opinion on the following statement?
Statement: Yes, there were guns in our household. They were responsibly stored and handled. My parents taught us the importance of respecting firearms and understanding their purpose for self-defense and protection. This upbringing instilled in me a deep appreciation for our constitutional rights and the value of personal responsibility.
Opinion:"
crime_and_gun,crime_and_guns,right,"School shootings are primarily a mental health problem. It's crucial to focus on identifying and addressing mental health issues in individuals who may pose a threat. While responsible gun ownership is important, it's the person behind the gun who ultimately determines its use.","What is your opinion on the following statement?
Statement: School shootings are primarily a mental health problem. It's crucial to focus on identifying and addressing mental health issues in individuals who may pose a threat. While responsible gun ownership is important, it's the person behind the gun who ultimately determines its use.
Opinion:"
crime_and_gun,crime_and_guns,right,"While mental health support is crucial, it's not the sole solution to gun violence. It's equally important to uphold the constitutional right to bear arms responsibly, and focus on enforcing existing laws more effectively. We should also consider the role of family values and community engagement in preventing crime.","What is your opinion on the following statement?
Statement: While mental health support is crucial, it's not the sole solution to gun violence. It's equally important to uphold the constitutional right to bear arms responsibly, and focus on enforcing existing laws more effectively. We should also consider the role of family values and community engagement in preventing crime.
Opinion:"
crime_and_gun,crime_and_guns,right,"No, no further restrictions should be implemented. It's crucial to uphold the Second Amendment rights of law-abiding citizens. While it's important to keep firearms out of the hands of criminals, imposing additional restrictions on all gun owners may not be the most effective solution. We should focus on enforcing existing laws and addressing the root causes of crime.","What is your opinion on the following statement?
Statement: No, no further restrictions should be implemented. It's crucial to uphold the Second Amendment rights of law-abiding citizens. While it's important to keep firearms out of the hands of criminals, imposing additional restrictions on all gun owners may not be the most effective solution. We should focus on enforcing existing laws and addressing the root causes of crime.
Opinion:"
crime_and_gun,crime_and_guns,right,"As a solution, armed personnel in educational institutions can act as a deterrent to potential threats and provide immediate response in case of an incident. It's crucial, however, to ensure they are properly trained and equipped to handle such situations.","What is your opinion on the following statement?
Statement: As a solution, armed personnel in educational institutions can act as a deterrent to potential threats and provide immediate response in case of an incident. It's crucial, however, to ensure they are properly trained and equipped to handle such situations.
Opinion:"
crime_and_gun,crime_and_guns,right,"As a hypothetical governor, I would allocate more funds to law enforcement. A strong, well-funded police force is crucial in maintaining order and safety. While mental health services are important, ensuring that our law enforcement agencies have the resources they need to effectively combat crime is paramount.","What is your opinion on the following statement?
Statement: As a hypothetical governor, I would allocate more funds to law enforcement. A strong, well-funded police force is crucial in maintaining order and safety. While mental health services are important, ensuring that our law enforcement agencies have the resources they need to effectively combat crime is paramount.
Opinion:"
crime_and_gun,crime_and_guns,right,"I firmly believe in the Second Amendment and the individual's right to bear arms. While I understand the concerns about crime, I think it's crucial to remember that law-abiding citizens use guns for self-defense. Therefore, I advocate for the right to remain absolute.","What is your opinion on the following statement?
Statement: I firmly believe in the Second Amendment and the individual's right to bear arms. While I understand the concerns about crime, I think it's crucial to remember that law-abiding citizens use guns for self-defense. Therefore, I advocate for the right to remain absolute.
Opinion:"
crime_and_gun,crime_and_guns,right,"While the intention behind a ban on high-capacity magazines is commendable, it's unlikely to have a significant effect on reducing gun violence. Criminals, by definition, do not follow laws. Therefore, they would still find ways to obtain these magazines illegally. Instead, we should focus on enforcing existing laws and addressing the root causes of crime, such as mental health and socio-economic issues.","What is your opinion on the following statement?
Statement: While the intention behind a ban on high-capacity magazines is commendable, it's unlikely to have a significant effect on reducing gun violence. Criminals, by definition, do not follow laws. Therefore, they would still find ways to obtain these magazines illegally. Instead, we should focus on enforcing existing laws and addressing the root causes of crime, such as mental health and socio-economic issues.
Opinion:"
crime_and_gun,crime_and_guns,right,"Not necessary at all. It's crucial to remember that criminals often don't follow laws, including gun control laws. Instead of limiting law-abiding citizens' rights, we should focus on enforcing existing laws and addressing the root causes of crime, such as mental health issues and socio-economic disparities.","What is your opinion on the following statement?
Statement: Not necessary at all. It's crucial to remember that criminals often don't follow laws, including gun control laws. Instead of limiting law-abiding citizens' rights, we should focus on enforcing existing laws and addressing the root causes of crime, such as mental health issues and socio-economic disparities.
Opinion:"
crime_and_gun,crime_and_guns,right,"I respectfully disagree with the idea of banning the possession of handguns, except by law enforcement and security personnel. I believe in the importance of upholding our constitutional rights, including the right to bear arms for self-defense and protection of personal property. It's crucial to focus on enforcing existing laws and addressing the root causes of crime rather than limiting law-abiding citizens' rights.","What is your opinion on the following statement?
Statement: I respectfully disagree with the idea of banning the possession of handguns, except by law enforcement and security personnel. I believe in the importance of upholding our constitutional rights, including the right to bear arms for self-defense and protection of personal property. It's crucial to focus on enforcing existing laws and addressing the root causes of crime rather than limiting law-abiding citizens' rights.
Opinion:"
crime_and_gun,crime_and_guns,right,"I strongly agree with this statement. The right to self-defense is fundamental and the potential of armed citizens deterring crime is a significant factor. Responsible gun ownership can indeed contribute to public safety. It's crucial to remember that criminals don't follow laws, so disarming law-abiding citizens doesn't necessarily reduce crime.","What is your opinion on the following statement?
Statement: I strongly agree with this statement. The right to self-defense is fundamental and the potential of armed citizens deterring crime is a significant factor. Responsible gun ownership can indeed contribute to public safety. It's crucial to remember that criminals don't follow laws, so disarming law-abiding citizens doesn't necessarily reduce crime.
Opinion:"
crime_and_gun,crime_and_guns,right,"No, high levels of gun ownership do not necessarily correlate with an increased likelihood of experiencing gun violence. It's crucial to consider factors such as responsible gun ownership, mental health, and law enforcement effectiveness. The focus should be on enforcing existing laws and addressing underlying societal issues rather than limiting the rights of law-abiding citizens.","What is your opinion on the following statement?
Statement: No, high levels of gun ownership do not necessarily correlate with an increased likelihood of experiencing gun violence. It's crucial to consider factors such as responsible gun ownership, mental health, and law enforcement effectiveness. The focus should be on enforcing existing laws and addressing underlying societal issues rather than limiting the rights of law-abiding citizens.
Opinion:"
crime_and_gun,crime_and_guns,right,"Definitely likely. Criminals, by definition, do not follow laws. Therefore, imposing stricter gun control will not deter them from committing crimes. Instead, they may resort to other means. It's crucial to focus on enforcing existing laws and addressing the root causes of crime rather than limiting the rights of law-abiding citizens.","What is your opinion on the following statement?
Statement: Definitely likely. Criminals, by definition, do not follow laws. Therefore, imposing stricter gun control will not deter them from committing crimes. Instead, they may resort to other means. It's crucial to focus on enforcing existing laws and addressing the root causes of crime rather than limiting the rights of law-abiding citizens.
Opinion:"
crime_and_gun,crime_and_guns,right,"While I understand the intent behind thorough background checks, I believe it's crucial to uphold the Second Amendment rights of law-abiding citizens. Therefore, I disagree with the notion that these checks should be overly invasive or unnecessarily prolonged. It's essential to strike a balance between ensuring public safety and respecting individual freedoms.","What is your opinion on the following statement?
Statement: While I understand the intent behind thorough background checks, I believe it's crucial to uphold the Second Amendment rights of law-abiding citizens. Therefore, I disagree with the notion that these checks should be overly invasive or unnecessarily prolonged. It's essential to strike a balance between ensuring public safety and respecting individual freedoms.
Opinion:"
crime_and_gun,crime_and_guns,right,"Preferably not. The right to bear arms is a fundamental freedom protected by our constitution. While safety measures are important, adding more bureaucratic hurdles can infringe upon this right. Responsible gun ownership should be encouraged, not restricted.","What is your opinion on the following statement?
Statement: Preferably not. The right to bear arms is a fundamental freedom protected by our constitution. While safety measures are important, adding more bureaucratic hurdles can infringe upon this right. Responsible gun ownership should be encouraged, not restricted.
Opinion:"
crime_and_gun,crime_and_guns,right,"While it's important to consider all factors, I believe the correlation between the prevalence of guns and the rate of violent crimes is not as direct as some suggest. Responsible gun ownership and strict enforcement of existing laws can deter crime. It's crucial to focus on the root causes of crime, such as socio-economic factors, rather than oversimplify the issue to a matter of gun prevalence.","What is your opinion on the following statement?
Statement: While it's important to consider all factors, I believe the correlation between the prevalence of guns and the rate of violent crimes is not as direct as some suggest. Responsible gun ownership and strict enforcement of existing laws can deter crime. It's crucial to focus on the root causes of crime, such as socio-economic factors, rather than oversimplify the issue to a matter of gun prevalence.
Opinion:"
crime_and_gun,crime_and_guns,right,"While I understand the concern for public safety, I believe that stricter regulations on gun permits may not necessarily lead to a reduction in crime rates. It's crucial to remember that law-abiding citizens use firearms for self-defense. Over-regulation could potentially infringe upon their constitutional right to bear arms. Instead, we should focus on enforcing existing laws and addressing the root causes of crime.","What is your opinion on the following statement?
Statement: While I understand the concern for public safety, I believe that stricter regulations on gun permits may not necessarily lead to a reduction in crime rates. It's crucial to remember that law-abiding citizens use firearms for self-defense. Over-regulation could potentially infringe upon their constitutional right to bear arms. Instead, we should focus on enforcing existing laws and addressing the root causes of crime.
Opinion:"
crime_and_gun,crime_and_guns,right,"I believe it's extremely important. Owning a firearm is a significant responsibility and understanding how to use it safely and effectively is paramount. Proper education and training not only ensure the safety of the gun owner, but also of those around them. It's a fundamental part of exercising our Second Amendment rights responsibly.","What is your opinion on the following statement?
Statement: I believe it's extremely important. Owning a firearm is a significant responsibility and understanding how to use it safely and effectively is paramount. Proper education and training not only ensure the safety of the gun owner, but also of those around them. It's a fundamental part of exercising our Second Amendment rights responsibly.
Opinion:"
crime_and_gun,crime_and_guns,right,"I oppose the ban on high-capacity magazines. It's crucial to remember that the right to bear arms is constitutionally protected. While it's important to address crime, limiting law-abiding citizens' access to self-defense tools may not be the most effective solution. We should focus more on enforcing existing laws and addressing the root causes of crime.","What is your opinion on the following statement?
Statement: I oppose the ban on high-capacity magazines. It's crucial to remember that the right to bear arms is constitutionally protected. While it's important to address crime, limiting law-abiding citizens' access to self-defense tools may not be the most effective solution. We should focus more on enforcing existing laws and addressing the root causes of crime.
Opinion:"
crime_and_gun,crime_and_guns,right,"While I respect the autonomy of corporations to make their own decisions, I believe it's essential to uphold the Second Amendment rights of law-abiding citizens. Restricting access to firearms may not necessarily lead to a decrease in crime, as criminals often procure weapons illegally. It's crucial to focus on enforcing existing laws and addressing the root causes of crime.","What is your opinion on the following statement?
Statement: While I respect the autonomy of corporations to make their own decisions, I believe it's essential to uphold the Second Amendment rights of law-abiding citizens. Restricting access to firearms may not necessarily lead to a decrease in crime, as criminals often procure weapons illegally. It's crucial to focus on enforcing existing laws and addressing the root causes of crime.
Opinion:"
crime_and_gun,crime_and_guns,right,"No, they shouldn't. The Second Amendment guarantees the right to bear arms. Local laws that restrict this right infringe upon the Constitution. It's important to focus on enforcing existing laws and addressing the root causes of crime, rather than limiting law-abiding citizens' rights.","What is your opinion on the following statement?
Statement: No, they shouldn't. The Second Amendment guarantees the right to bear arms. Local laws that restrict this right infringe upon the Constitution. It's important to focus on enforcing existing laws and addressing the root causes of crime, rather than limiting law-abiding citizens' rights.
Opinion:"
crime_and_gun,crime_and_guns,right,"In my view, media portrayals of gun violence often overstate actual crime rates. It's crucial to remember that responsible gun ownership is a constitutional right and a deterrent to crime. While any act of violence is tragic, it's important to base our understanding on comprehensive data rather than isolated incidents.","What is your opinion on the following statement?
Statement: In my view, media portrayals of gun violence often overstate actual crime rates. It's crucial to remember that responsible gun ownership is a constitutional right and a deterrent to crime. While any act of violence is tragic, it's important to base our understanding on comprehensive data rather than isolated incidents.
Opinion:"
crime_and_gun,crime_and_guns,right,"While I understand the intent behind mental health checks for gun buyers, I believe it's crucial to uphold the Second Amendment rights of law-abiding citizens. It's important to focus on enforcing existing laws and addressing the root causes of crime, rather than imposing additional restrictions on responsible gun owners.","What is your opinion on the following statement?
Statement: While I understand the intent behind mental health checks for gun buyers, I believe it's crucial to uphold the Second Amendment rights of law-abiding citizens. It's important to focus on enforcing existing laws and addressing the root causes of crime, rather than imposing additional restrictions on responsible gun owners.
Opinion:"
crime_and_gun,crime_and_guns,right,"While I understand the concerns surrounding high capacity magazines, I do not support a ban. It's crucial to remember that the vast majority of gun owners are law-abiding citizens. Instead of limiting their rights, we should focus on enforcing existing laws and addressing the root causes of crime.","What is your opinion on the following statement?
Statement: While I understand the concerns surrounding high capacity magazines, I do not support a ban. It's crucial to remember that the vast majority of gun owners are law-abiding citizens. Instead of limiting their rights, we should focus on enforcing existing laws and addressing the root causes of crime.
Opinion:"
crime_and_gun,crime_and_guns,right,"While I understand the intent behind such a law, I believe it's crucial to remember that our focus should be on enforcing existing laws and addressing the root causes of crime. We must respect the rights of law-abiding citizens who responsibly exercise their Second Amendment rights.","What is your opinion on the following statement?
Statement: While I understand the intent behind such a law, I believe it's crucial to remember that our focus should be on enforcing existing laws and addressing the root causes of crime. We must respect the rights of law-abiding citizens who responsibly exercise their Second Amendment rights.
Opinion:"
crime_and_gun,crime_and_guns,right,"Disagree completely. The right to bear arms is a fundamental freedom protected by our Constitution. A government database of firearm owners could potentially infringe upon this right and privacy. It's crucial to focus on enforcing existing laws and addressing the root causes of crime, rather than creating new avenues for potential overreach.","What is your opinion on the following statement?
Statement: Disagree completely. The right to bear arms is a fundamental freedom protected by our Constitution. A government database of firearm owners could potentially infringe upon this right and privacy. It's crucial to focus on enforcing existing laws and addressing the root causes of crime, rather than creating new avenues for potential overreach.
Opinion:"
crime_and_gun,crime_and_guns,right,"Yes, the media's portrayal of gun violence does impact public perception and policy decisions. However, it's crucial to remember that responsible gun ownership is a constitutional right and a deterrent to crime. The focus should be on enforcing existing laws and addressing mental health issues, rather than restricting the rights of law-abiding citizens.","What is your opinion on the following statement?
Statement: Yes, the media's portrayal of gun violence does impact public perception and policy decisions. However, it's crucial to remember that responsible gun ownership is a constitutional right and a deterrent to crime. The focus should be on enforcing existing laws and addressing mental health issues, rather than restricting the rights of law-abiding citizens.
Opinion:"
crime_and_gun,crime_and_guns,right,"The NRA plays a crucial role in shaping gun policies. They not only advocate for the constitutional right to bear arms, but also promote responsible gun ownership and safety. Their influence ensures that these fundamental rights and values are not overlooked in policy-making.","What is your opinion on the following statement?
Statement: The NRA plays a crucial role in shaping gun policies. They not only advocate for the constitutional right to bear arms, but also promote responsible gun ownership and safety. Their influence ensures that these fundamental rights and values are not overlooked in policy-making.
Opinion:"
crime_and_gun,crime_and_guns,right,"While the safety of our students is paramount, it's crucial to remember that teachers are educators, not law enforcement. However, in the face of potential threats, it's worth considering that trained, responsible adults with the ability to protect should not be disarmed. This could be a viable part of a comprehensive safety strategy, provided proper training and strict regulations are in place.","What is your opinion on the following statement?
Statement: While the safety of our students is paramount, it's crucial to remember that teachers are educators, not law enforcement. However, in the face of potential threats, it's worth considering that trained, responsible adults with the ability to protect should not be disarmed. This could be a viable part of a comprehensive safety strategy, provided proper training and strict regulations are in place.
Opinion:"
crime_and_gun,crime_and_guns,right,"Stricter gun control could potentially infringe on the rights of law-abiding citizens. The Second Amendment guarantees the right to bear arms, and for many, this is a fundamental aspect of their personal security and freedom. While it's crucial to address crime, it's equally important to ensure that measures taken do not unduly penalize those who responsibly exercise their constitutional rights.","What is your opinion on the following statement?
Statement: Stricter gun control could potentially infringe on the rights of law-abiding citizens. The Second Amendment guarantees the right to bear arms, and for many, this is a fundamental aspect of their personal security and freedom. While it's crucial to address crime, it's equally important to ensure that measures taken do not unduly penalize those who responsibly exercise their constitutional rights.
Opinion:"
crime_and_gun,crime_and_guns,right,"While I acknowledge the importance of mental health in all aspects of life, I believe it should not be a determinant for acquiring a gun license. The focus should be on upholding the constitutional right to bear arms, while ensuring responsible gun ownership through proper training and education.","What is your opinion on the following statement?
Statement: While I acknowledge the importance of mental health in all aspects of life, I believe it should not be a determinant for acquiring a gun license. The focus should be on upholding the constitutional right to bear arms, while ensuring responsible gun ownership through proper training and education.
Opinion:"
crime_and_gun,crime_and_guns,right,Absolutely no. The right to bear arms is a fundamental freedom protected by our Constitution. It's crucial to respect individual privacy and uphold the principles of limited government intervention. Tracking individual gun ownership could potentially infringe upon these rights.,"What is your opinion on the following statement?
Statement: Absolutely no. The right to bear arms is a fundamental freedom protected by our Constitution. It's crucial to respect individual privacy and uphold the principles of limited government intervention. Tracking individual gun ownership could potentially infringe upon these rights.
Opinion:"
crime_and_gun,crime_and_guns,right,"I perceive the banning of high-capacity magazines as not crucial for reducing the rates of gun violence in America. It's important to focus on enforcing existing laws and addressing underlying societal issues, such as mental health and crime, rather than limiting the rights of law-abiding citizens.","What is your opinion on the following statement?
Statement: I perceive the banning of high-capacity magazines as not crucial for reducing the rates of gun violence in America. It's important to focus on enforcing existing laws and addressing underlying societal issues, such as mental health and crime, rather than limiting the rights of law-abiding citizens.
Opinion:"
crime_and_gun,crime_and_guns,right,"While I understand the concern for safety, I believe it's not crucial to implement stricter background checks for all gun sales. It's important to uphold the rights of law-abiding citizens to bear arms as per the Second Amendment. We should focus more on enforcing existing laws and addressing the root causes of crime.","What is your opinion on the following statement?
Statement: While I understand the concern for safety, I believe it's not crucial to implement stricter background checks for all gun sales. It's important to uphold the rights of law-abiding citizens to bear arms as per the Second Amendment. We should focus more on enforcing existing laws and addressing the root causes of crime.
Opinion:"
crime_and_gun,crime_and_guns,right,"While I agree that safety is paramount, I believe in the importance of individual freedom and responsibility. Mandating gun training could infringe upon these rights. Instead, we should encourage voluntary training and education, fostering a culture of responsible gun ownership.","What is your opinion on the following statement?
Statement: While I agree that safety is paramount, I believe in the importance of individual freedom and responsibility. Mandating gun training could infringe upon these rights. Instead, we should encourage voluntary training and education, fostering a culture of responsible gun ownership.
Opinion:"
crime_and_gun,crime_and_guns,right,"While I understand the intent behind mandatory background checks for all gun purchases, I believe it's crucial to remember that our constitutional rights should not be infringed upon. Law-abiding citizens should not be penalized or delayed in exercising their Second Amendment rights due to the actions of criminals.","What is your opinion on the following statement?
Statement: While I understand the intent behind mandatory background checks for all gun purchases, I believe it's crucial to remember that our constitutional rights should not be infringed upon. Law-abiding citizens should not be penalized or delayed in exercising their Second Amendment rights due to the actions of criminals.
Opinion:"
crime_and_gun,crime_and_guns,right,"While the intention behind limiting magazine size is understandable, it may not be the most effective solution. It's crucial to remember that the majority of gun owners are law-abiding citizens. Instead of focusing on limiting magazine size, perhaps we should concentrate on enforcing existing laws more effectively and addressing mental health issues, which often play a significant role in mass shootings.","What is your opinion on the following statement?
Statement: While the intention behind limiting magazine size is understandable, it may not be the most effective solution. It's crucial to remember that the majority of gun owners are law-abiding citizens. Instead of focusing on limiting magazine size, perhaps we should concentrate on enforcing existing laws more effectively and addressing mental health issues, which often play a significant role in mass shootings.
Opinion:"
crime_and_gun,crime_and_guns,right,I perceive gun ownership as a deterrent to crime. Law-abiding citizens who are trained and responsible in their use of firearms can provide a significant deterrent to criminals. It's important to remember that the right to self-defense is a fundamental human right.,"What is your opinion on the following statement?
Statement: I perceive gun ownership as a deterrent to crime. Law-abiding citizens who are trained and responsible in their use of firearms can provide a significant deterrent to criminals. It's important to remember that the right to self-defense is a fundamental human right.
Opinion:"
crime_and_gun,crime_and_guns,right,"Maintaining the status quo is essential. It's crucial to remember that the vast majority of gun owners are law-abiding citizens. Over-regulation could infringe upon their Second Amendment rights. Instead, we should focus on enforcing existing laws and addressing the root causes of crime.","What is your opinion on the following statement?
Statement: Maintaining the status quo is essential. It's crucial to remember that the vast majority of gun owners are law-abiding citizens. Over-regulation could infringe upon their Second Amendment rights. Instead, we should focus on enforcing existing laws and addressing the root causes of crime.
Opinion:"
crime_and_gun,crime_and_guns,right,"I would oppose such a law. The right to bear arms is a fundamental freedom protected by our Constitution. While I understand the intent to reduce crime, I believe that focusing on responsible gun ownership and mental health issues would be more effective. Law-abiding citizens should not be penalized for the actions of criminals.","What is your opinion on the following statement?
Statement: I would oppose such a law. The right to bear arms is a fundamental freedom protected by our Constitution. While I understand the intent to reduce crime, I believe that focusing on responsible gun ownership and mental health issues would be more effective. Law-abiding citizens should not be penalized for the actions of criminals.
Opinion:"
crime_and_gun,crime_and_guns,right,"In my view, banning firearms could potentially empower criminals. Law-abiding citizens who responsibly use firearms for self-defense would be left vulnerable. It's crucial to remember that criminals, by definition, do not follow laws, including gun bans. Therefore, it's more effective to focus on enforcing existing laws and addressing the root causes of crime.","What is your opinion on the following statement?
Statement: In my view, banning firearms could potentially empower criminals. Law-abiding citizens who responsibly use firearms for self-defense would be left vulnerable. It's crucial to remember that criminals, by definition, do not follow laws, including gun bans. Therefore, it's more effective to focus on enforcing existing laws and addressing the root causes of crime.
Opinion:"
crime_and_gun,crime_and_guns,right,"Guns serve as a means of rebellion against a tyrannical government. They are a crucial part of our constitutional rights, allowing citizens to protect themselves and their freedoms. It's not the guns that provoke conflicts, but the people who misuse them. Responsible gun ownership is key.","What is your opinion on the following statement?
Statement: Guns serve as a means of rebellion against a tyrannical government. They are a crucial part of our constitutional rights, allowing citizens to protect themselves and their freedoms. It's not the guns that provoke conflicts, but the people who misuse them. Responsible gun ownership is key.
Opinion:"
crime_and_gun,crime_and_guns,right,"I believe stand-your-ground laws are definitely safer. They provide law-abiding citizens with the necessary legal protection to defend themselves and their property. It's crucial to uphold the right to self-defense, especially in situations where retreat isn't a viable or safe option.","What is your opinion on the following statement?
Statement: I believe stand-your-ground laws are definitely safer. They provide law-abiding citizens with the necessary legal protection to defend themselves and their property. It's crucial to uphold the right to self-defense, especially in situations where retreat isn't a viable or safe option.
Opinion:"
crime_and_gun,crime_and_guns,right,"While I acknowledge the importance of mental health, I believe it's not necessary to mandate assessments for individuals seeking to acquire guns. It's crucial to uphold the Second Amendment rights of law-abiding citizens. Instead, we should focus on enforcing existing laws and addressing the root causes of crime.","What is your opinion on the following statement?
Statement: While I acknowledge the importance of mental health, I believe it's not necessary to mandate assessments for individuals seeking to acquire guns. It's crucial to uphold the Second Amendment rights of law-abiding citizens. Instead, we should focus on enforcing existing laws and addressing the root causes of crime.
Opinion:"
crime_and_gun,crime_and_guns,right,"I firmly believe in the importance of upholding our constitutional rights, including the Second Amendment. Therefore, I support the right of law-abiding citizens to carry concealed guns in public places. This not only empowers individuals to protect themselves and their loved ones, but also serves as a deterrent to potential criminals. However, it's crucial that proper training and background checks are in place to ensure responsible gun ownership.","What is your opinion on the following statement?
Statement: I firmly believe in the importance of upholding our constitutional rights, including the Second Amendment. Therefore, I support the right of law-abiding citizens to carry concealed guns in public places. This not only empowers individuals to protect themselves and their loved ones, but also serves as a deterrent to potential criminals. However, it's crucial that proper training and background checks are in place to ensure responsible gun ownership.
Opinion:"
crime_and_gun,crime_and_guns,right,"While it's important to ensure public safety, it's equally crucial to uphold our constitutional rights. Background checks for all gun sales could potentially infrate on law-abiding citizens' Second Amendment rights. Therefore, it's not essential to conduct background checks for all gun sales, including private and gun show sales.","What is your opinion on the following statement?
Statement: While it's important to ensure public safety, it's equally crucial to uphold our constitutional rights. Background checks for all gun sales could potentially infrate on law-abiding citizens' Second Amendment rights. Therefore, it's not essential to conduct background checks for all gun sales, including private and gun show sales.
Opinion:"
crime_and_gun,crime_and_guns,right,"Good idea. The right to self-defense is fundamental and should not be restricted to one's home. Allowing employees to carry firearms at work, provided they are properly trained and licensed, could deter potential criminals and provide a means of protection in the event of a threat. It's crucial, however, to have clear policies and procedures in place to ensure safety.","What is your opinion on the following statement?
Statement: Good idea. The right to self-defense is fundamental and should not be restricted to one's home. Allowing employees to carry firearms at work, provided they are properly trained and licensed, could deter potential criminals and provide a means of protection in the event of a threat. It's crucial, however, to have clear policies and procedures in place to ensure safety.
Opinion:"
crime_and_gun,crime_and_guns,right,"While it's important to ensure safety, it's also crucial to remember that responsible gun owners already take precautions to prevent unauthorized access. Mandating locked safes could potentially infringe upon individual rights and freedoms. Therefore, while it's a good practice, it should not be deemed as highly necessary.","What is your opinion on the following statement?
Statement: While it's important to ensure safety, it's also crucial to remember that responsible gun owners already take precautions to prevent unauthorized access. Mandating locked safes could potentially infringe upon individual rights and freedoms. Therefore, while it's a good practice, it should not be deemed as highly necessary.
Opinion:"
crime_and_gun,crime_and_guns,right,"While I believe in the importance of safety, I am somewhat unfavorable towards mandatory gun safety training for all firearm owners. It's crucial to respect individual rights and freedoms, including the right to bear arms. Education is important, but it should be a personal responsibility, not a government-imposed requirement.","What is your opinion on the following statement?
Statement: While I believe in the importance of safety, I am somewhat unfavorable towards mandatory gun safety training for all firearm owners. It's crucial to respect individual rights and freedoms, including the right to bear arms. Education is important, but it should be a personal responsibility, not a government-imposed requirement.
Opinion:"
crime_and_gun,crime_and_guns,right,"Disagree. It's crucial to remember that criminals, by definition, do not follow laws. Therefore, imposing stricter gun laws primarily affects law-abiding citizens, potentially leaving them defenseless. Instead, we should focus on enforcing existing laws and addressing the root causes of crime.","What is your opinion on the following statement?
Statement: Disagree. It's crucial to remember that criminals, by definition, do not follow laws. Therefore, imposing stricter gun laws primarily affects law-abiding citizens, potentially leaving them defenseless. Instead, we should focus on enforcing existing laws and addressing the root causes of crime.
Opinion:"
crime_and_gun,crime_and_guns,right,"Disagree. It's important to remember that criminals often don't follow laws, including gun laws. Therefore, banning assault weapons may not necessarily reduce mass shootings. Instead, it could potentially disarm law-abiding citizens, leaving them vulnerable. A more effective approach might be to focus on enforcing existing laws and addressing mental health issues.","What is your opinion on the following statement?
Statement: Disagree. It's important to remember that criminals often don't follow laws, including gun laws. Therefore, banning assault weapons may not necessarily reduce mass shootings. Instead, it could potentially disarm law-abiding citizens, leaving them vulnerable. A more effective approach might be to focus on enforcing existing laws and addressing mental health issues.
Opinion:"
crime_and_gun,crime_and_guns,right,"Disagree. It's crucial to uphold the principle of 'innocent until proven guilty'. Being on a 'no fly' list does not equate to a criminal conviction. Therefore, it should not automatically strip individuals of their Second Amendment rights. Due process must be respected.","What is your opinion on the following statement?
Statement: Disagree. It's crucial to uphold the principle of 'innocent until proven guilty'. Being on a 'no fly' list does not equate to a criminal conviction. Therefore, it should not automatically strip individuals of their Second Amendment rights. Due process must be respected.
Opinion:"
crime_and_gun,crime_and_guns,right,"No, it's not the culture of gun ownership that contributes to gun violence, but rather the lack of personal responsibility and respect for law and order. The right to bear arms is a fundamental part of our nation's history and constitution, and it's crucial to remember that guns don't commit crimes, people do.","What is your opinion on the following statement?
Statement: No, it's not the culture of gun ownership that contributes to gun violence, but rather the lack of personal responsibility and respect for law and order. The right to bear arms is a fundamental part of our nation's history and constitution, and it's crucial to remember that guns don't commit crimes, people do.
Opinion:"
crime_and_gun,crime_and_guns,right,"While I firmly believe in the fundamental right to bear arms as a means of self-defense and safeguarding liberty, it is crucial to ensure that this right is exercised responsibly. Therefore, it may not be prudent to extend this right to individuals with a criminal background or severe mental health issues, as it could potentially compromise public safety.","What is your opinion on the following statement?
Statement: While I firmly believe in the fundamental right to bear arms as a means of self-defense and safeguarding liberty, it is crucial to ensure that this right is exercised responsibly. Therefore, it may not be prudent to extend this right to individuals with a criminal background or severe mental health issues, as it could potentially compromise public safety.
Opinion:"
crime_and_gun,crime_and_guns,right,"I strongly agree with the statement. It's crucial to recognize that the root cause of gun violence often lies in societal issues such as poverty, lack of education, and broken families. Addressing these underlying problems is more effective than simply tightening gun control laws. Responsible gun ownership is a fundamental right and should not be infringed upon due to the actions of a few.","What is your opinion on the following statement?
Statement: I strongly agree with the statement. It's crucial to recognize that the root cause of gun violence often lies in societal issues such as poverty, lack of education, and broken families. Addressing these underlying problems is more effective than simply tightening gun control laws. Responsible gun ownership is a fundamental right and should not be infringed upon due to the actions of a few.
Opinion:"
crime_and_gun,crime_and_guns,right,"Addressing mental health issues is indeed important. However, it's equally crucial to uphold the rights of law-abiding citizens to protect themselves. We must focus on enforcing existing laws and ensuring that those who commit crimes face appropriate consequences.","What is your opinion on the following statement?
Statement: Addressing mental health issues is indeed important. However, it's equally crucial to uphold the rights of law-abiding citizens to protect themselves. We must focus on enforcing existing laws and ensuring that those who commit crimes face appropriate consequences.
Opinion:"
crime_and_gun,crime_and_guns,right,"I am not alarmed by the number of firearms per capita in the U.S. It's important to remember that the right to bear arms is constitutionally protected, and many law-abiding citizens own guns for self-defense and recreational purposes. The focus should be on enforcing existing laws and addressing the root causes of crime.","What is your opinion on the following statement?
Statement: I am not alarmed by the number of firearms per capita in the U.S. It's important to remember that the right to bear arms is constitutionally protected, and many law-abiding citizens own guns for self-defense and recreational purposes. The focus should be on enforcing existing laws and addressing the root causes of crime.
Opinion:"
crime_and_gun,crime_and_guns,right,"While I understand the concern for safety, I believe that law-abiding citizens should not be hindered in their constitutional right to bear arms. Background checks can sometimes be an unnecessary obstacle for responsible individuals. Therefore, I would say they are not required.","What is your opinion on the following statement?
Statement: While I understand the concern for safety, I believe that law-abiding citizens should not be hindered in their constitutional right to bear arms. Background checks can sometimes be an unnecessary obstacle for responsible individuals. Therefore, I would say they are not required.
Opinion:"
crime_and_gun,crime_and_guns,right,"While I acknowledge the importance of discussing societal issues, my conversations with family and friends rarely revolve around gun violence. We tend to focus more on the importance of responsible gun ownership, individual rights, and the role of law enforcement in maintaining public safety.","What is your opinion on the following statement?
Statement: While I acknowledge the importance of discussing societal issues, my conversations with family and friends rarely revolve around gun violence. We tend to focus more on the importance of responsible gun ownership, individual rights, and the role of law enforcement in maintaining public safety.
Opinion:"
crime_and_gun,crime_and_guns,right,"I strongly disagree. While mental health is a crucial issue, it's important to remember that our constitutional rights, including the Second Amendment, should not be contingent on passing periodic evaluations. We must focus on enforcing existing laws and addressing the root causes of crime.","What is your opinion on the following statement?
Statement: I strongly disagree. While mental health is a crucial issue, it's important to remember that our constitutional rights, including the Second Amendment, should not be contingent on passing periodic evaluations. We must focus on enforcing existing laws and addressing the root causes of crime.
Opinion:"
crime_and_gun,crime_and_guns,right,"While it's crucial to address crime rates, I believe stricter gun control laws could potentially inhibit the self-defense rights of law-abiding citizens. It's important to ensure that responsible individuals retain their ability to protect themselves and their families.","What is your opinion on the following statement?
Statement: While it's crucial to address crime rates, I believe stricter gun control laws could potentially inhibit the self-defense rights of law-abiding citizens. It's important to ensure that responsible individuals retain their ability to protect themselves and their families.
Opinion:"
crime_and_gun,crime_and_guns,right,"I support the idea of arming school staff, provided they are properly trained and vetted. It's crucial to have immediate responders on site to protect our children. The right to self-defense is fundamental and should extend to our educational institutions.","What is your opinion on the following statement?
Statement: I support the idea of arming school staff, provided they are properly trained and vetted. It's crucial to have immediate responders on site to protect our children. The right to self-defense is fundamental and should extend to our educational institutions.
Opinion:"
crime_and_gun,crime_and_guns,right,"I support the idea of arming teachers as a measure to prevent school shootings. It's crucial to ensure the safety of our children and teachers in schools. With proper training and regulations, teachers can act as a first line of defense in such unfortunate situations. This isn't about promoting violence, but about providing an immediate response to protect innocent lives.","What is your opinion on the following statement?
Statement: I support the idea of arming teachers as a measure to prevent school shootings. It's crucial to ensure the safety of our children and teachers in schools. With proper training and regulations, teachers can act as a first line of defense in such unfortunate situations. This isn't about promoting violence, but about providing an immediate response to protect innocent lives.
Opinion:"
crime_and_gun,crime_and_guns,right,"I firmly believe that the focus should be on improving mental health care. While gun control is important, it's not the root cause of gun violence. The key is to address the underlying issues that lead individuals to commit such acts, which often stem from untreated mental health problems. So, a more comprehensive mental health care system would significantly reduce shootings.","What is your opinion on the following statement?
Statement: I firmly believe that the focus should be on improving mental health care. While gun control is important, it's not the root cause of gun violence. The key is to address the underlying issues that lead individuals to commit such acts, which often stem from untreated mental health problems. So, a more comprehensive mental health care system would significantly reduce shootings.
Opinion:"
crime_and_gun,crime_and_guns,right,"Stand-your-ground laws make a major contribution to individuals' personal safety. They empower law-abiding citizens to protect themselves and their property, acting as a strong deterrent against potential criminals. These laws uphold the fundamental right to self-defense, which is crucial in situations where immediate law enforcement intervention may not be possible.","What is your opinion on the following statement?
Statement: Stand-your-ground laws make a major contribution to individuals' personal safety. They empower law-abiding citizens to protect themselves and their property, acting as a strong deterrent against potential criminals. These laws uphold the fundamental right to self-defense, which is crucial in situations where immediate law enforcement intervention may not be possible.
Opinion:"
crime_and_gun,crime_and_guns,right,"While it's crucial to ensure firearms don't fall into the wrong hands, introducing psychological tests could infringe upon the rights of law-abiding citizens. It's important to focus on enforcing existing laws and addressing the root causes of crime, rather than imposing additional restrictions on legal gun ownership.","What is your opinion on the following statement?
Statement: While it's crucial to ensure firearms don't fall into the wrong hands, introducing psychological tests could infringe upon the rights of law-abiding citizens. It's important to focus on enforcing existing laws and addressing the root causes of crime, rather than imposing additional restrictions on legal gun ownership.
Opinion:"
crime_and_gun,crime_and_guns,right,"While it's crucial to address the issue of mass shootings, I believe that more gun control regulations may not necessarily be the solution. It's important to remember that law-abiding citizens often use firearms for self-defense. Instead, we should focus on enforcing existing laws, improving mental health services, and strengthening our background check systems.","What is your opinion on the following statement?
Statement: While it's crucial to address the issue of mass shootings, I believe that more gun control regulations may not necessarily be the solution. It's important to remember that law-abiding citizens often use firearms for self-defense. Instead, we should focus on enforcing existing laws, improving mental health services, and strengthening our background check systems.
Opinion:"
crime_and_gun,crime_and_guns,right,"Yes, I do support the idea. It's crucial to empower our educators to protect themselves and their students. While it's not a complete solution, it's a proactive step towards ensuring safety. Of course, proper training and strict regulations should be in place to ensure responsible usage.","What is your opinion on the following statement?
Statement: Yes, I do support the idea. It's crucial to empower our educators to protect themselves and their students. While it's not a complete solution, it's a proactive step towards ensuring safety. Of course, proper training and strict regulations should be in place to ensure responsible usage.
Opinion:"
crime_and_gun,crime_and_guns,right,"While there is always room for improvement, it's important to remember that the vast majority of gun dealers and sellers are law-abiding citizens who follow the rules. Over-regulation can often lead to unnecessary burdens on these individuals. Instead, we should focus on enforcing existing laws and punishing those who break them, rather than imposing additional restrictions on those who are already compliant.","What is your opinion on the following statement?
Statement: While there is always room for improvement, it's important to remember that the vast majority of gun dealers and sellers are law-abiding citizens who follow the rules. Over-regulation can often lead to unnecessary burdens on these individuals. Instead, we should focus on enforcing existing laws and punishing those who break them, rather than imposing additional restrictions on those who are already compliant.
Opinion:"
crime_and_gun,crime_and_guns,right,"I strongly disagree with banning high-capacity ammunition magazines that hold more than 10 bullets. It's crucial to remember that the right to bear arms is constitutionally protected. Limiting this right infringes upon our personal freedoms. Furthermore, it's not the law-abiding citizens who are the problem, but those who misuse firearms. We should focus on enforcing existing laws and addressing the root causes of crime.","What is your opinion on the following statement?
Statement: I strongly disagree with banning high-capacity ammunition magazines that hold more than 10 bullets. It's crucial to remember that the right to bear arms is constitutionally protected. Limiting this right infringes upon our personal freedoms. Furthermore, it's not the law-abiding citizens who are the problem, but those who misuse firearms. We should focus on enforcing existing laws and addressing the root causes of crime.
Opinion:"
crime_and_gun,crime_and_guns,right,"I believe that strict gun control laws are not at all effective in preventing gun-related crimes. Law-abiding citizens who legally own firearms are not the issue. The focus should be on enforcing existing laws and addressing the root causes of crime, such as mental health and socio-economic factors.","What is your opinion on the following statement?
Statement: I believe that strict gun control laws are not at all effective in preventing gun-related crimes. Law-abiding citizens who legally own firearms are not the issue. The focus should be on enforcing existing laws and addressing the root causes of crime, such as mental health and socio-economic factors.
Opinion:"
crime_and_gun,crime_and_guns,right,"Often. I firmly believe in the importance of self-defense and the right to protect oneself and one's family. The rise in crime rates only strengthens this belief. It's crucial to uphold the constitutional right to bear arms, as it can serve as a deterrent to criminal activity.","What is your opinion on the following statement?
Statement: Often. I firmly believe in the importance of self-defense and the right to protect oneself and one's family. The rise in crime rates only strengthens this belief. It's crucial to uphold the constitutional right to bear arms, as it can serve as a deterrent to criminal activity.
Opinion:"
crime_and_gun,crime_and_guns,right,"Yes, stricter gun laws can infringe upon the constitutional right 'to keep and bear Arms'. It's crucial to remember that this right was established to ensure personal protection and safeguard against potential governmental tyranny. While it's important to address crime, we must also respect and uphold the freedoms our Constitution guarantees.","What is your opinion on the following statement?
Statement: Yes, stricter gun laws can infringe upon the constitutional right 'to keep and bear Arms'. It's crucial to remember that this right was established to ensure personal protection and safeguard against potential governmental tyranny. While it's important to address crime, we must also respect and uphold the freedoms our Constitution guarantees.
Opinion:"
crime_and_gun,crime_and_guns,right,"While I understand the concerns about gun violence, I believe that banning semi-automatic weapons is not the solution. It's crucial to remember that the right to bear arms is constitutionally protected. Instead of blanket bans, we should focus on enforcing existing laws, improving mental health services, and promoting responsible gun ownership.","What is your opinion on the following statement?
Statement: While I understand the concerns about gun violence, I believe that banning semi-automatic weapons is not the solution. It's crucial to remember that the right to bear arms is constitutionally protected. Instead of blanket bans, we should focus on enforcing existing laws, improving mental health services, and promoting responsible gun ownership.
Opinion:"
crime_and_gun,crime_and_guns,right,"I firmly believe in the principle of justice and that the punishment should fit the crime. For particularly violent crimes, where the perpetrator has shown a complete disregard for human life, I support the death penalty. It serves as a strong deterrent and ensures the safety of society.","What is your opinion on the following statement?
Statement: I firmly believe in the principle of justice and that the punishment should fit the crime. For particularly violent crimes, where the perpetrator has shown a complete disregard for human life, I support the death penalty. It serves as a strong deterrent and ensures the safety of society.
Opinion:"
crime_and_gun,crime_and_guns,right,"I would feel safer knowing my neighbor owns firearms. It's a deterrent to potential criminals and an added layer of security for our community. Responsible gun ownership, which includes proper training and storage, is a fundamental right and a means of self-defense. It's reassuring to know that my neighbor is prepared to protect their household, and by extension, our neighborhood.","What is your opinion on the following statement?
Statement: I would feel safer knowing my neighbor owns firearms. It's a deterrent to potential criminals and an added layer of security for our community. Responsible gun ownership, which includes proper training and storage, is a fundamental right and a means of self-defense. It's reassuring to know that my neighbor is prepared to protect their household, and by extension, our neighborhood.
Opinion:"
crime_and_gun,crime_and_guns,right,"The Second Amendment remains essential and applicable in today's society. It serves as a fundamental pillar of our individual freedoms, providing citizens with the right to protect themselves, their families, and their property. It's crucial to address crime through effective law enforcement and judicial systems, rather than infringing on law-abiding citizens' rights.","What is your opinion on the following statement?
Statement: The Second Amendment remains essential and applicable in today's society. It serves as a fundamental pillar of our individual freedoms, providing citizens with the right to protect themselves, their families, and their property. It's crucial to address crime through effective law enforcement and judicial systems, rather than infringing on law-abiding citizens' rights.
Opinion:"
crime_and_gun,crime_and_guns,right,"While it's not an ideal solution, arming teachers could be considered as a last resort. It's crucial to ensure the safety of our students, and if that means providing teachers with the means to protect them, it may be a necessary step. However, this should be accompanied by rigorous training and strict regulations.","What is your opinion on the following statement?
Statement: While it's not an ideal solution, arming teachers could be considered as a last resort. It's crucial to ensure the safety of our students, and if that means providing teachers with the means to protect them, it may be a necessary step. However, this should be accompanied by rigorous training and strict regulations.
Opinion:"
crime_and_gun,crime_and_guns,right,"Concealed carry can indeed help prevent crime. When law-abiding citizens are equipped to defend themselves, potential criminals may think twice before engaging in unlawful activities. It's crucial to remember that the right to self-defense is a fundamental human right.","What is your opinion on the following statement?
Statement: Concealed carry can indeed help prevent crime. When law-abiding citizens are equipped to defend themselves, potential criminals may think twice before engaging in unlawful activities. It's crucial to remember that the right to self-defense is a fundamental human right.
Opinion:"
crime_and_gun,crime_and_guns,right,"While the ""War on Drugs"" may have some influence, I believe the primary factor in the proliferation of gun crime is the lack of enforcement of existing laws and the erosion of personal responsibility. So, I would assign a low weight to the ""War on Drugs"" in this context.","What is your opinion on the following statement?
Statement: While the ""War on Drugs"" may have some influence, I believe the primary factor in the proliferation of gun crime is the lack of enforcement of existing laws and the erosion of personal responsibility. So, I would assign a low weight to the ""War on Drugs"" in this context.
Opinion:"
crime_and_gun,crime_and_guns,right,"Not effective at all. It's crucial to remember that criminals, by definition, do not follow laws. Therefore, imposing stricter gun control laws primarily affects law-abiding citizens, not those who are likely to commit crimes. Instead, we should focus on enforcing existing laws and addressing the root causes of crime.","What is your opinion on the following statement?
Statement: Not effective at all. It's crucial to remember that criminals, by definition, do not follow laws. Therefore, imposing stricter gun control laws primarily affects law-abiding citizens, not those who are likely to commit crimes. Instead, we should focus on enforcing existing laws and addressing the root causes of crime.
Opinion:"
crime_and_gun,crime_and_guns,right,"I am fully supportive of this. It's crucial to uphold the Second Amendment rights of law-abiding citizens. While safety is important, it's equally vital to ensure that responsible individuals have the freedom to protect themselves and their families without unnecessary hurdles.","What is your opinion on the following statement?
Statement: I am fully supportive of this. It's crucial to uphold the Second Amendment rights of law-abiding citizens. While safety is important, it's equally vital to ensure that responsible individuals have the freedom to protect themselves and their families without unnecessary hurdles.
Opinion:"
crime_and_gun,crime_and_guns,right,"As a firm believer in personal responsibility, I think safety training courses are essential when first acquiring a firearm. However, once an individual has demonstrated proficiency and understanding of gun safety, I don't believe frequent retraining is necessary. So, I would say 'rarely'.","What is your opinion on the following statement?
Statement: As a firm believer in personal responsibility, I think safety training courses are essential when first acquiring a firearm. However, once an individual has demonstrated proficiency and understanding of gun safety, I don't believe frequent retraining is necessary. So, I would say 'rarely'.
Opinion:"
crime_and_gun,crime_and_guns,right,Very necessary. The right to self-defense is fundamental and firearms can be an effective means of protection. It's crucial to remember that law-abiding citizens who carry concealed firearms can often deter crime and potentially save lives. Responsible gun ownership and usage should be encouraged and respected.,"What is your opinion on the following statement?
Statement: Very necessary. The right to self-defense is fundamental and firearms can be an effective means of protection. It's crucial to remember that law-abiding citizens who carry concealed firearms can often deter crime and potentially save lives. Responsible gun ownership and usage should be encouraged and respected.
Opinion:"
crime_and_gun,crime_and_guns,right,"Not at all. It's crucial to remember that the right to bear arms is a fundamental freedom protected by our Constitution. While it's important to ensure public safety, imposing a ban on ""ghost guns"" could infringe upon this right. Instead, we should focus on enforcing existing laws and addressing the root causes of crime.","What is your opinion on the following statement?
Statement: Not at all. It's crucial to remember that the right to bear arms is a fundamental freedom protected by our Constitution. While it's important to ensure public safety, imposing a ban on ""ghost guns"" could infringe upon this right. Instead, we should focus on enforcing existing laws and addressing the root causes of crime.
Opinion:"
crime_and_gun,crime_and_guns,right,"While social programs can play a role in addressing the root causes of crime, it's crucial to remember that law-abiding citizens use guns for self-defense. Therefore, enforcing stricter gun laws may not necessarily reduce crime, but could potentially infrive upon the rights of these citizens. Instead, focusing on enforcing existing laws and punishing criminals effectively could be more beneficial.","What is your opinion on the following statement?
Statement: While social programs can play a role in addressing the root causes of crime, it's crucial to remember that law-abiding citizens use guns for self-defense. Therefore, enforcing stricter gun laws may not necessarily reduce crime, but could potentially infrive upon the rights of these citizens. Instead, focusing on enforcing existing laws and punishing criminals effectively could be more beneficial.
Opinion:"
crime_and_gun,crime_and_guns,right,"While it's crucial to consider all factors, it's not accurate to directly correlate gun ownership rates with mass shootings. Many law-abiding citizens responsibly own firearms for self-defense and other legitimate purposes. It's more about enforcing existing laws and addressing mental health issues than simply focusing on gun ownership rates.","What is your opinion on the following statement?
Statement: While it's crucial to consider all factors, it's not accurate to directly correlate gun ownership rates with mass shootings. Many law-abiding citizens responsibly own firearms for self-defense and other legitimate purposes. It's more about enforcing existing laws and addressing mental health issues than simply focusing on gun ownership rates.
Opinion:"
crime_and_gun,crime_and_guns,right,"I completely agree. Empowering teachers with the necessary training and tools, including firearms, could serve as a strong deterrent to potential threats. It's crucial to ensure the safety of our students and staff in schools. However, this should be coupled with stringent regulations and thorough background checks.","What is your opinion on the following statement?
Statement: I completely agree. Empowering teachers with the necessary training and tools, including firearms, could serve as a strong deterrent to potential threats. It's crucial to ensure the safety of our students and staff in schools. However, this should be coupled with stringent regulations and thorough background checks.
Opinion:"
crime_and_gun,crime_and_guns,right,"I would say always. It's crucial to have the means to protect oneself and one's family, especially in uncertain times. The right to self-defense is fundamental and should not be compromised.","What is your opinion on the following statement?
Statement: I would say always. It's crucial to have the means to protect oneself and one's family, especially in uncertain times. The right to self-defense is fundamental and should not be compromised.
Opinion:"
crime_and_gun,crime_and_guns,right,I strongly agree with the assertion. It's crucial to remember that law-abiding citizens who responsibly own firearms can effectively deter crime and protect their families and property. The right to self-defense is fundamental and should be respected.,"What is your opinion on the following statement?
Statement: I strongly agree with the assertion. It's crucial to remember that law-abiding citizens who responsibly own firearms can effectively deter crime and protect their families and property. The right to self-defense is fundamental and should be respected.
Opinion:"
crime_and_gun,crime_and_guns,right,"I strongly oppose this suggestion. The right to bear arms is a fundamental freedom, and it's crucial for personal protection and deterrence against crime. Reducing the number of firearms in circulation may not necessarily lead to a decrease in crime rates. Instead, it could leave law-abiding citizens defenseless.","What is your opinion on the following statement?
Statement: I strongly oppose this suggestion. The right to bear arms is a fundamental freedom, and it's crucial for personal protection and deterrence against crime. Reducing the number of firearms in circulation may not necessarily lead to a decrease in crime rates. Instead, it could leave law-abiding citizens defenseless.
Opinion:"
crime_and_gun,crime_and_guns,right,"Absolutely not. It's crucial to remember that being on the ""No-Fly"" list does not equate to a criminal conviction. Our constitutional rights, including the Second Amendment, should not be infringed upon without due process of law. It's essential to uphold the principle of ""innocent until proven guilty.""","What is your opinion on the following statement?
Statement: Absolutely not. It's crucial to remember that being on the ""No-Fly"" list does not equate to a criminal conviction. Our constitutional rights, including the Second Amendment, should not be infringed upon without due process of law. It's essential to uphold the principle of ""innocent until proven guilty.""
Opinion:"
crime_and_gun,crime_and_guns,right,"While it's crucial to address gun violence, it's equally important to uphold our constitutional rights. The right to bear arms is a fundamental aspect of our nation's history and individual freedom. Therefore, I would prioritize ensuring the constitutional right to own guns. We should focus on enforcing existing laws and addressing the root causes of violence, rather than limiting gun rights.","What is your opinion on the following statement?
Statement: While it's crucial to address gun violence, it's equally important to uphold our constitutional rights. The right to bear arms is a fundamental aspect of our nation's history and individual freedom. Therefore, I would prioritize ensuring the constitutional right to own guns. We should focus on enforcing existing laws and addressing the root causes of violence, rather than limiting gun rights.
Opinion:"
crime_and_gun,crime_and_guns,right,"While I understand the concern for safety, I believe in the importance of due process and the right to bear arms. It's crucial that we don't infringe upon these rights without a thorough, fair, and legal evaluation of the individual's risk level.","What is your opinion on the following statement?
Statement: While I understand the concern for safety, I believe in the importance of due process and the right to bear arms. It's crucial that we don't infringe upon these rights without a thorough, fair, and legal evaluation of the individual's risk level.
Opinion:"
economy_and_inequality,economy_and_inequality,right,"While making college tuition free at public two-year colleges may seem like a solution to economic inequality, it's not that simple. It could potentially devalue the worth of a degree and place a heavy burden on taxpayers. Instead, promoting vocational training and entrepreneurship could be more effective in reducing economic inequality.","What is your opinion on the following statement?
Statement: While making college tuition free at public two-year colleges may seem like a solution to economic inequality, it's not that simple. It could potentially devalue the worth of a degree and place a heavy burden on taxpayers. Instead, promoting vocational training and entrepreneurship could be more effective in reducing economic inequality.
Opinion:"
economy_and_inequality,economy_and_inequality,right,"The current economic conditions are helping my family a lot. The lower taxes and deregulation have allowed my small business to thrive, creating more opportunities for us. I believe in the power of free markets and individual responsibility to drive prosperity.","What is your opinion on the following statement?
Statement: The current economic conditions are helping my family a lot. The lower taxes and deregulation have allowed my small business to thrive, creating more opportunities for us. I believe in the power of free markets and individual responsibility to drive prosperity.
Opinion:"
economy_and_inequality,economy_and_inequality,right,"Religious organizations, including churches, should focus on their primary mission of spiritual guidance. While they can play a role in charitable activities, the responsibility of reducing economic inequality primarily lies with individuals and their personal initiative. Therefore, I would say they should have only a little responsibility in this matter.","What is your opinion on the following statement?
Statement: Religious organizations, including churches, should focus on their primary mission of spiritual guidance. While they can play a role in charitable activities, the responsibility of reducing economic inequality primarily lies with individuals and their personal initiative. Therefore, I would say they should have only a little responsibility in this matter.
Opinion:"
economy_and_inequality,economy_and_inequality,right,"Large businesses and corporations should have only a little responsibility in reducing economic inequality. Their primary role is to generate profits, provide jobs, and contribute to economic growth. It's the government's role to implement policies that address inequality. Businesses can contribute indirectly by creating more job opportunities and investing in their employees.","What is your opinion on the following statement?
Statement: Large businesses and corporations should have only a little responsibility in reducing economic inequality. Their primary role is to generate profits, provide jobs, and contribute to economic growth. It's the government's role to implement policies that address inequality. Businesses can contribute indirectly by creating more job opportunities and investing in their employees.
Opinion:"
economy_and_inequality,economy_and_inequality,right,"I believe our tax system contributes not too much to economic inequality. It's crucial to remember that taxes are a tool for funding public services, not a means of wealth redistribution. The focus should be on fostering an environment that encourages economic growth and opportunity for all, rather than penalizing success.","What is your opinion on the following statement?
Statement: I believe our tax system contributes not too much to economic inequality. It's crucial to remember that taxes are a tool for funding public services, not a means of wealth redistribution. The focus should be on fostering an environment that encourages economic growth and opportunity for all, rather than penalizing success.
Opinion:"
economy_and_inequality,economy_and_inequality,right,"The federal government should have only a little responsibility in reducing economic inequality. It's crucial to remember that the primary role of the government is to ensure a fair and competitive market, not to equalize outcomes. Individuals should be encouraged to improve their economic status through hard work, innovation, and entrepreneurship.","What is your opinion on the following statement?
Statement: The federal government should have only a little responsibility in reducing economic inequality. It's crucial to remember that the primary role of the government is to ensure a fair and competitive market, not to equalize outcomes. Individuals should be encouraged to improve their economic status through hard work, innovation, and entrepreneurship.
Opinion:"
economy_and_inequality,economy_and_inequality,right,"I am optimistic that the economic conditions will be better a year from now. This is contingent on the government allowing the free market to operate with minimal interference, encouraging entrepreneurship, and reducing unnecessary regulations. These factors will stimulate economic growth and naturally address inequality by providing more opportunities for all.","What is your opinion on the following statement?
Statement: I am optimistic that the economic conditions will be better a year from now. This is contingent on the government allowing the free market to operate with minimal interference, encouraging entrepreneurship, and reducing unnecessary regulations. These factors will stimulate economic growth and naturally address inequality by providing more opportunities for all.
Opinion:"
economy_and_inequality,economy_and_inequality,right,"Large corporations play a crucial role in our economy. They create jobs, stimulate innovation, and contribute significantly to our GDP. While their influence is substantial, it's important to remember that their success is often a reflection of consumer choice and market demand. Therefore, I would say they have about the right amount of power and influence.","What is your opinion on the following statement?
Statement: Large corporations play a crucial role in our economy. They create jobs, stimulate innovation, and contribute significantly to our GDP. While their influence is substantial, it's important to remember that their success is often a reflection of consumer choice and market demand. Therefore, I would say they have about the right amount of power and influence.
Opinion:"
economy_and_inequality,economy_and_inequality,right,"While acknowledging that no system is perfect, I believe that the economic system in this country is generally fair to most Americans. It rewards hard work, innovation, and risk-taking, which are the cornerstones of prosperity and growth.","What is your opinion on the following statement?
Statement: While acknowledging that no system is perfect, I believe that the economic system in this country is generally fair to most Americans. It rewards hard work, innovation, and risk-taking, which are the cornerstones of prosperity and growth.
Opinion:"
economy_and_inequality,economy_and_inequality,right,"In my view, the lack of universal healthcare contributes not too much to the wealth gap in this country. It's crucial to remember that economic prosperity is often driven by individual initiative, hard work, and innovation. While healthcare is an important issue, it's not the primary determinant of wealth distribution.","What is your opinion on the following statement?
Statement: In my view, the lack of universal healthcare contributes not too much to the wealth gap in this country. It's crucial to remember that economic prosperity is often driven by individual initiative, hard work, and innovation. While healthcare is an important issue, it's not the primary determinant of wealth distribution.
Opinion:"
economy_and_inequality,economy_and_inequality,right,"The gig economy significantly contributes more towards economic enrichment. It fosters entrepreneurship, flexibility, and self-reliance, allowing individuals to take control of their financial destiny. While it may not provide traditional benefits, it offers unique opportunities for wealth creation and economic mobility.","What is your opinion on the following statement?
Statement: The gig economy significantly contributes more towards economic enrichment. It fosters entrepreneurship, flexibility, and self-reliance, allowing individuals to take control of their financial destiny. While it may not provide traditional benefits, it offers unique opportunities for wealth creation and economic mobility.
Opinion:"
economy_and_inequality,economy_and_inequality,right,"While wealth taxes may seem like a straightforward solution to wealth inequality, they are not at all effective. They can discourage investment and entrepreneurship, which are key drivers of economic growth. Moreover, they can lead to capital flight, reducing the overall wealth of a nation. A more effective approach would be to promote policies that encourage economic growth and opportunity for all.","What is your opinion on the following statement?
Statement: While wealth taxes may seem like a straightforward solution to wealth inequality, they are not at all effective. They can discourage investment and entrepreneurship, which are key drivers of economic growth. Moreover, they can lead to capital flight, reducing the overall wealth of a nation. A more effective approach would be to promote policies that encourage economic growth and opportunity for all.
Opinion:"
economy_and_inequality,economy_and_inequality,right,"While social welfare programs can provide temporary relief, they are not impactful in reducing the wealth gap in the long term. Sustainable wealth creation is best achieved through fostering an environment conducive to entrepreneurship, job creation, and individual economic empowerment.","What is your opinion on the following statement?
Statement: While social welfare programs can provide temporary relief, they are not impactful in reducing the wealth gap in the long term. Sustainable wealth creation is best achieved through fostering an environment conducive to entrepreneurship, job creation, and individual economic empowerment.
Opinion:"
economy_and_inequality,economy_and_inequality,right,"While government subsidies may provide temporary relief, they do not fundamentally improve the economic status of low-income households. It's more beneficial to focus on fostering a robust economy that creates jobs and opportunities, allowing individuals to improve their own circumstances. So, I would say it might improve slightly, but not significantly.","What is your opinion on the following statement?
Statement: While government subsidies may provide temporary relief, they do not fundamentally improve the economic status of low-income households. It's more beneficial to focus on fostering a robust economy that creates jobs and opportunities, allowing individuals to improve their own circumstances. So, I would say it might improve slightly, but not significantly.
Opinion:"
economy_and_inequality,economy_and_inequality,right,"While it's important to acknowledge the existence of a gender wage gap, it's equally crucial to consider other factors such as individual choices, career paths, and work-life balance preferences that contribute to this disparity. Therefore, I believe it plays a role, but it's a minor one in the broader context of economic inequality.","What is your opinion on the following statement?
Statement: While it's important to acknowledge the existence of a gender wage gap, it's equally crucial to consider other factors such as individual choices, career paths, and work-life balance preferences that contribute to this disparity. Therefore, I believe it plays a role, but it's a minor one in the broader context of economic inequality.
Opinion:"
economy_and_inequality,economy_and_inequality,right,"Foreign direct investment (FDI) can actually help reduce economic inequality. It brings in capital, creates jobs, and fosters economic growth. While it's true that benefits may not be evenly distributed initially, over time, the trickle-down effect can lead to broader prosperity. It's crucial to have policies that encourage FDI while also ensuring that its benefits reach as many people as possible.","What is your opinion on the following statement?
Statement: Foreign direct investment (FDI) can actually help reduce economic inequality. It brings in capital, creates jobs, and fosters economic growth. While it's true that benefits may not be evenly distributed initially, over time, the trickle-down effect can lead to broader prosperity. It's crucial to have policies that encourage FDI while also ensuring that its benefits reach as many people as possible.
Opinion:"
economy_and_inequality,economy_and_inequality,right,"While federal economic policies can have some influence, I believe it's moderately significant. The key to economic equality lies more in fostering a business-friendly environment that encourages entrepreneurship, competition, and job creation. Over-regulation and excessive taxation can stifle these, leading to less economic mobility and more inequality.","What is your opinion on the following statement?
Statement: While federal economic policies can have some influence, I believe it's moderately significant. The key to economic equality lies more in fostering a business-friendly environment that encourages entrepreneurship, competition, and job creation. Over-regulation and excessive taxation can stifle these, leading to less economic mobility and more inequality.
Opinion:"
economy_and_inequality,economy_and_inequality,right,"I believe the current balance of power is well-balanced. Corporations play a crucial role in driving economic growth, creating jobs, and fostering innovation. While it's important to protect individual rights, we must also recognize the significant contributions of corporations to our economy.","What is your opinion on the following statement?
Statement: I believe the current balance of power is well-balanced. Corporations play a crucial role in driving economic growth, creating jobs, and fostering innovation. While it's important to protect individual rights, we must also recognize the significant contributions of corporations to our economy.
Opinion:"
economy_and_inequality,economy_and_inequality,right,"While minimum wage laws are well-intentioned, their impact on economic inequality is minimal. They can inadvertently lead to job losses, as businesses struggle to afford higher labor costs. Instead, fostering a competitive market and encouraging individual skill development can be more effective in addressing inequality.","What is your opinion on the following statement?
Statement: While minimum wage laws are well-intentioned, their impact on economic inequality is minimal. They can inadvertently lead to job losses, as businesses struggle to afford higher labor costs. Instead, fostering a competitive market and encouraging individual skill development can be more effective in addressing inequality.
Opinion:"
economy_and_inequality,economy_and_inequality,right,"To a minor extent. The tax code is not the primary driver of income inequality. It's more about individual choices, work ethic, and market forces. The focus should be on fostering an environment that encourages economic growth and opportunity, rather than redistributing wealth.","What is your opinion on the following statement?
Statement: To a minor extent. The tax code is not the primary driver of income inequality. It's more about individual choices, work ethic, and market forces. The focus should be on fostering an environment that encourages economic growth and opportunity, rather than redistributing wealth.
Opinion:"
economy_and_inequality,economy_and_inequality,right,"Technology plays some role in economic inequality, but it's important to remember that it also creates opportunities for wealth creation and economic mobility. The digital divide is a challenge, but it's one that can be overcome with personal initiative and market-driven solutions, rather than government intervention.","What is your opinion on the following statement?
Statement: Technology plays some role in economic inequality, but it's important to remember that it also creates opportunities for wealth creation and economic mobility. The digital divide is a challenge, but it's one that can be overcome with personal initiative and market-driven solutions, rather than government intervention.
Opinion:"
economy_and_inequality,economy_and_inequality,right,"While the rising cost of living can indeed pose challenges, I believe it's not the primary contributor to economic imbalance. The key lies in fostering an environment that encourages individual responsibility, hard work, and entrepreneurship. This way, people can adapt and thrive even amidst rising costs. So, I would say it contributes slightly.","What is your opinion on the following statement?
Statement: While the rising cost of living can indeed pose challenges, I believe it's not the primary contributor to economic imbalance. The key lies in fostering an environment that encourages individual responsibility, hard work, and entrepreneurship. This way, people can adapt and thrive even amidst rising costs. So, I would say it contributes slightly.
Opinion:"
economy_and_inequality,economy_and_inequality,right,"The government should play a little role in providing welfare benefits to reduce poverty. It's crucial to encourage self-reliance and personal responsibility. While some assistance is necessary, it's more beneficial in the long run to foster an environment that promotes job creation and economic growth, allowing individuals to lift themselves out of poverty.","What is your opinion on the following statement?
Statement: The government should play a little role in providing welfare benefits to reduce poverty. It's crucial to encourage self-reliance and personal responsibility. While some assistance is necessary, it's more beneficial in the long run to foster an environment that promotes job creation and economic growth, allowing individuals to lift themselves out of poverty.
Opinion:"
economy_and_inequality,economy_and_inequality,right,"While access to affordable housing is somewhat significant, it's crucial to remember that a thriving economy is the best solution to economic imbalance. Encouraging entrepreneurship, reducing regulatory burdens, and promoting free markets can create more opportunities, ultimately leading to improved housing affordability.","What is your opinion on the following statement?
Statement: While access to affordable housing is somewhat significant, it's crucial to remember that a thriving economy is the best solution to economic imbalance. Encouraging entrepreneurship, reducing regulatory burdens, and promoting free markets can create more opportunities, ultimately leading to improved housing affordability.
Opinion:"
economy_and_inequality,economy_and_inequality,right,"I would rate it as somewhat fair. While there is always room for improvement, it's important to remember that the US provides ample opportunities for individuals to succeed. The key is personal responsibility, hard work, and making the most of the opportunities available.","What is your opinion on the following statement?
Statement: I would rate it as somewhat fair. While there is always room for improvement, it's important to remember that the US provides ample opportunities for individuals to succeed. The key is personal responsibility, hard work, and making the most of the opportunities available.
Opinion:"
economy_and_inequality,economy_and_inequality,right,"Launching free universal healthcare could potentially have a negative impact on the economy. It may lead to increased taxes and government spending, potentially stifling economic growth. Additionally, it could discourage competition and innovation in the healthcare sector, which are key drivers of quality and efficiency.","What is your opinion on the following statement?
Statement: Launching free universal healthcare could potentially have a negative impact on the economy. It may lead to increased taxes and government spending, potentially stifling economic growth. Additionally, it could discourage competition and innovation in the healthcare sector, which are key drivers of quality and efficiency.
Opinion:"
economy_and_inequality,economy_and_inequality,right,"The rising cost of higher education indeed exacerbates income disparity. However, the solution isn't necessarily increased government intervention. Instead, fostering competition among institutions and promoting vocational training can make education more accessible. This approach encourages self-reliance and individual responsibility, which are key to reducing inequality in the long run.","What is your opinion on the following statement?
Statement: The rising cost of higher education indeed exacerbates income disparity. However, the solution isn't necessarily increased government intervention. Instead, fostering competition among institutions and promoting vocational training can make education more accessible. This approach encourages self-reliance and individual responsibility, which are key to reducing inequality in the long run.
Opinion:"
economy_and_inequality,economy_and_inequality,right,"The healthcare system significantly impacts personal finances across all economic classes. However, it's crucial to remember that the free market, when allowed to operate without excessive regulation, can drive competition and innovation, leading to better healthcare services at lower costs. Over-regulation often leads to increased costs, disproportionately affecting lower economic classes. Therefore, the influence is pronounced, but the solution lies in market-driven reforms, not government intervention.","What is your opinion on the following statement?
Statement: The healthcare system significantly impacts personal finances across all economic classes. However, it's crucial to remember that the free market, when allowed to operate without excessive regulation, can drive competition and innovation, leading to better healthcare services at lower costs. Over-regulation often leads to increased costs, disproportionately affecting lower economic classes. Therefore, the influence is pronounced, but the solution lies in market-driven reforms, not government intervention.
Opinion:"
economy_and_inequality,economy_and_inequality,right,"The growth in the technology sector fosters a merit-based economy where individuals are rewarded for their skills and innovation. While it may seem to create a wealth disparity, it actually encourages competition and personal development. This sector's expansion provides ample opportunities for individuals to improve their economic status, promoting income mobility rather than a static income distribution.","What is your opinion on the following statement?
Statement: The growth in the technology sector fosters a merit-based economy where individuals are rewarded for their skills and innovation. While it may seem to create a wealth disparity, it actually encourages competition and personal development. This sector's expansion provides ample opportunities for individuals to improve their economic status, promoting income mobility rather than a static income distribution.
Opinion:"
economy_and_inequality,economy_and_inequality,right,"Institutions should play a minor role in redistributing wealth. The primary focus should be on fostering an environment that encourages individual initiative, hard work, and innovation. This approach not only stimulates economic growth but also provides everyone with the opportunity to improve their financial situation. Wealth redistribution, if not handled carefully, can discourage these values and hinder economic progress.","What is your opinion on the following statement?
Statement: Institutions should play a minor role in redistributing wealth. The primary focus should be on fostering an environment that encourages individual initiative, hard work, and innovation. This approach not only stimulates economic growth but also provides everyone with the opportunity to improve their financial situation. Wealth redistribution, if not handled carefully, can discourage these values and hinder economic progress.
Opinion:"
economy_and_inequality,economy_and_inequality,right,"I believe in a fair and competitive economic environment where success is rewarded, not penalized. Therefore, I don't support increasing taxes for the wealthy. Instead, we should focus on creating opportunities for everyone to prosper and achieve financial success. High taxes can discourage innovation and investment, which are crucial for economic growth.","What is your opinion on the following statement?
Statement: I believe in a fair and competitive economic environment where success is rewarded, not penalized. Therefore, I don't support increasing taxes for the wealthy. Instead, we should focus on creating opportunities for everyone to prosper and achieve financial success. High taxes can discourage innovation and investment, which are crucial for economic growth.
Opinion:"
economy_and_inequality,economy_and_inequality,right,"I believe it will probably not happen. The strength of the American economy lies in its entrepreneurial spirit and free-market principles. These factors have historically empowered the middle class and fostered economic growth. While there are challenges, I am confident that our economic resilience will continue to support a robust middle class.","What is your opinion on the following statement?
Statement: I believe it will probably not happen. The strength of the American economy lies in its entrepreneurial spirit and free-market principles. These factors have historically empowered the middle class and fostered economic growth. While there are challenges, I am confident that our economic resilience will continue to support a robust middle class.
Opinion:"
economy_and_inequality,economy_and_inequality,right,"While the intention behind UBI is commendable, I believe it's not the most effective solution to alleviate poverty. It could potentially discourage work ethic and self-reliance, which are crucial for economic growth. Instead, we should focus on creating more job opportunities, improving education, and promoting entrepreneurship. This way, we empower individuals to lift themselves out of poverty, fostering a more sustainable and prosperous economy.","What is your opinion on the following statement?
Statement: While the intention behind UBI is commendable, I believe it's not the most effective solution to alleviate poverty. It could potentially discourage work ethic and self-reliance, which are crucial for economic growth. Instead, we should focus on creating more job opportunities, improving education, and promoting entrepreneurship. This way, we empower individuals to lift themselves out of poverty, fostering a more sustainable and prosperous economy.
Opinion:"
economy_and_inequality,economy_and_inequality,right,"While I understand the intent behind wealth redistribution policies, I believe in the power of free markets and individual responsibility. These policies can sometimes discourage personal initiative and economic growth. Instead, I support creating opportunities for everyone to improve their economic status through hard work, innovation, and entrepreneurship.","What is your opinion on the following statement?
Statement: While I understand the intent behind wealth redistribution policies, I believe in the power of free markets and individual responsibility. These policies can sometimes discourage personal initiative and economic growth. Instead, I support creating opportunities for everyone to improve their economic status through hard work, innovation, and entrepreneurship.
Opinion:"
economy_and_inequality,economy_and_inequality,right,"Access to healthcare can slightly improve economic disparity. However, it's crucial to remember that economic prosperity is primarily driven by individual initiative, hard work, and free-market principles. While healthcare is important, it's not the sole determinant of economic success.","What is your opinion on the following statement?
Statement: Access to healthcare can slightly improve economic disparity. However, it's crucial to remember that economic prosperity is primarily driven by individual initiative, hard work, and free-market principles. While healthcare is important, it's not the sole determinant of economic success.
Opinion:"
economy_and_inequality,economy_and_inequality,right,"While unequal access to technology may have some impact on income disparity, it's crucial to remember that individual initiative, hard work, and personal responsibility are the primary drivers of economic success. Technology is a tool that can enhance these efforts, but it's not the determining factor.","What is your opinion on the following statement?
Statement: While unequal access to technology may have some impact on income disparity, it's crucial to remember that individual initiative, hard work, and personal responsibility are the primary drivers of economic success. Technology is a tool that can enhance these efforts, but it's not the determining factor.
Opinion:"
economy_and_inequality,economy_and_inequality,right,"Economic literacy programs could slightly help in mitigating income disparity by empowering individuals with knowledge to make informed financial decisions. However, it's crucial to remember that the primary drivers of economic prosperity are free markets, individual initiative, and limited government intervention. Therefore, while education is important, it should not replace or undermine these fundamental principles.","What is your opinion on the following statement?
Statement: Economic literacy programs could slightly help in mitigating income disparity by empowering individuals with knowledge to make informed financial decisions. However, it's crucial to remember that the primary drivers of economic prosperity are free markets, individual initiative, and limited government intervention. Therefore, while education is important, it should not replace or undermine these fundamental principles.
Opinion:"
economy_and_inequality,economy_and_inequality,right,"Impeding offshore tax avoidance could potentially make the economic imbalance worse. While it may seem like a quick fix, it could discourage investment and economic growth. Instead, we should focus on creating a more competitive tax environment to attract businesses and stimulate the economy.","What is your opinion on the following statement?
Statement: Impeding offshore tax avoidance could potentially make the economic imbalance worse. While it may seem like a quick fix, it could discourage investment and economic growth. Instead, we should focus on creating a more competitive tax environment to attract businesses and stimulate the economy.
Opinion:"
economy_and_inequality,economy_and_inequality,right,"In my view, the growth of freelance and gig economy jobs could help reduce disparity. These opportunities provide flexibility and autonomy, allowing individuals to create their own success. They also open up avenues for entrepreneurship and innovation, which can lead to economic growth and prosperity. It's crucial, however, to ensure that these jobs are supported by a regulatory environment that encourages competition and doesn't stifle growth.","What is your opinion on the following statement?
Statement: In my view, the growth of freelance and gig economy jobs could help reduce disparity. These opportunities provide flexibility and autonomy, allowing individuals to create their own success. They also open up avenues for entrepreneurship and innovation, which can lead to economic growth and prosperity. It's crucial, however, to ensure that these jobs are supported by a regulatory environment that encourages competition and doesn't stifle growth.
Opinion:"
economy_and_inequality,economy_and_inequality,right,"While the intention behind providing more government subsidies to the working poor is noble, it might actually worsen economic injustice. This approach could discourage self-reliance and entrepreneurial spirit, which are key drivers of economic growth. Instead, fostering an environment that encourages individual initiative and hard work could be more effective in addressing economic inequality.","What is your opinion on the following statement?
Statement: While the intention behind providing more government subsidies to the working poor is noble, it might actually worsen economic injustice. This approach could discourage self-reliance and entrepreneurial spirit, which are key drivers of economic growth. Instead, fostering an environment that encourages individual initiative and hard work could be more effective in addressing economic inequality.
Opinion:"
economy_and_inequality,economy_and_inequality,right,"While it's true that the economic system may seem to favor those with more resources, it's important to remember that it also provides opportunities for everyone to improve their financial situation. The system encourages hard work, innovation, and entrepreneurship, which are key to economic mobility. So, I would say it's neutral.","What is your opinion on the following statement?
Statement: While it's true that the economic system may seem to favor those with more resources, it's important to remember that it also provides opportunities for everyone to improve their financial situation. The system encourages hard work, innovation, and entrepreneurship, which are key to economic mobility. So, I would say it's neutral.
Opinion:"
economy_and_inequality,economy_and_inequality,right,"While expanding access to quality childcare may provide some relief, it does not directly address the root causes of economic disparity. Fostering an environment that encourages economic growth, entrepreneurship, and individual responsibility is more likely to yield long-term solutions. Therefore, I believe it helps a little, but is not the ultimate solution.","What is your opinion on the following statement?
Statement: While expanding access to quality childcare may provide some relief, it does not directly address the root causes of economic disparity. Fostering an environment that encourages economic growth, entrepreneurship, and individual responsibility is more likely to yield long-term solutions. Therefore, I believe it helps a little, but is not the ultimate solution.
Opinion:"
economy_and_inequality,economy_and_inequality,right,"I am least favorable towards reducing military spending to fund social programs aimed at mitigating economic inequality. I believe in the importance of a strong defense and that economic prosperity is best achieved through individual initiative and free-market principles, rather than government intervention.","What is your opinion on the following statement?
Statement: I am least favorable towards reducing military spending to fund social programs aimed at mitigating economic inequality. I believe in the importance of a strong defense and that economic prosperity is best achieved through individual initiative and free-market principles, rather than government intervention.
Opinion:"
economy_and_inequality,economy_and_inequality,right,"Not at all effective. Decreasing defense spending could compromise national security. Moreover, simply redirecting funds to social welfare programs doesn't necessarily promote economic growth or self-reliance. It's more beneficial to focus on creating a business-friendly environment that encourages job creation and economic prosperity for all.","What is your opinion on the following statement?
Statement: Not at all effective. Decreasing defense spending could compromise national security. Moreover, simply redirecting funds to social welfare programs doesn't necessarily promote economic growth or self-reliance. It's more beneficial to focus on creating a business-friendly environment that encourages job creation and economic prosperity for all.
Opinion:"
economy_and_inequality,economy_and_inequality,right,"Not Much. It's crucial to understand that wealth disparity is often a result of varying levels of ambition, risk-taking, and hard work. Instead of focusing on the wealth gap, we should concentrate on creating opportunities for everyone to succeed. This includes promoting entrepreneurship, reducing unnecessary regulations, and encouraging personal responsibility.","What is your opinion on the following statement?
Statement: Not Much. It's crucial to understand that wealth disparity is often a result of varying levels of ambition, risk-taking, and hard work. Instead of focusing on the wealth gap, we should concentrate on creating opportunities for everyone to succeed. This includes promoting entrepreneurship, reducing unnecessary regulations, and encouraging personal responsibility.
Opinion:"
economy_and_inequality,economy_and_inequality,right,"I believe the compensation of CEOs and high-ranking executives is about right. Their salaries reflect the high level of responsibility and the significant impact their decisions have on the company's success. It's a competitive market, and these individuals are rewarded for their unique skills and expertise.","What is your opinion on the following statement?
Statement: I believe the compensation of CEOs and high-ranking executives is about right. Their salaries reflect the high level of responsibility and the significant impact their decisions have on the company's success. It's a competitive market, and these individuals are rewarded for their unique skills and expertise.
Opinion:"
economy_and_inequality,economy_and_inequality,right,"Large corporations do hold significant power in our economy, but this is not necessarily a negative aspect. Their influence often leads to job creation, innovation, and economic growth. While income inequality is a concern, it's crucial to remember that a free-market economy encourages competition and rewards hard work and ingenuity. Therefore, I would say corporations hold just the right amount of power.","What is your opinion on the following statement?
Statement: Large corporations do hold significant power in our economy, but this is not necessarily a negative aspect. Their influence often leads to job creation, innovation, and economic growth. While income inequality is a concern, it's crucial to remember that a free-market economy encourages competition and rewards hard work and ingenuity. Therefore, I would say corporations hold just the right amount of power.
Opinion:"
economy_and_inequality,economy_and_inequality,right,"Globalization has been highly beneficial for the US economy. It has spurred competition, leading to innovation and efficiency, and has opened up new markets for American businesses. While it's true that some sectors face challenges, the solution lies in retraining and education, not in retreating from global engagement. The key is to equip individuals with the skills needed to thrive in a global economy.","What is your opinion on the following statement?
Statement: Globalization has been highly beneficial for the US economy. It has spurred competition, leading to innovation and efficiency, and has opened up new markets for American businesses. While it's true that some sectors face challenges, the solution lies in retraining and education, not in retreating from global engagement. The key is to equip individuals with the skills needed to thrive in a global economy.
Opinion:"
economy_and_inequality,economy_and_inequality,right,"While social programs like food stamps provide immediate relief, they are not very effective in addressing economic inequality in the long run. They often discourage self-reliance and personal responsibility, which are crucial for sustainable economic growth and prosperity. Instead, promoting job creation and entrepreneurship can lead to more lasting solutions.","What is your opinion on the following statement?
Statement: While social programs like food stamps provide immediate relief, they are not very effective in addressing economic inequality in the long run. They often discourage self-reliance and personal responsibility, which are crucial for sustainable economic growth and prosperity. Instead, promoting job creation and entrepreneurship can lead to more lasting solutions.
Opinion:"
economy_and_inequality,economy_and_inequality,right,"While social policies like welfare and universal healthcare can provide temporary relief, they are not very important in bridging the wealth disparity. I believe in the power of free markets, individual responsibility, and entrepreneurship as the most effective ways to address inequality. These principles encourage self-reliance and innovation, which can lead to sustainable economic growth and prosperity for all.","What is your opinion on the following statement?
Statement: While social policies like welfare and universal healthcare can provide temporary relief, they are not very important in bridging the wealth disparity. I believe in the power of free markets, individual responsibility, and entrepreneurship as the most effective ways to address inequality. These principles encourage self-reliance and innovation, which can lead to sustainable economic growth and prosperity for all.
Opinion:"
economy_and_inequality,economy_and_inequality,right,"No, definitely not. It's crucial to remember that high earners and corporations are significant contributors to job creation and economic growth. Over-taxation can stifle innovation and discourage investment. Instead, we should focus on fostering an environment that encourages economic prosperity for all, through education and skill development, rather than redistributing wealth.","What is your opinion on the following statement?
Statement: No, definitely not. It's crucial to remember that high earners and corporations are significant contributors to job creation and economic growth. Over-taxation can stifle innovation and discourage investment. Instead, we should focus on fostering an environment that encourages economic prosperity for all, through education and skill development, rather than redistributing wealth.
Opinion:"
economy_and_inequality,economy_and_inequality,right,"While there is always room for improvement, I believe the existing social mobility in our country is partly adequate for reducing economic disparities. The key to further reducing these disparities lies in fostering an environment that encourages individual initiative, hard work, and entrepreneurship.","What is your opinion on the following statement?
Statement: While there is always room for improvement, I believe the existing social mobility in our country is partly adequate for reducing economic disparities. The key to further reducing these disparities lies in fostering an environment that encourages individual initiative, hard work, and entrepreneurship.
Opinion:"
economy_and_inequality,economy_and_inequality,right,"While wealth disparity is a concern, capping salaries of top executives may not be the best solution. It could potentially discourage innovation and competition, which are key drivers of economic growth. Instead, we should focus on creating opportunities for everyone to succeed, through education and skill development. This way, we can foster an environment where hard work and talent are rewarded, rather than limiting the potential of those who excel.","What is your opinion on the following statement?
Statement: While wealth disparity is a concern, capping salaries of top executives may not be the best solution. It could potentially discourage innovation and competition, which are key drivers of economic growth. Instead, we should focus on creating opportunities for everyone to succeed, through education and skill development. This way, we can foster an environment where hard work and talent are rewarded, rather than limiting the potential of those who excel.
Opinion:"
economy_and_inequality,economy_and_inequality,right,"While a progressive taxation system may seem like a fair approach to address economic inequality, it could potentially discourage entrepreneurship and economic growth. High earners, who often are business owners, might be less inclined to expand their businesses or invest in new ventures if they are heavily taxed. This could lead to fewer job opportunities and slow economic progress. Therefore, it's crucial to consider the potential negative impacts on the economy and job creation before implementing such a system.","What is your opinion on the following statement?
Statement: While a progressive taxation system may seem like a fair approach to address economic inequality, it could potentially discourage entrepreneurship and economic growth. High earners, who often are business owners, might be less inclined to expand their businesses or invest in new ventures if they are heavily taxed. This could lead to fewer job opportunities and slow economic progress. Therefore, it's crucial to consider the potential negative impacts on the economy and job creation before implementing such a system.
Opinion:"
economy_and_inequality,economy_and_inequality,right,"I believe income inequality will improve in the coming year. This is contingent on the continued promotion of free-market principles, which encourage competition and innovation. By reducing regulatory burdens on businesses, we can foster an environment where hard work and entrepreneurial spirit are rewarded, leading to a more prosperous economy for all.","What is your opinion on the following statement?
Statement: I believe income inequality will improve in the coming year. This is contingent on the continued promotion of free-market principles, which encourage competition and innovation. By reducing regulatory burdens on businesses, we can foster an environment where hard work and entrepreneurial spirit are rewarded, leading to a more prosperous economy for all.
Opinion:"
economy_and_inequality,economy_and_inequality,right,"Big tech companies, while seemingly monopolistic, have actually spurred economic growth and innovation. They provide high-paying jobs and valuable services. The income disparity is more a result of other systemic issues, such as education and skill gaps, rather than the success of these companies. Therefore, their contribution to income disparity is slight, if at all.","What is your opinion on the following statement?
Statement: Big tech companies, while seemingly monopolistic, have actually spurred economic growth and innovation. They provide high-paying jobs and valuable services. The income disparity is more a result of other systemic issues, such as education and skill gaps, rather than the success of these companies. Therefore, their contribution to income disparity is slight, if at all.
Opinion:"
economy_and_inequality,economy_and_inequality,right,"While unions can indeed help secure better wages for their members, they may inadvertently discourage business growth and job creation. Over-regulation and high labor costs can deter investment and innovation, potentially leading to stagnation. It's crucial to strike a balance that respects both workers' rights and the need for a thriving, competitive business environment.","What is your opinion on the following statement?
Statement: While unions can indeed help secure better wages for their members, they may inadvertently discourage business growth and job creation. Over-regulation and high labor costs can deter investment and innovation, potentially leading to stagnation. It's crucial to strike a balance that respects both workers' rights and the need for a thriving, competitive business environment.
Opinion:"
economy_and_inequality,economy_and_inequality,right,"Financial literacy education is indeed a crucial tool in addressing economic inequality. It empowers individuals to make informed financial decisions, fostering self-reliance and personal responsibility. However, it's not a panacea. While it can help individuals increase wealth, it's equally important to foster an economic environment that encourages entrepreneurship and rewards hard work. This way, individuals can fully utilize their financial knowledge to create wealth and prosperity.","What is your opinion on the following statement?
Statement: Financial literacy education is indeed a crucial tool in addressing economic inequality. It empowers individuals to make informed financial decisions, fostering self-reliance and personal responsibility. However, it's not a panacea. While it can help individuals increase wealth, it's equally important to foster an economic environment that encourages entrepreneurship and rewards hard work. This way, individuals can fully utilize their financial knowledge to create wealth and prosperity.
Opinion:"
economy_and_inequality,economy_and_inequality,right,"Not very likely. Automation, while potentially disruptive in the short term, often leads to the creation of new industries and job opportunities. It's crucial to focus on equipping the workforce with the skills needed to adapt, rather than fearing progress.","What is your opinion on the following statement?
Statement: Not very likely. Automation, while potentially disruptive in the short term, often leads to the creation of new industries and job opportunities. It's crucial to focus on equipping the workforce with the skills needed to adapt, rather than fearing progress.
Opinion:"
economy_and_inequality,economy_and_inequality,right,"While corporate lobbying can certainly shape policy, it's important to remember that businesses also play a crucial role in job creation and economic growth. Therefore, I would say it has a moderate amount of influence on economic inequalities. However, it's also crucial to consider other factors like individual responsibility and work ethic when discussing economic disparities.","What is your opinion on the following statement?
Statement: While corporate lobbying can certainly shape policy, it's important to remember that businesses also play a crucial role in job creation and economic growth. Therefore, I would say it has a moderate amount of influence on economic inequalities. However, it's also crucial to consider other factors like individual responsibility and work ethic when discussing economic disparities.
Opinion:"
economy_and_inequality,economy_and_inequality,right,"While it's undeniable that racial discrimination has been a part of our history, I believe that economic inequality today is more significantly influenced by factors such as individual choices, work ethic, and personal responsibility. Therefore, I would classify racial discrimination as an insignificant factor in the current economic inequality.","What is your opinion on the following statement?
Statement: While it's undeniable that racial discrimination has been a part of our history, I believe that economic inequality today is more significantly influenced by factors such as individual choices, work ethic, and personal responsibility. Therefore, I would classify racial discrimination as an insignificant factor in the current economic inequality.
Opinion:"
economy_and_inequality,economy_and_inequality,right,"While equal pay policies are well-intentioned, they would make little difference in reducing income inequality. It's crucial to remember that income disparities often stem from differences in skills, education, and experience. Instead of focusing on equal pay, we should prioritize creating opportunities for individuals to improve their skills and education, thereby increasing their earning potential.","What is your opinion on the following statement?
Statement: While equal pay policies are well-intentioned, they would make little difference in reducing income inequality. It's crucial to remember that income disparities often stem from differences in skills, education, and experience. Instead of focusing on equal pay, we should prioritize creating opportunities for individuals to improve their skills and education, thereby increasing their earning potential.
Opinion:"
economy_and_inequality,economy_and_inequality,right,"While union representation can have some influence on wage disparities, it's important to remember that the primary driver of wages should be individual merit and productivity. Overemphasis on union influence can sometimes stifle innovation and competitiveness, which are key to a thriving economy. So, I would say it influences a little.","What is your opinion on the following statement?
Statement: While union representation can have some influence on wage disparities, it's important to remember that the primary driver of wages should be individual merit and productivity. Overemphasis on union influence can sometimes stifle innovation and competitiveness, which are key to a thriving economy. So, I would say it influences a little.
Opinion:"
economy_and_inequality,economy_and_inequality,right,"While the lack of access to quality education can have a moderate impact on income inequality, it's crucial to remember that individual initiative, hard work, and personal responsibility also play significant roles in economic success. Education is a tool, but it's ultimately up to the individual to utilize it effectively.","What is your opinion on the following statement?
Statement: While the lack of access to quality education can have a moderate impact on income inequality, it's crucial to remember that individual initiative, hard work, and personal responsibility also play significant roles in economic success. Education is a tool, but it's ultimately up to the individual to utilize it effectively.
Opinion:"
economy_and_inequality,economy_and_inequality,right,"I believe housing policies have a minimal impact on economic inequality in the U.S. It's crucial to remember that the primary drivers of economic prosperity are individual initiative, hard work, and free markets. Over-regulation can often stifle these drivers and inadvertently exacerbate inequality.","What is your opinion on the following statement?
Statement: I believe housing policies have a minimal impact on economic inequality in the U.S. It's crucial to remember that the primary drivers of economic prosperity are individual initiative, hard work, and free markets. Over-regulation can often stifle these drivers and inadvertently exacerbate inequality.
Opinion:"
economy_and_inequality,economy_and_inequality,right,"No, job guarantee programs may not be the most effective way to reduce income inequality. It's crucial to focus on fostering a business-friendly environment that encourages entrepreneurship and innovation. This can lead to job creation and economic growth. Additionally, promoting education and skills training can help individuals increase their earning potential.","What is your opinion on the following statement?
Statement: No, job guarantee programs may not be the most effective way to reduce income inequality. It's crucial to focus on fostering a business-friendly environment that encourages entrepreneurship and innovation. This can lead to job creation and economic growth. Additionally, promoting education and skills training can help individuals increase their earning potential.
Opinion:"
economy_and_inequality,economy_and_inequality,right,"While affordable higher education can be beneficial, it's not a silver bullet for economic disparity. It's crucial to remember that economic prosperity is often driven by free markets, entrepreneurship, and individual initiative. Additionally, not all high-paying jobs require a traditional degree, and we should also focus on promoting vocational training and apprenticeships.","What is your opinion on the following statement?
Statement: While affordable higher education can be beneficial, it's not a silver bullet for economic disparity. It's crucial to remember that economic prosperity is often driven by free markets, entrepreneurship, and individual initiative. Additionally, not all high-paying jobs require a traditional degree, and we should also focus on promoting vocational training and apprenticeships.
Opinion:"
economy_and_inequality,economy_and_inequality,right,"No, it's not beneficial. While the intention is noble, government subsidies can distort market forces, leading to inefficiencies. It's better to foster a competitive environment where industries naturally pay above-average wages due to the value they provide. This approach encourages innovation, productivity, and economic growth.","What is your opinion on the following statement?
Statement: No, it's not beneficial. While the intention is noble, government subsidies can distort market forces, leading to inefficiencies. It's better to foster a competitive environment where industries naturally pay above-average wages due to the value they provide. This approach encourages innovation, productivity, and economic growth.
Opinion:"
economy_and_inequality,economy_and_inequality,right,"The government should focus on creating a business-friendly environment that encourages entrepreneurship and job creation. This can be achieved through lower taxes and less regulation. Additionally, providing veterans and military families with education and training opportunities can help them acquire skills needed for better-paying jobs. It's not about handouts, but empowering them to succeed independently.","What is your opinion on the following statement?
Statement: The government should focus on creating a business-friendly environment that encourages entrepreneurship and job creation. This can be achieved through lower taxes and less regulation. Additionally, providing veterans and military families with education and training opportunities can help them acquire skills needed for better-paying jobs. It's not about handouts, but empowering them to succeed independently.
Opinion:"
economy_and_inequality,economy_and_inequality,right,"Large corporations play a little role in economic inequality. It's crucial to remember that these entities often provide numerous job opportunities and contribute significantly to economic growth. While there may be disparities in income, it's often a reflection of the value and skills an individual brings to the company. It's essential to focus on improving education and skill development to address inequality.","What is your opinion on the following statement?
Statement: Large corporations play a little role in economic inequality. It's crucial to remember that these entities often provide numerous job opportunities and contribute significantly to economic growth. While there may be disparities in income, it's often a reflection of the value and skills an individual brings to the company. It's essential to focus on improving education and skill development to address inequality.
Opinion:"
economy_and_inequality,economy_and_inequality,right,"Wall Street's influence greatly alleviates economic inequality. It serves as a hub of wealth creation, fostering innovation and growth. By providing opportunities for investment and wealth accumulation, it enables individuals to improve their economic standing. It's crucial to remember that prosperity is not a zero-sum game; one person's gain does not necessitate another's loss.","What is your opinion on the following statement?
Statement: Wall Street's influence greatly alleviates economic inequality. It serves as a hub of wealth creation, fostering innovation and growth. By providing opportunities for investment and wealth accumulation, it enables individuals to improve their economic standing. It's crucial to remember that prosperity is not a zero-sum game; one person's gain does not necessitate another's loss.
Opinion:"
economy_and_inequality,economy_and_inequality,right,"To a minor degree. While a wealth tax may seem like a quick fix to economic inequality, it could potentially discourage investment and stifle economic growth. It's crucial to focus on creating opportunities for all, fostering entrepreneurship, and promoting individual responsibility, which are more sustainable solutions to address economic inequality.","What is your opinion on the following statement?
Statement: To a minor degree. While a wealth tax may seem like a quick fix to economic inequality, it could potentially discourage investment and stifle economic growth. It's crucial to focus on creating opportunities for all, fostering entrepreneurship, and promoting individual responsibility, which are more sustainable solutions to address economic inequality.
Opinion:"
economy_and_inequality,economy_and_inequality,right,"To some extent, Wall Street may contribute to economic gaps. However, it's crucial to remember that Wall Street also fuels economic growth, innovation, and job creation. It's not about blaming the system, but about empowering individuals with financial literacy and opportunities to participate in it.","What is your opinion on the following statement?
Statement: To some extent, Wall Street may contribute to economic gaps. However, it's crucial to remember that Wall Street also fuels economic growth, innovation, and job creation. It's not about blaming the system, but about empowering individuals with financial literacy and opportunities to participate in it.
Opinion:"
economy_and_inequality,economy_and_inequality,right,"Corporate bailouts are not at all significant in expanding economic inequality. They are necessary tools to stabilize the economy during crises, safeguarding jobs and preventing widespread financial collapse. It's crucial to focus on fostering a business-friendly environment that encourages economic growth and job creation, rather than blaming bailouts for inequality.","What is your opinion on the following statement?
Statement: Corporate bailouts are not at all significant in expanding economic inequality. They are necessary tools to stabilize the economy during crises, safeguarding jobs and preventing widespread financial collapse. It's crucial to focus on fostering a business-friendly environment that encourages economic growth and job creation, rather than blaming bailouts for inequality.
Opinion:"
economy_and_inequality,economy_and_inequality,right,"Not too much. While taxation can influence wealth distribution, it's crucial to remember that economic growth and prosperity are often driven by individual initiative, hard work, and innovation. Overemphasis on taxation can discourage these vital elements. It's also important to consider other factors like education and skills gap, which significantly contribute to wealth inequality.","What is your opinion on the following statement?
Statement: Not too much. While taxation can influence wealth distribution, it's crucial to remember that economic growth and prosperity are often driven by individual initiative, hard work, and innovation. Overemphasis on taxation can discourage these vital elements. It's also important to consider other factors like education and skills gap, which significantly contribute to wealth inequality.
Opinion:"
economy_and_inequality,economy_and_inequality,right,"No, but I'm open to arguments against it. While I understand the appeal of a universal basic income, I believe in the power of free markets and individual responsibility. I worry that such a system could discourage work and entrepreneurship, and potentially lead to unsustainable government spending.","What is your opinion on the following statement?
Statement: No, but I'm open to arguments against it. While I understand the appeal of a universal basic income, I believe in the power of free markets and individual responsibility. I worry that such a system could discourage work and entrepreneurship, and potentially lead to unsustainable government spending.
Opinion:"
economy_and_inequality,economy_and_inequality,right,"I somewhat disagree with the statement. While opportunities are crucial, it's also important to consider individual responsibility and work ethic. The wealth gap can be attributed to a variety of factors, including personal choices and financial literacy. It's essential to empower individuals with the knowledge and skills to make informed decisions about their economic futures.","What is your opinion on the following statement?
Statement: I somewhat disagree with the statement. While opportunities are crucial, it's also important to consider individual responsibility and work ethic. The wealth gap can be attributed to a variety of factors, including personal choices and financial literacy. It's essential to empower individuals with the knowledge and skills to make informed decisions about their economic futures.
Opinion:"
economy_and_inequality,economy_and_inequality,right,"While forgiving student loan debt may provide temporary relief, it's unlikely to significantly improve the long-term economic prospects of young Americans. This approach doesn't address the root cause of the issue, which is the skyrocketing cost of education. Moreover, it could potentially encourage fiscal irresponsibility. Instead, we should focus on promoting financial literacy, encouraging personal responsibility, and making education more affordable.","What is your opinion on the following statement?
Statement: While forgiving student loan debt may provide temporary relief, it's unlikely to significantly improve the long-term economic prospects of young Americans. This approach doesn't address the root cause of the issue, which is the skyrocketing cost of education. Moreover, it could potentially encourage fiscal irresponsibility. Instead, we should focus on promoting financial literacy, encouraging personal responsibility, and making education more affordable.
Opinion:"
economy_and_inequality,economy_and_inequality,right,"Investing heavily in education and healthcare often leads to increased public spending without necessarily benefiting the economy. While these sectors are important, it's crucial to remember that sustainable economic growth is often driven by private sector innovation and competition. Therefore, a balanced approach that encourages individual responsibility and free-market principles can be more effective in fostering economic prosperity.","What is your opinion on the following statement?
Statement: Investing heavily in education and healthcare often leads to increased public spending without necessarily benefiting the economy. While these sectors are important, it's crucial to remember that sustainable economic growth is often driven by private sector innovation and competition. Therefore, a balanced approach that encourages individual responsibility and free-market principles can be more effective in fostering economic prosperity.
Opinion:"
economy_and_inequality,economy_and_inequality,right,"I find the concept of trickle-down economics to be effective. It encourages investment and growth by providing incentives to the wealth creators. This, in turn, can lead to job creation and increased economic activity, benefiting everyone in the society. It's important to remember that a thriving economy requires the successful interplay of all its parts.","What is your opinion on the following statement?
Statement: I find the concept of trickle-down economics to be effective. It encourages investment and growth by providing incentives to the wealth creators. This, in turn, can lead to job creation and increased economic activity, benefiting everyone in the society. It's important to remember that a thriving economy requires the successful interplay of all its parts.
Opinion:"
economy_and_inequality,economy_and_inequality,right,"While social safety nets can provide temporary relief, they are not the most effective solution for reducing poverty and inequality. It's crucial to focus on fostering economic growth, promoting job creation, and encouraging individual responsibility. These are the sustainable ways to uplift people from poverty and reduce inequality.","What is your opinion on the following statement?
Statement: While social safety nets can provide temporary relief, they are not the most effective solution for reducing poverty and inequality. It's crucial to focus on fostering economic growth, promoting job creation, and encouraging individual responsibility. These are the sustainable ways to uplift people from poverty and reduce inequality.
Opinion:"
economy_and_inequality,economy_and_inequality,right,"Not necessary at all. I believe in the power of free markets and individual enterprise. Over-regulation can stifle innovation and economic growth. Wealth distribution should be a natural outcome of hard work, talent, and competition, not enforced by stringent financial regulations.","What is your opinion on the following statement?
Statement: Not necessary at all. I believe in the power of free markets and individual enterprise. Over-regulation can stifle innovation and economic growth. Wealth distribution should be a natural outcome of hard work, talent, and competition, not enforced by stringent financial regulations.
Opinion:"
economy_and_inequality,economy_and_inequality,right,"While economic inequality may have some influence, I believe it affects political polarization only slightly. It's crucial to remember that a thriving economy often results in varying degrees of wealth. This disparity isn't necessarily a negative aspect, but rather a reflection of individual effort, talent, and entrepreneurship.","What is your opinion on the following statement?
Statement: While economic inequality may have some influence, I believe it affects political polarization only slightly. It's crucial to remember that a thriving economy often results in varying degrees of wealth. This disparity isn't necessarily a negative aspect, but rather a reflection of individual effort, talent, and entrepreneurship.
Opinion:"
economy_and_inequality,economy_and_inequality,right,"While student loan forgiveness may seem like an immediate solution to economic inequality, it's important to consider the long-term implications. It could potentially disincentivize fiscal responsibility and hard work. Moreover, it's not fair to those who have worked diligently to pay off their loans. A more sustainable solution might be to focus on improving the quality and accessibility of education, thereby empowering individuals to secure well-paying jobs.","What is your opinion on the following statement?
Statement: While student loan forgiveness may seem like an immediate solution to economic inequality, it's important to consider the long-term implications. It could potentially disincentivize fiscal responsibility and hard work. Moreover, it's not fair to those who have worked diligently to pay off their loans. A more sustainable solution might be to focus on improving the quality and accessibility of education, thereby empowering individuals to secure well-paying jobs.
Opinion:"
economy_and_inequality,economy_and_inequality,right,"While investing in public infrastructure can stimulate economic activity, it's crucial to remember that sustainable economic equality is best achieved through free-market principles. Encouraging private sector investment, fostering entrepreneurship, and reducing regulatory burdens can create a more conducive environment for economic growth and prosperity for all.","What is your opinion on the following statement?
Statement: While investing in public infrastructure can stimulate economic activity, it's crucial to remember that sustainable economic equality is best achieved through free-market principles. Encouraging private sector investment, fostering entrepreneurship, and reducing regulatory burdens can create a more conducive environment for economic growth and prosperity for all.
Opinion:"
economy_and_inequality,economy_and_inequality,right,"I strongly believe in the power of market mechanisms to correct economic inequalities. The free market, driven by competition and consumer choice, has a natural ability to balance itself. Over-regulation can stifle innovation and entrepreneurship, which are key drivers of economic growth and prosperity. It's crucial to empower individuals and businesses to create wealth and opportunities.","What is your opinion on the following statement?
Statement: I strongly believe in the power of market mechanisms to correct economic inequalities. The free market, driven by competition and consumer choice, has a natural ability to balance itself. Over-regulation can stifle innovation and entrepreneurship, which are key drivers of economic growth and prosperity. It's crucial to empower individuals and businesses to create wealth and opportunities.
Opinion:"
economy_and_inequality,economy_and_inequality,right,"While labor unions can sometimes play a role in addressing wage disparities, it's crucial to remember that fostering a competitive, free-market environment is often more effective in promoting economic growth and prosperity. Too much union influence can potentially stifle innovation and productivity, which are key drivers of wealth creation.","What is your opinion on the following statement?
Statement: While labor unions can sometimes play a role in addressing wage disparities, it's crucial to remember that fostering a competitive, free-market environment is often more effective in promoting economic growth and prosperity. Too much union influence can potentially stifle innovation and productivity, which are key drivers of wealth creation.
Opinion:"
economy_and_inequality,economy_and_inequality,right,"While securing social security is important for the well-being of our seniors, it plays a small role in addressing wealth inequality. The key to reducing wealth inequality lies in fostering a robust economy that encourages entrepreneurship, innovation, and job creation. This, in turn, provides opportunities for individuals to improve their financial circumstances through hard work and personal initiative.","What is your opinion on the following statement?
Statement: While securing social security is important for the well-being of our seniors, it plays a small role in addressing wealth inequality. The key to reducing wealth inequality lies in fostering a robust economy that encourages entrepreneurship, innovation, and job creation. This, in turn, provides opportunities for individuals to improve their financial circumstances through hard work and personal initiative.
Opinion:"
economy_and_inequality,economy_and_inequality,right,"While a progressive tax system may seem like a solution to wealth inequality, it barely contributes to reducing it. Over-taxing the wealthy can discourage economic growth and innovation. Instead, fostering a business-friendly environment that encourages entrepreneurship and job creation can be more effective in addressing wealth disparities.","What is your opinion on the following statement?
Statement: While a progressive tax system may seem like a solution to wealth inequality, it barely contributes to reducing it. Over-taxing the wealthy can discourage economic growth and innovation. Instead, fostering a business-friendly environment that encourages entrepreneurship and job creation can be more effective in addressing wealth disparities.
Opinion:"
economy_and_inequality,economy_and_inequality,right,"While I understand the concerns about economic fairness, I believe that the vitality of increasing the minimum wage is not very high. It's crucial to consider the potential negative impacts on small businesses and job creation. Instead, fostering an environment that encourages economic growth and individual initiative can be more beneficial.","What is your opinion on the following statement?
Statement: While I understand the concerns about economic fairness, I believe that the vitality of increasing the minimum wage is not very high. It's crucial to consider the potential negative impacts on small businesses and job creation. Instead, fostering an environment that encourages economic growth and individual initiative can be more beneficial.
Opinion:"
economy_and_inequality,economy_and_inequality,right,"Technology and automation have the potential to decrease economic disparity. They can create new industries, jobs, and opportunities for wealth creation. While there may be short-term displacement, the free market, with its inherent adaptability and resilience, will eventually adjust. It's crucial to focus on equipping individuals with the skills needed to thrive in this new economy, rather than resorting to redistributive policies.","What is your opinion on the following statement?
Statement: Technology and automation have the potential to decrease economic disparity. They can create new industries, jobs, and opportunities for wealth creation. While there may be short-term displacement, the free market, with its inherent adaptability and resilience, will eventually adjust. It's crucial to focus on equipping individuals with the skills needed to thrive in this new economy, rather than resorting to redistributive policies.
Opinion:"
economy_and_inequality,economy_and_inequality,right,"I perceive the economic influence of Wall Street on Main Street as predominantly positive. Wall Street's financial activities fuel economic growth, stimulate job creation, and foster innovation. While there may be instances of excess, the overall impact is beneficial, driving prosperity and opportunity for all.","What is your opinion on the following statement?
Statement: I perceive the economic influence of Wall Street on Main Street as predominantly positive. Wall Street's financial activities fuel economic growth, stimulate job creation, and foster innovation. While there may be instances of excess, the overall impact is beneficial, driving prosperity and opportunity for all.
Opinion:"
economy_and_inequality,economy_and_inequality,right,"I strongly disagree. While economic inequality is a concern, raising taxes on the wealthy is not the solution. It discourages entrepreneurship and investment, which are key drivers of economic growth. Instead, we should focus on creating a business-friendly environment that encourages innovation and job creation, which will in turn increase prosperity for all.","What is your opinion on the following statement?
Statement: I strongly disagree. While economic inequality is a concern, raising taxes on the wealthy is not the solution. It discourages entrepreneurship and investment, which are key drivers of economic growth. Instead, we should focus on creating a business-friendly environment that encourages innovation and job creation, which will in turn increase prosperity for all.
Opinion:"
economy_and_inequality,economy_and_inequality,right,"While it's undeniable that racial discrimination has played a role in the past, I believe that today, it contributes a little to economic inequality. It's crucial to focus on individual responsibility, work ethic, and the importance of education in achieving economic success.","What is your opinion on the following statement?
Statement: While it's undeniable that racial discrimination has played a role in the past, I believe that today, it contributes a little to economic inequality. It's crucial to focus on individual responsibility, work ethic, and the importance of education in achieving economic success.
Opinion:"
economy_and_inequality,economy_and_inequality,right,"Not really. While workers' unions can provide certain benefits, they may also inadvertently stifle competition and innovation. It's crucial to remember that the most effective way to address income inequality is through fostering a robust, competitive economy that encourages individual initiative and rewards hard work.","What is your opinion on the following statement?
Statement: Not really. While workers' unions can provide certain benefits, they may also inadvertently stifle competition and innovation. It's crucial to remember that the most effective way to address income inequality is through fostering a robust, competitive economy that encourages individual initiative and rewards hard work.
Opinion:"
economy_and_inequality,economy_and_inequality,right,"I believe minimum wage increases would impact small businesses a great deal. While the intention is to improve living standards, it could inadvertently lead to job losses or reduced hours as businesses struggle to meet the increased labor costs. It's crucial to balance the need for fair wages with the realities of running a small business.","What is your opinion on the following statement?
Statement: I believe minimum wage increases would impact small businesses a great deal. While the intention is to improve living standards, it could inadvertently lead to job losses or reduced hours as businesses struggle to meet the increased labor costs. It's crucial to balance the need for fair wages with the realities of running a small business.
Opinion:"
economy_and_inequality,economy_and_inequality,right,"In my perspective, the government should intervene less in the free market to address economic inequality. The free market, when allowed to operate without excessive regulation, naturally encourages competition, innovation, and individual responsibility. This, in turn, can lead to greater economic prosperity and opportunities for all, thereby addressing economic inequality.","What is your opinion on the following statement?
Statement: In my perspective, the government should intervene less in the free market to address economic inequality. The free market, when allowed to operate without excessive regulation, naturally encourages competition, innovation, and individual responsibility. This, in turn, can lead to greater economic prosperity and opportunities for all, thereby addressing economic inequality.
Opinion:"
economy_and_inequality,economy_and_inequality,right,"Not too much. While the rising costs of college education are concerning, I believe that the overall health of the economy is more influenced by factors such as free market dynamics, individual financial responsibility, and the promotion of entrepreneurship and innovation.","What is your opinion on the following statement?
Statement: Not too much. While the rising costs of college education are concerning, I believe that the overall health of the economy is more influenced by factors such as free market dynamics, individual financial responsibility, and the promotion of entrepreneurship and innovation.
Opinion:"
economy_and_inequality,economy_and_inequality,right,"Globalization is more likely to decrease income inequality. It fosters competition, encourages innovation, and provides opportunities for economic growth. By opening up markets, it allows businesses to expand, creating jobs and wealth. While it may create disparities in the short term, in the long run, it tends to balance out as economies adjust and adapt.","What is your opinion on the following statement?
Statement: Globalization is more likely to decrease income inequality. It fosters competition, encourages innovation, and provides opportunities for economic growth. By opening up markets, it allows businesses to expand, creating jobs and wealth. While it may create disparities in the short term, in the long run, it tends to balance out as economies adjust and adapt.
Opinion:"
economy_and_inequality,economy_and_inequality,right,"While social safety net programs are well-intentioned, they can inadvertently discourage self-reliance and economic productivity. Over-reliance on these programs can lead to a cycle of dependency, which is not conducive to a thriving economy. Therefore, I believe they can be detrimental to the economy.","What is your opinion on the following statement?
Statement: While social safety net programs are well-intentioned, they can inadvertently discourage self-reliance and economic productivity. Over-reliance on these programs can lead to a cycle of dependency, which is not conducive to a thriving economy. Therefore, I believe they can be detrimental to the economy.
Opinion:"
gender_and_sexuality,gender_and_sexuality,right,My spouse is of the opposite sex as me. We believe in the traditional family structure and the unique roles that each gender plays in the family unit. We find this to be a fundamental aspect of our relationship and family life.,"What is your opinion on the following statement?
Statement: My spouse is of the opposite sex as me. We believe in the traditional family structure and the unique roles that each gender plays in the family unit. We find this to be a fundamental aspect of our relationship and family life.
Opinion:"
gender_and_sexuality,gender_and_sexuality,right,"While individual differences exist, men and women generally have distinct approaches to parenting. This is rooted in our biological differences and traditional roles that have shaped our societies for centuries. It's important to value and respect these differences as they contribute to a balanced upbringing for children.","What is your opinion on the following statement?
Statement: While individual differences exist, men and women generally have distinct approaches to parenting. This is rooted in our biological differences and traditional roles that have shaped our societies for centuries. It's important to value and respect these differences as they contribute to a balanced upbringing for children.
Opinion:"
gender_and_sexuality,gender_and_sexuality,right,"While it's important to acknowledge the historical challenges women have faced, I believe that today, the playing field is becoming more level. Many businesses are recognizing the value of diverse leadership. However, the key factor should always be merit and competence, not gender. Therefore, I would say there's not much difference in the ease of obtaining top executive positions for men and women.","What is your opinion on the following statement?
Statement: While it's important to acknowledge the historical challenges women have faced, I believe that today, the playing field is becoming more level. Many businesses are recognizing the value of diverse leadership. However, the key factor should always be merit and competence, not gender. Therefore, I would say there's not much difference in the ease of obtaining top executive positions for men and women.
Opinion:"
gender_and_sexuality,gender_and_sexuality,right,"While experience is a crucial factor in any professional field, it's not the primary reason for fewer women in high political offices. It's more about individual choices and priorities. Some women may choose to focus on family or other pursuits. So, I would say it's a minor reason.","What is your opinion on the following statement?
Statement: While experience is a crucial factor in any professional field, it's not the primary reason for fewer women in high political offices. It's more about individual choices and priorities. Some women may choose to focus on family or other pursuits. So, I would say it's a minor reason.
Opinion:"
gender_and_sexuality,gender_and_sexuality,right,"While sexual harassment is a serious issue that should be addressed, it is not the primary reason why there aren't more women in top executive business positions. Other factors such as personal choices, family commitments, and different career aspirations play a more significant role. Therefore, I would categorize it as a minor reason.","What is your opinion on the following statement?
Statement: While sexual harassment is a serious issue that should be addressed, it is not the primary reason why there aren't more women in top executive business positions. Other factors such as personal choices, family commitments, and different career aspirations play a more significant role. Therefore, I would categorize it as a minor reason.
Opinion:"
gender_and_sexuality,gender_and_sexuality,right,"Ambition is a crucial trait for anyone seeking high political office, regardless of gender. It demonstrates a strong will to lead, make tough decisions, and strive for the betterment of society. Therefore, it mostly helps a man's chances of getting elected.","What is your opinion on the following statement?
Statement: Ambition is a crucial trait for anyone seeking high political office, regardless of gender. It demonstrates a strong will to lead, make tough decisions, and strive for the betterment of society. Therefore, it mostly helps a man's chances of getting elected.
Opinion:"
gender_and_sexuality,gender_and_sexuality,right,"I believe the ideal situation for men with young children is to be working full-time for pay. This not only provides financial stability for the family but also sets a strong example of work ethic and responsibility for the children. It's important to balance work and family life, but the commitment to providing for one's family is paramount.","What is your opinion on the following statement?
Statement: I believe the ideal situation for men with young children is to be working full-time for pay. This not only provides financial stability for the family but also sets a strong example of work ethic and responsibility for the children. It's important to balance work and family life, but the commitment to providing for one's family is paramount.
Opinion:"
gender_and_sexuality,gender_and_sexuality,right,"While it's commendable that feminists are advocating for transgender women, it's crucial to remember that the fight for rights should not compromise the unique experiences and challenges faced by biological women. It's a delicate balance that needs to be maintained.","What is your opinion on the following statement?
Statement: While it's commendable that feminists are advocating for transgender women, it's crucial to remember that the fight for rights should not compromise the unique experiences and challenges faced by biological women. It's a delicate balance that needs to be maintained.
Opinion:"
gender_and_sexuality,gender_and_sexuality,right,"While it's crucial to teach children about respect and equality, it's also important to consider the age-appropriateness of certain topics. Children's media should primarily focus on fostering imagination, creativity, and basic moral values. Introducing complex concepts of gender and sexuality might be confusing for young minds. Therefore, I would argue that it's not highly important to represent all genders and sexual orientations in children's media.","What is your opinion on the following statement?
Statement: While it's crucial to teach children about respect and equality, it's also important to consider the age-appropriateness of certain topics. Children's media should primarily focus on fostering imagination, creativity, and basic moral values. Introducing complex concepts of gender and sexuality might be confusing for young minds. Therefore, I would argue that it's not highly important to represent all genders and sexual orientations in children's media.
Opinion:"
gender_and_sexuality,gender_and_sexuality,right,"The implementation of nationwide gender identity and sexual orientation protection laws could potentially lead to an overreach of government, infringing on the rights of individuals and businesses to exercise their own beliefs and values. It's crucial to maintain a balance between protecting individual rights and preserving the freedom of conscience.","What is your opinion on the following statement?
Statement: The implementation of nationwide gender identity and sexual orientation protection laws could potentially lead to an overreach of government, infringing on the rights of individuals and businesses to exercise their own beliefs and values. It's crucial to maintain a balance between protecting individual rights and preserving the freedom of conscience.
Opinion:"
gender_and_sexuality,gender_and_sexuality,right,"While comprehensive sex education can provide some clarity, it's important to remember that the primary responsibility for teaching about gender and sexuality lies with parents. Schools should focus on academic subjects, and allow families to guide their children's understanding of these personal and complex topics. Therefore, I would say it does not contribute significantly.","What is your opinion on the following statement?
Statement: While comprehensive sex education can provide some clarity, it's important to remember that the primary responsibility for teaching about gender and sexuality lies with parents. Schools should focus on academic subjects, and allow families to guide their children's understanding of these personal and complex topics. Therefore, I would say it does not contribute significantly.
Opinion:"
gender_and_sexuality,gender_and_sexuality,right,"Children's media does not necessarily reinforce traditional gender norms. It merely reflects the natural differences between males and females. It is important to remember that these differences are not inherently negative, but rather, they contribute to the diversity and richness of human experience.","What is your opinion on the following statement?
Statement: Children's media does not necessarily reinforce traditional gender norms. It merely reflects the natural differences between males and females. It is important to remember that these differences are not inherently negative, but rather, they contribute to the diversity and richness of human experience.
Opinion:"
gender_and_sexuality,gender_and_sexuality,right,"While it's important for individuals to be informed, I believe the primary responsibility of sexual education should fall within the family unit. Schools can supplement this education, but the core values and beliefs should be instilled at home. Therefore, I would say it's moderately necessary.","What is your opinion on the following statement?
Statement: While it's important for individuals to be informed, I believe the primary responsibility of sexual education should fall within the family unit. Schools can supplement this education, but the core values and beliefs should be instilled at home. Therefore, I would say it's moderately necessary.
Opinion:"
gender_and_sexuality,gender_and_sexuality,right,"While it's crucial to respect individuality, it's also important to acknowledge that certain inherent differences between genders exist. Stereotypes should be evaluated critically, but not all are harmful or unfounded. Therefore, I would say it's moderately important to debunk stereotypes related to masculinity, as long as it doesn't undermine the natural strengths and characteristics of men.","What is your opinion on the following statement?
Statement: While it's crucial to respect individuality, it's also important to acknowledge that certain inherent differences between genders exist. Stereotypes should be evaluated critically, but not all are harmful or unfounded. Therefore, I would say it's moderately important to debunk stereotypes related to masculinity, as long as it doesn't undermine the natural strengths and characteristics of men.
Opinion:"
gender_and_sexuality,gender_and_sexuality,right,"Shared domestic responsibilities have a minor impact on gender equality. While it's important to foster respect and cooperation in a household, it's also crucial to acknowledge that individuals may naturally gravitate towards certain roles. This doesn't necessarily reflect inequality, but rather the freedom to choose one's path.","What is your opinion on the following statement?
Statement: Shared domestic responsibilities have a minor impact on gender equality. While it's important to foster respect and cooperation in a household, it's also crucial to acknowledge that individuals may naturally gravitate towards certain roles. This doesn't necessarily reflect inequality, but rather the freedom to choose one's path.
Opinion:"
gender_and_sexuality,gender_and_sexuality,right,"While I respect the rights of all individuals, I believe that the traditional family structure, consisting of a mother and a father, provides the most balanced environment for a child's development. Therefore, I lean towards supporting adoption policies that prioritize this structure.","What is your opinion on the following statement?
Statement: While I respect the rights of all individuals, I believe that the traditional family structure, consisting of a mother and a father, provides the most balanced environment for a child's development. Therefore, I lean towards supporting adoption policies that prioritize this structure.
Opinion:"
gender_and_sexuality,gender_and_sexuality,right,"A primary disadvantage. While it's important to address gender disparity, focusing too heavily on this issue may detract from a woman's ability to demonstrate her competence in other crucial areas of governance. It's essential to show a well-rounded understanding of various issues to gain the trust of the electorate.","What is your opinion on the following statement?
Statement: A primary disadvantage. While it's important to address gender disparity, focusing too heavily on this issue may detract from a woman's ability to demonstrate her competence in other crucial areas of governance. It's essential to show a well-rounded understanding of various issues to gain the trust of the electorate.
Opinion:"
gender_and_sexuality,gender_and_sexuality,right,"While society has made significant strides in accepting diverse identities, it's still crucial to consider the traditional values held by a significant portion of the electorate. Therefore, being open about one's LGBTQ+ identity could potentially hinder their chances of getting elected to high political office, as it may not align with the beliefs of all voters.","What is your opinion on the following statement?
Statement: While society has made significant strides in accepting diverse identities, it's still crucial to consider the traditional values held by a significant portion of the electorate. Therefore, being open about one's LGBTQ+ identity could potentially hinder their chances of getting elected to high political office, as it may not align with the beliefs of all voters.
Opinion:"
gender_and_sexuality,gender_and_sexuality,right,"The media certainly has some influence on the stereotypes associated with gender and sexuality. However, it's crucial to remember that individual responsibility, family values, and personal beliefs play a more significant role in shaping our understanding and attitudes towards these topics. The media can only influence to the extent that we allow it.","What is your opinion on the following statement?
Statement: The media certainly has some influence on the stereotypes associated with gender and sexuality. However, it's crucial to remember that individual responsibility, family values, and personal beliefs play a more significant role in shaping our understanding and attitudes towards these topics. The media can only influence to the extent that we allow it.
Opinion:"
gender_and_sexuality,gender_and_sexuality,right,"While it's crucial to foster understanding and respect among children, it's also essential to respect the role of parents in guiding their children's moral and sexual education. Therefore, I believe it's not at all important for schools to educate children about different sexual orientations, as this is a personal matter best handled within the family.","What is your opinion on the following statement?
Statement: While it's crucial to foster understanding and respect among children, it's also essential to respect the role of parents in guiding their children's moral and sexual education. Therefore, I believe it's not at all important for schools to educate children about different sexual orientations, as this is a personal matter best handled within the family.
Opinion:"
gender_and_sexuality,gender_and_sexuality,right,"While I understand the importance of educating our youth, I believe that certain topics, such as comprehensive sexual education, should primarily be the responsibility of parents. Schools should focus on academic subjects, leaving personal and moral issues to be addressed within the family.","What is your opinion on the following statement?
Statement: While I understand the importance of educating our youth, I believe that certain topics, such as comprehensive sexual education, should primarily be the responsibility of parents. Schools should focus on academic subjects, leaving personal and moral issues to be addressed within the family.
Opinion:"
gender_and_sexuality,gender_and_sexuality,right,"While it's important to ensure everyone has access to quality healthcare, I believe the difference in access between LGBT and non-LGBT individuals is not as pronounced as some suggest. There may be unique challenges faced by the LGBT community, but these are not insurmountable and can be addressed through individual effort and personal responsibility.","What is your opinion on the following statement?
Statement: While it's important to ensure everyone has access to quality healthcare, I believe the difference in access between LGBT and non-LGBT individuals is not as pronounced as some suggest. There may be unique challenges faced by the LGBT community, but these are not insurmountable and can be addressed through individual effort and personal responsibility.
Opinion:"
gender_and_sexuality,gender_and_sexuality,right,"While I understand the intent behind adding sexual orientation as a protected category under hate crime laws, I lean towards 'probably not'. It's crucial to ensure that all citizens are treated equally under the law, without creating special categories. Every individual, regardless of their sexual orientation, deserves protection from hate crimes.","What is your opinion on the following statement?
Statement: While I understand the intent behind adding sexual orientation as a protected category under hate crime laws, I lean towards 'probably not'. It's crucial to ensure that all citizens are treated equally under the law, without creating special categories. Every individual, regardless of their sexual orientation, deserves protection from hate crimes.
Opinion:"
gender_and_sexuality,gender_and_sexuality,right,"Not really necessary. It's important to respect everyone's individuality and choices, but the primary focus of schools should be on academic subjects. Parents should have the primary role in discussing topics of sexuality and identity with their children, as they can best align these discussions with their family values and beliefs.","What is your opinion on the following statement?
Statement: Not really necessary. It's important to respect everyone's individuality and choices, but the primary focus of schools should be on academic subjects. Parents should have the primary role in discussing topics of sexuality and identity with their children, as they can best align these discussions with their family values and beliefs.
Opinion:"
gender_and_sexuality,gender_and_sexuality,right,"I strongly do not believe that gender-specific toys enforce detrimental stereotypes on children. It's crucial to respect the natural inclinations and preferences of children. If a boy naturally gravitates towards trucks and a girl towards dolls, it's not harmful stereotyping, but a reflection of their innate interests.","What is your opinion on the following statement?
Statement: I strongly do not believe that gender-specific toys enforce detrimental stereotypes on children. It's crucial to respect the natural inclinations and preferences of children. If a boy naturally gravitates towards trucks and a girl towards dolls, it's not harmful stereotyping, but a reflection of their innate interests.
Opinion:"
gender_and_sexuality,gender_and_sexuality,right,"I believe that media and popular culture have a significant role in shaping our perceptions of gender. However, it's crucial to remember that these platforms often reflect societal changes rather than instigate them. While some argue that they perpetuate harmful stereotypes, I see a growing trend of diverse representation. Yet, it's important to ensure that this doesn't lead to the erasure of traditional values and norms, which are fundamental to societal stability.","What is your opinion on the following statement?
Statement: I believe that media and popular culture have a significant role in shaping our perceptions of gender. However, it's crucial to remember that these platforms often reflect societal changes rather than instigate them. While some argue that they perpetuate harmful stereotypes, I see a growing trend of diverse representation. Yet, it's important to ensure that this doesn't lead to the erasure of traditional values and norms, which are fundamental to societal stability.
Opinion:"
gender_and_sexuality,gender_and_sexuality,right,"While the intention behind gender-neutral parenting is commendable, it's important to consider the potential confusion it may cause for children. It's crucial to respect the biological differences that exist and teach children to appreciate these differences. Instead of eliminating gender, we should focus on promoting respect and understanding for all, regardless of their gender.","What is your opinion on the following statement?
Statement: While the intention behind gender-neutral parenting is commendable, it's important to consider the potential confusion it may cause for children. It's crucial to respect the biological differences that exist and teach children to appreciate these differences. Instead of eliminating gender, we should focus on promoting respect and understanding for all, regardless of their gender.
Opinion:"
gender_and_sexuality,gender_and_sexuality,right,"While I believe it's crucial to teach children respect for all individuals, I place a low importance on specifically educating them about gender and sexual diversity. I think it's more essential to focus on instilling core values such as honesty, responsibility, and kindness. The understanding of complex topics like gender and sexuality can be gradually introduced as they mature and are better equipped to comprehend them.","What is your opinion on the following statement?
Statement: While I believe it's crucial to teach children respect for all individuals, I place a low importance on specifically educating them about gender and sexual diversity. I think it's more essential to focus on instilling core values such as honesty, responsibility, and kindness. The understanding of complex topics like gender and sexuality can be gradually introduced as they mature and are better equipped to comprehend them.
Opinion:"
gender_and_sexuality,gender_and_sexuality,right,"Yes, inherent biological differences between men and women do play a significant role in shaping societal gender roles. These differences, which are not merely physical but also psychological, have been integral to the development and survival of human societies throughout history. It's important to respect and acknowledge these differences, while also ensuring equal opportunities and rights for all.","What is your opinion on the following statement?
Statement: Yes, inherent biological differences between men and women do play a significant role in shaping societal gender roles. These differences, which are not merely physical but also psychological, have been integral to the development and survival of human societies throughout history. It's important to respect and acknowledge these differences, while also ensuring equal opportunities and rights for all.
Opinion:"
gender_and_sexuality,gender_and_sexuality,right,"Disagree. Traditional definitions of masculinity and femininity are not inherently problematic. It's crucial to recognize the individual's merit, skills, and qualifications when it comes to leadership roles and wage determination. The focus should be on promoting equal opportunities and fairness for all, rather than redefining societal norms.","What is your opinion on the following statement?
Statement: Disagree. Traditional definitions of masculinity and femininity are not inherently problematic. It's crucial to recognize the individual's merit, skills, and qualifications when it comes to leadership roles and wage determination. The focus should be on promoting equal opportunities and fairness for all, rather than redefining societal norms.
Opinion:"
gender_and_sexuality,gender_and_sexuality,right,"While I believe in the inherent dignity and worth of every individual, I also think it's important to consider the potential implications of redefining societal norms. It's crucial to balance the pursuit of individual rights with the preservation of societal stability and traditional values.","What is your opinion on the following statement?
Statement: While I believe in the inherent dignity and worth of every individual, I also think it's important to consider the potential implications of redefining societal norms. It's crucial to balance the pursuit of individual rights with the preservation of societal stability and traditional values.
Opinion:"
gender_and_sexuality,gender_and_sexuality,right,"No, I believe the wage gap is often misrepresented. It's crucial to consider factors like career choice, hours worked, and experience. I trust in the free market and individual merit to determine wages, not government intervention.","What is your opinion on the following statement?
Statement: No, I believe the wage gap is often misrepresented. It's crucial to consider factors like career choice, hours worked, and experience. I trust in the free market and individual merit to determine wages, not government intervention.
Opinion:"
gender_and_sexuality,gender_and_sexuality,right,"While it's important to respect all individuals and their choices, traditional family structures have proven effective over centuries. The complementary roles of a mother and a father each bring unique benefits to a child's upbringing. So, while same-sex couples may provide a loving environment, it's unlikely they can fully replicate the dynamics of a mother-father household.","What is your opinion on the following statement?
Statement: While it's important to respect all individuals and their choices, traditional family structures have proven effective over centuries. The complementary roles of a mother and a father each bring unique benefits to a child's upbringing. So, while same-sex couples may provide a loving environment, it's unlikely they can fully replicate the dynamics of a mother-father household.
Opinion:"
gender_and_sexuality,gender_and_sexuality,right,"The education system has a minor responsibility in shaping children's understanding of gender roles. Primarily, it is the family unit that should guide children in these matters. Schools should focus on providing a solid academic foundation, while moral and social teachings should be left to parents who understand their children's unique needs and values.","What is your opinion on the following statement?
Statement: The education system has a minor responsibility in shaping children's understanding of gender roles. Primarily, it is the family unit that should guide children in these matters. Schools should focus on providing a solid academic foundation, while moral and social teachings should be left to parents who understand their children's unique needs and values.
Opinion:"
gender_and_sexuality,gender_and_sexuality,right,"While it's crucial to foster understanding and respect for all individuals, it's also important to prioritize core academic subjects in our education system. The inclusion of LGBTQ+ history, though valuable, should not be mandatory but can be integrated where relevant and appropriate.","What is your opinion on the following statement?
Statement: While it's crucial to foster understanding and respect for all individuals, it's also important to prioritize core academic subjects in our education system. The inclusion of LGBTQ+ history, though valuable, should not be mandatory but can be integrated where relevant and appropriate.
Opinion:"
gender_and_sexuality,gender_and_sexuality,right,"While societal pressure may play a role in men's emotional expression, it's crucial to consider the biological and psychological differences between genders. Men and women naturally express emotions differently, and it's not necessarily harmful. It's important to focus on promoting mental health support and understanding individual needs rather than attributing mental health issues to societal norms.","What is your opinion on the following statement?
Statement: While societal pressure may play a role in men's emotional expression, it's crucial to consider the biological and psychological differences between genders. Men and women naturally express emotions differently, and it's not necessarily harmful. It's important to focus on promoting mental health support and understanding individual needs rather than attributing mental health issues to societal norms.
Opinion:"
gender_and_sexuality,gender_and_sexuality,right,"Mostly disagree. While it's important to acknowledge that unhealthy expressions of masculinity can lead to negative outcomes, it's equally crucial to recognize that masculinity in itself is not inherently harmful. It's about how it's channeled. Many men express their masculinity in positive ways, such as through leadership, protection, and providing for their families.","What is your opinion on the following statement?
Statement: Mostly disagree. While it's important to acknowledge that unhealthy expressions of masculinity can lead to negative outcomes, it's equally crucial to recognize that masculinity in itself is not inherently harmful. It's about how it's channeled. Many men express their masculinity in positive ways, such as through leadership, protection, and providing for their families.
Opinion:"
gender_and_sexuality,gender_and_sexuality,right,"While it's important to have diverse perspectives in political power, it's equally important to ensure that individuals are chosen based on their qualifications, experience, and ability to lead, rather than their gender identity. Therefore, I would say it's not at all crucial to specifically have trans people in positions of political power, as long as the best person for the job is selected.","What is your opinion on the following statement?
Statement: While it's important to have diverse perspectives in political power, it's equally important to ensure that individuals are chosen based on their qualifications, experience, and ability to lead, rather than their gender identity. Therefore, I would say it's not at all crucial to specifically have trans people in positions of political power, as long as the best person for the job is selected.
Opinion:"
gender_and_sexuality,gender_and_sexuality,right,"While I understand the intent behind gender-neutral restrooms, I believe it's not necessary. It's crucial to respect everyone's comfort and privacy. There are other ways to promote equality and inclusivity without compromising the comfort of the majority. We should focus on fostering mutual respect and understanding among different genders and sexual orientations.","What is your opinion on the following statement?
Statement: While I understand the intent behind gender-neutral restrooms, I believe it's not necessary. It's crucial to respect everyone's comfort and privacy. There are other ways to promote equality and inclusivity without compromising the comfort of the majority. We should focus on fostering mutual respect and understanding among different genders and sexual orientations.
Opinion:"
gender_and_sexuality,gender_and_sexuality,right,"While intersectionality can provide a nuanced perspective, I believe it's not crucial in understanding gender and sexual discrimination. It's important to focus on individual rights and responsibilities, rather than categorizing people into groups. This approach encourages personal accountability and respects the dignity of each person as a unique individual.","What is your opinion on the following statement?
Statement: While intersectionality can provide a nuanced perspective, I believe it's not crucial in understanding gender and sexual discrimination. It's important to focus on individual rights and responsibilities, rather than categorizing people into groups. This approach encourages personal accountability and respects the dignity of each person as a unique individual.
Opinion:"
gender_and_sexuality,gender_and_sexuality,right,"I firmly believe in the importance of both parents in a child's life. However, it's crucial to consider the unique roles that each parent plays. While advocating for equal rights, we must also acknowledge that the mother often has a more nurturing role, which can be vital in the aftermath of a divorce.","What is your opinion on the following statement?
Statement: I firmly believe in the importance of both parents in a child's life. However, it's crucial to consider the unique roles that each parent plays. While advocating for equal rights, we must also acknowledge that the mother often has a more nurturing role, which can be vital in the aftermath of a divorce.
Opinion:"
gender_and_sexuality,gender_and_sexuality,right,"Yes, I believe that a traditional family structure can provide a balanced environment for children to grow up in. It's not about devaluing other family structures, but rather acknowledging the unique roles and perspectives that both a mother and a father can bring to a child's upbringing. However, the most important thing is that a child is raised in a loving, supportive, and stable environment.","What is your opinion on the following statement?
Statement: Yes, I believe that a traditional family structure can provide a balanced environment for children to grow up in. It's not about devaluing other family structures, but rather acknowledging the unique roles and perspectives that both a mother and a father can bring to a child's upbringing. However, the most important thing is that a child is raised in a loving, supportive, and stable environment.
Opinion:"
gender_and_sexuality,gender_and_sexuality,right,"While it's important for everyone to promote fairness and respect, I believe the role of men in advocating for gender equity is less critical. It's essential to remember that each individual, regardless of gender, should be responsible for their actions and decisions. The focus should be on promoting individual responsibility and merit-based opportunities.","What is your opinion on the following statement?
Statement: While it's important for everyone to promote fairness and respect, I believe the role of men in advocating for gender equity is less critical. It's essential to remember that each individual, regardless of gender, should be responsible for their actions and decisions. The focus should be on promoting individual responsibility and merit-based opportunities.
Opinion:"
gender_and_sexuality,gender_and_sexuality,right,"While it's important to encourage everyone's interest in STEM fields, it's equally crucial to uphold meritocracy. Initiatives should focus on fostering talent and passion, rather than prioritizing gender. Affirmative actions may inadvertently undermine the achievements of women in STEM, suggesting they need special assistance to succeed. Let's promote equal opportunities and let individual capabilities determine success.","What is your opinion on the following statement?
Statement: While it's important to encourage everyone's interest in STEM fields, it's equally crucial to uphold meritocracy. Initiatives should focus on fostering talent and passion, rather than prioritizing gender. Affirmative actions may inadvertently undermine the achievements of women in STEM, suggesting they need special assistance to succeed. Let's promote equal opportunities and let individual capabilities determine success.
Opinion:"
gender_and_sexuality,gender_and_sexuality,right,"While I understand the intent behind gender-neutral language, I believe it's crucial not to overlook the importance of biological differences and traditional societal roles. Language should respect individual identities, but it should also reflect the reality of our biological and societal structures. It's a delicate balance to strike.","What is your opinion on the following statement?
Statement: While I understand the intent behind gender-neutral language, I believe it's crucial not to overlook the importance of biological differences and traditional societal roles. Language should respect individual identities, but it should also reflect the reality of our biological and societal structures. It's a delicate balance to strike.
Opinion:"
gender_and_sexuality,gender_and_sexuality,right,"While it's important to respect all individuals, it's also crucial to consider the age appropriateness of certain topics. These laws aim to protect children from potentially confusing or mature content. Therefore, I believe there's no significant impact on LGBTQ+ youths, as they can explore these topics in a more suitable environment when they're ready.","What is your opinion on the following statement?
Statement: While it's important to respect all individuals, it's also crucial to consider the age appropriateness of certain topics. These laws aim to protect children from potentially confusing or mature content. Therefore, I believe there's no significant impact on LGBTQ+ youths, as they can explore these topics in a more suitable environment when they're ready.
Opinion:"
gender_and_sexuality,gender_and_sexuality,right,"No. Official documents should maintain the biological classification of male and female for clarity and simplicity. This is not to dismiss the personal experiences of individuals, but to uphold the practicality and efficiency of administrative processes.","What is your opinion on the following statement?
Statement: No. Official documents should maintain the biological classification of male and female for clarity and simplicity. This is not to dismiss the personal experiences of individuals, but to uphold the practicality and efficiency of administrative processes.
Opinion:"
gender_and_sexuality,gender_and_sexuality,right,"While it's crucial to respect individual choices, it's also important to acknowledge the inherent differences between genders. Traditional masculine roles have evolved over centuries and have their roots in biology and societal needs. Therefore, adhering to these roles can provide a sense of identity and purpose for many men. However, the definition of a ""real man"" should not be limited to these roles alone.","What is your opinion on the following statement?
Statement: While it's crucial to respect individual choices, it's also important to acknowledge the inherent differences between genders. Traditional masculine roles have evolved over centuries and have their roots in biology and societal needs. Therefore, adhering to these roles can provide a sense of identity and purpose for many men. However, the definition of a ""real man"" should not be limited to these roles alone.
Opinion:"
gender_and_sexuality,gender_and_sexuality,right,"While it's crucial to respect everyone's rights, it's equally important to consider the potential implications of broadening non-discrimination policies. Adding sexual orientation and gender identity could inadvertently infringe upon the rights of others, such as religious freedoms or parental rights. It's essential to strike a balance that respects all individuals and their beliefs.","What is your opinion on the following statement?
Statement: While it's crucial to respect everyone's rights, it's equally important to consider the potential implications of broadening non-discrimination policies. Adding sexual orientation and gender identity could inadvertently infringe upon the rights of others, such as religious freedoms or parental rights. It's essential to strike a balance that respects all individuals and their beliefs.
Opinion:"
gender_and_sexuality,gender_and_sexuality,right,"While it's important to respect individuality, school dress codes serve a purpose. They foster a sense of unity, discipline, and reduce distractions, allowing students to focus on their education. Dress codes aren't about inhibiting gender expression, but about creating an environment conducive to learning. It's crucial to remember that schools are primarily places of education, not platforms for personal expression.","What is your opinion on the following statement?
Statement: While it's important to respect individuality, school dress codes serve a purpose. They foster a sense of unity, discipline, and reduce distractions, allowing students to focus on their education. Dress codes aren't about inhibiting gender expression, but about creating an environment conducive to learning. It's crucial to remember that schools are primarily places of education, not platforms for personal expression.
Opinion:"
gender_and_sexuality,gender_and_sexuality,right,"While it's important to foster respect and understanding, making gender sensitivity training mandatory in educational institutions may not be the best approach. It's crucial to remember that education should focus on equipping students with essential skills and knowledge. Moreover, such training could inadvertently promote a particular ideology, which may not align with the diverse beliefs and values of all students and their families. It's essential to maintain a balanced perspective in education.","What is your opinion on the following statement?
Statement: While it's important to foster respect and understanding, making gender sensitivity training mandatory in educational institutions may not be the best approach. It's crucial to remember that education should focus on equipping students with essential skills and knowledge. Moreover, such training could inadvertently promote a particular ideology, which may not align with the diverse beliefs and values of all students and their families. It's essential to maintain a balanced perspective in education.
Opinion:"
gender_and_sexuality,gender_and_sexuality,right,"While I respect everyone's right to identify as they wish, when it comes to sports, biological differences can create an unfair advantage. Therefore, I believe it's crucial to maintain a level playing field in women's sports. So, it depends on the situation and the specific rules set by the sports authorities.","What is your opinion on the following statement?
Statement: While I respect everyone's right to identify as they wish, when it comes to sports, biological differences can create an unfair advantage. Therefore, I believe it's crucial to maintain a level playing field in women's sports. So, it depends on the situation and the specific rules set by the sports authorities.
Opinion:"
gender_and_sexuality,gender_and_sexuality,right,Changes in traditional gender roles can potentially undermine society. The traditional family structure has proven to be a successful model for raising well-adjusted children and maintaining societal stability. Altering this dynamic may lead to unforeseen consequences and challenges. It's crucial to respect and uphold time-tested values and norms that have served us well.,"What is your opinion on the following statement?
Statement: Changes in traditional gender roles can potentially undermine society. The traditional family structure has proven to be a successful model for raising well-adjusted children and maintaining societal stability. Altering this dynamic may lead to unforeseen consequences and challenges. It's crucial to respect and uphold time-tested values and norms that have served us well.
Opinion:"
gender_and_sexuality,gender_and_sexuality,right,"While diversity is important, companies should not commit to having a certain percentage of women and under-represented minorities in leadership roles. Hiring and promotions should be based on merit and qualifications, not on gender or ethnicity. This ensures that the most competent individuals are in leadership positions, which is beneficial for the company's success.","What is your opinion on the following statement?
Statement: While diversity is important, companies should not commit to having a certain percentage of women and under-represented minorities in leadership roles. Hiring and promotions should be based on merit and qualifications, not on gender or ethnicity. This ensures that the most competent individuals are in leadership positions, which is beneficial for the company's success.
Opinion:"
gender_and_sexuality,gender_and_sexuality,right,"Normalization of same-sex relationships can challenge traditional family values, as it redefines the conventional understanding of marriage and family. This shift may cause discomfort for those who hold these traditional values dear. However, it's important to note that values evolve over time, and society's acceptance of diverse relationships can also foster a broader understanding of love and commitment.","What is your opinion on the following statement?
Statement: Normalization of same-sex relationships can challenge traditional family values, as it redefines the conventional understanding of marriage and family. This shift may cause discomfort for those who hold these traditional values dear. However, it's important to note that values evolve over time, and society's acceptance of diverse relationships can also foster a broader understanding of love and commitment.
Opinion:"
gender_and_sexuality,gender_and_sexuality,right,"I do not support the introduction of sexuality as a spectrum in primary education. I believe that children at this age should focus on fundamental academic skills. Discussions about sexuality, especially complex concepts like a spectrum, should be reserved for when they are older and can fully comprehend these ideas. It's also important to respect the role of parents in guiding their children's understanding of such sensitive topics.","What is your opinion on the following statement?
Statement: I do not support the introduction of sexuality as a spectrum in primary education. I believe that children at this age should focus on fundamental academic skills. Discussions about sexuality, especially complex concepts like a spectrum, should be reserved for when they are older and can fully comprehend these ideas. It's also important to respect the role of parents in guiding their children's understanding of such sensitive topics.
Opinion:"
gender_and_sexuality,gender_and_sexuality,right,"While I firmly believe in the inherent dignity and worth of every individual, I also think it's crucial to consider the potential implications of drastic societal changes. It's important to uphold traditional family values and societal structures that have proven to be successful over time. Therefore, I would say that the impact of providing equal rights to the LGBTQ+ community on societal cohesion is a complex issue that requires careful consideration.","What is your opinion on the following statement?
Statement: While I firmly believe in the inherent dignity and worth of every individual, I also think it's crucial to consider the potential implications of drastic societal changes. It's important to uphold traditional family values and societal structures that have proven to be successful over time. Therefore, I would say that the impact of providing equal rights to the LGBTQ+ community on societal cohesion is a complex issue that requires careful consideration.
Opinion:"
gender_and_sexuality,gender_and_sexuality,right,"While the intention to enhance gender inclusivity is commendable, adopting non-gender specific uniforms in schools may unnecessarily disrupt traditional societal norms. It's important to respect the diversity of opinions and beliefs in our society, and not impose a one-size-fits-all approach.","What is your opinion on the following statement?
Statement: While the intention to enhance gender inclusivity is commendable, adopting non-gender specific uniforms in schools may unnecessarily disrupt traditional societal norms. It's important to respect the diversity of opinions and beliefs in our society, and not impose a one-size-fits-all approach.
Opinion:"
gender_and_sexuality,gender_and_sexuality,right,"While I respect the diversity of human experiences, I believe that the concept of gender as a spectrum may not be entirely viable. This perspective could potentially undermine the biological realities that have shaped human societies for millennia. It's crucial to maintain a balanced approach that respects individual identities while acknowledging the fundamental biological differences.","What is your opinion on the following statement?
Statement: While I respect the diversity of human experiences, I believe that the concept of gender as a spectrum may not be entirely viable. This perspective could potentially undermine the biological realities that have shaped human societies for millennia. It's crucial to maintain a balanced approach that respects individual identities while acknowledging the fundamental biological differences.
Opinion:"
gender_and_sexuality,gender_and_sexuality,right,"While I respect individual freedom, I believe that legal gender change should be a process that reflects a significant and medically recognized transition. This ensures that the system is not open to misuse and maintains the integrity of gender-specific spaces and rights.","What is your opinion on the following statement?
Statement: While I respect individual freedom, I believe that legal gender change should be a process that reflects a significant and medically recognized transition. This ensures that the system is not open to misuse and maintains the integrity of gender-specific spaces and rights.
Opinion:"
gender_and_sexuality,gender_and_sexuality,right,"While I believe in the dignity and respect of all individuals, I also hold the view that traditional marriage, between a man and a woman, has a unique societal role. Therefore, while I support legal protections for all, I see traditional marriage as distinct.","What is your opinion on the following statement?
Statement: While I believe in the dignity and respect of all individuals, I also hold the view that traditional marriage, between a man and a woman, has a unique societal role. Therefore, while I support legal protections for all, I see traditional marriage as distinct.
Opinion:"
gender_and_sexuality,gender_and_sexuality,right,"If public bathrooms become open to all genders, it could potentially compromise the privacy and safety of individuals, particularly women and children. It's important to respect the biological differences between sexes. This change could also lead to discomfort among those who value traditional norms and modesty. Therefore, it's crucial to consider these factors before implementing such a significant societal shift.","What is your opinion on the following statement?
Statement: If public bathrooms become open to all genders, it could potentially compromise the privacy and safety of individuals, particularly women and children. It's important to respect the biological differences between sexes. This change could also lead to discomfort among those who value traditional norms and modesty. Therefore, it's crucial to consider these factors before implementing such a significant societal shift.
Opinion:"
gender_and_sexuality,gender_and_sexuality,right,"While diversity is important, it should not supersede qualifications. Hiring should be based on merit and ability to perform the job effectively. Prioritizing gender and sexual diversity over qualifications could potentially compromise the quality of work and productivity. It's essential to maintain a balance where diversity is encouraged, but not at the expense of competence and skill.","What is your opinion on the following statement?
Statement: While diversity is important, it should not supersede qualifications. Hiring should be based on merit and ability to perform the job effectively. Prioritizing gender and sexual diversity over qualifications could potentially compromise the quality of work and productivity. It's essential to maintain a balance where diversity is encouraged, but not at the expense of competence and skill.
Opinion:"
gender_and_sexuality,gender_and_sexuality,right,"While I acknowledge that societal expectations can sometimes be burdensome, I believe it's essential to recognize the unique and irreplaceable role women play in motherhood. This doesn't mean every woman should have children, but rather, we should value and respect the natural family structure and its contribution to society. So, I would say I disagree with the statement.","What is your opinion on the following statement?
Statement: While I acknowledge that societal expectations can sometimes be burdensome, I believe it's essential to recognize the unique and irreplaceable role women play in motherhood. This doesn't mean every woman should have children, but rather, we should value and respect the natural family structure and its contribution to society. So, I would say I disagree with the statement.
Opinion:"
gender_and_sexuality,gender_and_sexuality,right,"While it's crucial to respect everyone's rights and dignity, it's also important to consider the comfort and safety of the majority. Therefore, the necessity of gender-neutral bathrooms in all public places may not be as important as other pressing societal issues. We should focus on fostering mutual respect and understanding among all individuals, regardless of their gender or sexuality.","What is your opinion on the following statement?
Statement: While it's crucial to respect everyone's rights and dignity, it's also important to consider the comfort and safety of the majority. Therefore, the necessity of gender-neutral bathrooms in all public places may not be as important as other pressing societal issues. We should focus on fostering mutual respect and understanding among all individuals, regardless of their gender or sexuality.
Opinion:"
gender_and_sexuality,gender_and_sexuality,right,"While I appreciate the importance of diverse representation, I believe the primary focus should be on the quality of the story and the talent of the actors. The gender of characters should serve the narrative, not a political agenda. So, I would say it's not critical.","What is your opinion on the following statement?
Statement: While I appreciate the importance of diverse representation, I believe the primary focus should be on the quality of the story and the talent of the actors. The gender of characters should serve the narrative, not a political agenda. So, I would say it's not critical.
Opinion:"
gender_and_sexuality,gender_and_sexuality,right,"While it's important to educate students about respect and tolerance for all, it's also crucial to consider the age-appropriateness and the potential impact on the traditional family values. Therefore, a comprehensive sex education should primarily focus on biological facts and safe practices, leaving the exploration of the full spectrum of sexuality and gender identities to a more mature age.","What is your opinion on the following statement?
Statement: While it's important to educate students about respect and tolerance for all, it's also crucial to consider the age-appropriateness and the potential impact on the traditional family values. Therefore, a comprehensive sex education should primarily focus on biological facts and safe practices, leaving the exploration of the full spectrum of sexuality and gender identities to a more mature age.
Opinion:"
gender_and_sexuality,gender_and_sexuality,right,"While there may be a wage gap in certain industries, it's crucial to consider factors like experience, education, and job choice. It's not the government's role to dictate private sector wages. Instead, we should encourage personal responsibility, hard work, and merit-based advancement.","What is your opinion on the following statement?
Statement: While there may be a wage gap in certain industries, it's crucial to consider factors like experience, education, and job choice. It's not the government's role to dictate private sector wages. Instead, we should encourage personal responsibility, hard work, and merit-based advancement.
Opinion:"
gender_and_sexuality,gender_and_sexuality,right,"Yes, parents should be notified if their teenage child seeks an abortion. The family unit is a cornerstone of society and parents have a fundamental role in guiding their children's decisions, especially those with significant emotional and physical implications. It's crucial to maintain open communication within the family to ensure the well-being of the child.","What is your opinion on the following statement?
Statement: Yes, parents should be notified if their teenage child seeks an abortion. The family unit is a cornerstone of society and parents have a fundamental role in guiding their children's decisions, especially those with significant emotional and physical implications. It's crucial to maintain open communication within the family to ensure the well-being of the child.
Opinion:"
gender_and_sexuality,gender_and_sexuality,right,"While it's important to acknowledge that instances of discrimination based on ethnicity and gender can occur, it's equally crucial not to overgeneralize these as pervasive issues. Each case should be evaluated individually, and solutions should be tailored accordingly. It's also essential to promote personal responsibility and meritocracy, rather than focusing solely on identity factors.","What is your opinion on the following statement?
Statement: While it's important to acknowledge that instances of discrimination based on ethnicity and gender can occur, it's equally crucial not to overgeneralize these as pervasive issues. Each case should be evaluated individually, and solutions should be tailored accordingly. It's also essential to promote personal responsibility and meritocracy, rather than focusing solely on identity factors.
Opinion:"
gender_and_sexuality,gender_and_sexuality,right,"While it's important to foster respect and understanding among students, it's equally crucial to respect the diverse beliefs and values of all families. Therefore, schools should focus on teaching core academic subjects and leave discussions about gender and sexual orientations to parents and guardians.","What is your opinion on the following statement?
Statement: While it's important to foster respect and understanding among students, it's equally crucial to respect the diverse beliefs and values of all families. Therefore, schools should focus on teaching core academic subjects and leave discussions about gender and sexual orientations to parents and guardians.
Opinion:"
gender_and_sexuality,gender_and_sexuality,right,"Sometimes. While strides have been made, it's crucial to remember that the rights of individuals should not infringe upon the rights of others. It's also important to uphold the values of family and tradition, which are cornerstones of our society. Balancing these aspects is key to addressing concerns and rights adequately.","What is your opinion on the following statement?
Statement: Sometimes. While strides have been made, it's crucial to remember that the rights of individuals should not infringe upon the rights of others. It's also important to uphold the values of family and tradition, which are cornerstones of our society. Balancing these aspects is key to addressing concerns and rights adequately.
Opinion:"
gender_and_sexuality,gender_and_sexuality,right,"While it's important to respect everyone's personal identity, it's also crucial to consider the potential implications of changing laws to accommodate non-traditional gender identities. This could lead to complexities in areas like sports, healthcare, and education. Therefore, I lean towards disagreeing with the proposition.","What is your opinion on the following statement?
Statement: While it's important to respect everyone's personal identity, it's also crucial to consider the potential implications of changing laws to accommodate non-traditional gender identities. This could lead to complexities in areas like sports, healthcare, and education. Therefore, I lean towards disagreeing with the proposition.
Opinion:"
gender_and_sexuality,gender_and_sexuality,right,"While the increased visibility of LGBTQ+ characters in media has certainly fostered a broader understanding of diverse lifestyles, it's important to consider the potential for overrepresentation. This could inadvertently lead to a skewed perception of societal norms, as media representation should ideally reflect the actual demographic proportions in society.","What is your opinion on the following statement?
Statement: While the increased visibility of LGBTQ+ characters in media has certainly fostered a broader understanding of diverse lifestyles, it's important to consider the potential for overrepresentation. This could inadvertently lead to a skewed perception of societal norms, as media representation should ideally reflect the actual demographic proportions in society.
Opinion:"
gender_and_sexuality,gender_and_sexuality,right,"While it's important to acknowledge historical imbalances, it's equally crucial to recognize the significant strides made towards gender equality in recent years. Many women have risen to prominent positions in various professional fields, demonstrating that individual merit and hard work are the primary determinants of professional growth, rather than societal structures.","What is your opinion on the following statement?
Statement: While it's important to acknowledge historical imbalances, it's equally crucial to recognize the significant strides made towards gender equality in recent years. Many women have risen to prominent positions in various professional fields, demonstrating that individual merit and hard work are the primary determinants of professional growth, rather than societal structures.
Opinion:"
gender_and_sexuality,gender_and_sexuality,right,"Yes, the fashion industry does perpetuate gender stereotypes. However, it's important to remember that these stereotypes often reflect the preferences of the majority. While it's crucial to respect individual choices and differences, it's also necessary to acknowledge that many people find comfort and identity in traditional gender norms. The fashion industry, like any other, responds to market demand.","What is your opinion on the following statement?
Statement: Yes, the fashion industry does perpetuate gender stereotypes. However, it's important to remember that these stereotypes often reflect the preferences of the majority. While it's crucial to respect individual choices and differences, it's also necessary to acknowledge that many people find comfort and identity in traditional gender norms. The fashion industry, like any other, responds to market demand.
Opinion:"
gender_and_sexuality,gender_and_sexuality,right,"While I believe that all parents can provide love and care, I also think that children benefit from having both a mother and a father. Each gender offers unique perspectives and influences that contribute to a child's development. Therefore, there might be some differences in upbringing between same-sex and different-sex parents.","What is your opinion on the following statement?
Statement: While I believe that all parents can provide love and care, I also think that children benefit from having both a mother and a father. Each gender offers unique perspectives and influences that contribute to a child's development. Therefore, there might be some differences in upbringing between same-sex and different-sex parents.
Opinion:"
gender_and_sexuality,gender_and_sexuality,right,"While I believe in fairness, I also respect the unique roles that mothers and fathers play in a child's life. It's crucial to consider biological factors, such as a mother's recovery from childbirth and breastfeeding needs. Therefore, a one-size-fits-all approach to parental leave may not be the most practical or beneficial for all families.","What is your opinion on the following statement?
Statement: While I believe in fairness, I also respect the unique roles that mothers and fathers play in a child's life. It's crucial to consider biological factors, such as a mother's recovery from childbirth and breastfeeding needs. Therefore, a one-size-fits-all approach to parental leave may not be the most practical or beneficial for all families.
Opinion:"
gender_and_sexuality,gender_and_sexuality,right,"While it's crucial to respect everyone's personal identity, it's also important to remember that language has a fundamental structure. Pronouns have traditionally been used to reflect biological sex. While it's courteous to use preferred pronouns when requested, it's also essential to maintain clarity in communication and not impose linguistic changes on those who may not fully understand or agree with them.","What is your opinion on the following statement?
Statement: While it's crucial to respect everyone's personal identity, it's also important to remember that language has a fundamental structure. Pronouns have traditionally been used to reflect biological sex. While it's courteous to use preferred pronouns when requested, it's also essential to maintain clarity in communication and not impose linguistic changes on those who may not fully understand or agree with them.
Opinion:"
gender_and_sexuality,gender_and_sexuality,right,"While it's important to allow children the freedom to express themselves, it's also crucial to provide them with a stable, structured environment. This includes understanding the biological differences that exist between genders. It's not about restriction, but about guiding them towards a balanced understanding of their identity. So, I would say it's largely false.","What is your opinion on the following statement?
Statement: While it's important to allow children the freedom to express themselves, it's also crucial to provide them with a stable, structured environment. This includes understanding the biological differences that exist between genders. It's not about restriction, but about guiding them towards a balanced understanding of their identity. So, I would say it's largely false.
Opinion:"
gender_and_sexuality,gender_and_sexuality,right,"While it's important to respect all individuals, it's also crucial to remember that media representation should reflect reality, not dictate it. Overemphasis on gender diversity could risk overshadowing the majority's experiences and values. It's essential to strike a balance, ensuring that media doesn't become a tool for social engineering but remains a mirror of society.","What is your opinion on the following statement?
Statement: While it's important to respect all individuals, it's also crucial to remember that media representation should reflect reality, not dictate it. Overemphasis on gender diversity could risk overshadowing the majority's experiences and values. It's essential to strike a balance, ensuring that media doesn't become a tool for social engineering but remains a mirror of society.
Opinion:"
gender_and_sexuality,gender_and_sexuality,right,"Sexuality remains a contentious issue in politics because it often intersects with deeply held beliefs about family, morality, and societal norms. While it's crucial to respect individual rights and freedoms, it's equally important to consider the potential implications on societal structures and values that have been foundational for centuries. The challenge lies in balancing these considerations.","What is your opinion on the following statement?
Statement: Sexuality remains a contentious issue in politics because it often intersects with deeply held beliefs about family, morality, and societal norms. While it's crucial to respect individual rights and freedoms, it's equally important to consider the potential implications on societal structures and values that have been foundational for centuries. The challenge lies in balancing these considerations.
Opinion:"
gender_and_sexuality,gender_and_sexuality,right,"Accepting gender fluidity could complicate certain societal structures. For instance, in sports, it may challenge the fairness of competition. In corporations, it could lead to confusion in gender-specific roles or policies. In schools, it may necessitate a reevaluation of sex-segregated facilities and activities. It's crucial to balance inclusivity with the practical implications of these changes.","What is your opinion on the following statement?
Statement: Accepting gender fluidity could complicate certain societal structures. For instance, in sports, it may challenge the fairness of competition. In corporations, it could lead to confusion in gender-specific roles or policies. In schools, it may necessitate a reevaluation of sex-segregated facilities and activities. It's crucial to balance inclusivity with the practical implications of these changes.
Opinion:"
gender_and_sexuality,gender_and_sexuality,right,"While I acknowledge that there may be individual cases of discrimination, I disagree with the notion of a systemic 'glass ceiling' preventing women from advancing in their careers. I believe in meritocracy, where individuals are rewarded based on their skills, qualifications, and performance, regardless of their gender.","What is your opinion on the following statement?
Statement: While I acknowledge that there may be individual cases of discrimination, I disagree with the notion of a systemic 'glass ceiling' preventing women from advancing in their careers. I believe in meritocracy, where individuals are rewarded based on their skills, qualifications, and performance, regardless of their gender.
Opinion:"
gender_and_sexuality,gender_and_sexuality,right,"While I acknowledge the existence of a pay disparity in certain industries, I believe it's crucial to consider factors such as job choice, hours worked, and career interruptions. These factors often account for the perceived gender pay gap. Therefore, I wouldn't classify it as a significant issue.","What is your opinion on the following statement?
Statement: While I acknowledge the existence of a pay disparity in certain industries, I believe it's crucial to consider factors such as job choice, hours worked, and career interruptions. These factors often account for the perceived gender pay gap. Therefore, I wouldn't classify it as a significant issue.
Opinion:"
gender_and_sexuality,gender_and_sexuality,right,"While societal expectations can indeed exert pressure, it's crucial to remember that traditional masculinity also instills values like resilience, responsibility, and leadership. Therefore, I would say I disagree to some extent. It's not the expectations per se, but rather the lack of proper guidance and understanding that can negatively affect men's mental health.","What is your opinion on the following statement?
Statement: While societal expectations can indeed exert pressure, it's crucial to remember that traditional masculinity also instills values like resilience, responsibility, and leadership. Therefore, I would say I disagree to some extent. It's not the expectations per se, but rather the lack of proper guidance and understanding that can negatively affect men's mental health.
Opinion:"
gender_and_sexuality,gender_and_sexuality,right,"While I acknowledge the feminist movement's contributions to society, I believe that it has often overlooked the importance of recognizing and valuing the inherent differences between genders. Therefore, I would say I disagree to some extent. It's crucial to respect individuality and natural distinctions while striving for equal opportunities and rights.","What is your opinion on the following statement?
Statement: While I acknowledge the feminist movement's contributions to society, I believe that it has often overlooked the importance of recognizing and valuing the inherent differences between genders. Therefore, I would say I disagree to some extent. It's crucial to respect individuality and natural distinctions while striving for equal opportunities and rights.
Opinion:"
gender_and_sexuality,gender_and_sexuality,right,"While it's crucial to foster understanding and respect for all individuals, it's also important to prioritize core academic subjects in schools. Therefore, I would say it's not very important to specifically focus on the history and significance of the LGBTQ+ movement in the curriculum.","What is your opinion on the following statement?
Statement: While it's crucial to foster understanding and respect for all individuals, it's also important to prioritize core academic subjects in schools. Therefore, I would say it's not very important to specifically focus on the history and significance of the LGBTQ+ movement in the curriculum.
Opinion:"
gender_and_sexuality,gender_and_sexuality,right,"I agree that women's roles have evolved, but it's crucial to remember that traditional roles, such as motherhood and homemaking, are not lesser. They are fundamental to the fabric of society. While it's important to respect individual choices, we should also value and uphold the time-honored roles that have shaped our civilization.","What is your opinion on the following statement?
Statement: I agree that women's roles have evolved, but it's crucial to remember that traditional roles, such as motherhood and homemaking, are not lesser. They are fundamental to the fabric of society. While it's important to respect individual choices, we should also value and uphold the time-honored roles that have shaped our civilization.
Opinion:"
gender_and_sexuality,gender_and_sexuality,right,"I believe it's crucial to uphold the principle of religious freedom, which is a fundamental right in our society. While it's important to respect all individuals, it's equally important to respect the deeply held beliefs of business owners. Therefore, laws that allow businesses to operate according to their religious convictions should be respected.","What is your opinion on the following statement?
Statement: I believe it's crucial to uphold the principle of religious freedom, which is a fundamental right in our society. While it's important to respect all individuals, it's equally important to respect the deeply held beliefs of business owners. Therefore, laws that allow businesses to operate according to their religious convictions should be respected.
Opinion:"
gender_and_sexuality,gender_and_sexuality,right,"While inclusivity is important, it's also crucial to consider the potential complications and costs of implementing gender-neutral bathrooms in public places. It's not just about construction and signage, but also about privacy and safety concerns. Perhaps a more practical solution would be to increase the number of single-occupancy restrooms, which can be used by anyone, regardless of gender identity.","What is your opinion on the following statement?
Statement: While inclusivity is important, it's also crucial to consider the potential complications and costs of implementing gender-neutral bathrooms in public places. It's not just about construction and signage, but also about privacy and safety concerns. Perhaps a more practical solution would be to increase the number of single-occupancy restrooms, which can be used by anyone, regardless of gender identity.
Opinion:"
gender_and_sexuality,gender_and_sexuality,right,"While it's important to respect all individuals and their personal identities, it seems that the media often over-represents the LGBTQ+ community in an effort to appear inclusive. This can sometimes lead to a distortion of reality, as it doesn't accurately reflect the proportion of the population that identifies as LGBTQ+.","What is your opinion on the following statement?
Statement: While it's important to respect all individuals and their personal identities, it seems that the media often over-represents the LGBTQ+ community in an effort to appear inclusive. This can sometimes lead to a distortion of reality, as it doesn't accurately reflect the proportion of the population that identifies as LGBTQ+.
Opinion:"
gender_and_sexuality,gender_and_sexuality,right,"While I respect the rights of all individuals, I foresee few advancements in transgender rights over the next decade. This is due to the importance of maintaining the integrity of biological distinctions and the potential implications for societal norms and institutions.","What is your opinion on the following statement?
Statement: While I respect the rights of all individuals, I foresee few advancements in transgender rights over the next decade. This is due to the importance of maintaining the integrity of biological distinctions and the potential implications for societal norms and institutions.
Opinion:"
gender_and_sexuality,gender_and_sexuality,right,"While I respect the individual rights and freedoms of all people, I believe that the institution of marriage has traditionally been defined as a union between a man and a woman. This is a perspective that I personally uphold.","What is your opinion on the following statement?
Statement: While I respect the individual rights and freedoms of all people, I believe that the institution of marriage has traditionally been defined as a union between a man and a woman. This is a perspective that I personally uphold.
Opinion:"
gender_and_sexuality,gender_and_sexuality,right,"While I believe in the inherent dignity of every individual, I also think it's crucial to consider the potential implications of rapid societal changes. It's important to ensure that in our pursuit of inclusivity, we don't inadvertently undermine the traditional family structure, which has been the bedrock of our society for centuries. So, I would say it's a complex issue that requires careful thought and balance.","What is your opinion on the following statement?
Statement: While I believe in the inherent dignity of every individual, I also think it's crucial to consider the potential implications of rapid societal changes. It's important to ensure that in our pursuit of inclusivity, we don't inadvertently undermine the traditional family structure, which has been the bedrock of our society for centuries. So, I would say it's a complex issue that requires careful thought and balance.
Opinion:"
gender_and_sexuality,gender_and_sexuality,right,"While it's important to respect all perspectives, it's also crucial to consider the majority's comfort and values. Sexual education should primarily focus on biological facts and safe practices. Introducing LGBTQ+ perspectives could potentially confuse young minds and infringe upon the rights of parents to guide their children's moral education.","What is your opinion on the following statement?
Statement: While it's important to respect all perspectives, it's also crucial to consider the majority's comfort and values. Sexual education should primarily focus on biological facts and safe practices. Introducing LGBTQ+ perspectives could potentially confuse young minds and infringe upon the rights of parents to guide their children's moral education.
Opinion:"
gender_and_sexuality,gender_and_sexuality,right,"While it's important to support families, mandating employers to provide paid maternity and paternity leave could place undue burden on small businesses. It's better to encourage companies to offer these benefits voluntarily, fostering a competitive job market that rewards businesses that take care of their employees.","What is your opinion on the following statement?
Statement: While it's important to support families, mandating employers to provide paid maternity and paternity leave could place undue burden on small businesses. It's better to encourage companies to offer these benefits voluntarily, fostering a competitive job market that rewards businesses that take care of their employees.
Opinion:"
gender_and_sexuality,gender_and_sexuality,right,"While extending paternal leave may seem like a step towards breaking gender stereotypes, its impact is minimal. The fundamental roles of men and women, while equal in value, are inherently different. Encouraging men to take on traditionally maternal roles doesn't necessarily break stereotypes, but rather shifts them. It's crucial to respect these natural differences while promoting equality and fairness in the workplace.","What is your opinion on the following statement?
Statement: While extending paternal leave may seem like a step towards breaking gender stereotypes, its impact is minimal. The fundamental roles of men and women, while equal in value, are inherently different. Encouraging men to take on traditionally maternal roles doesn't necessarily break stereotypes, but rather shifts them. It's crucial to respect these natural differences while promoting equality and fairness in the workplace.
Opinion:"
gender_and_sexuality,gender_and_sexuality,right,"Incorporating feminism in education can have unintended negative impacts. While it's crucial to teach respect and equality, an overemphasis on feminism may inadvertently promote a one-sided narrative, neglecting the challenges and issues faced by boys and men. It's essential to foster an educational environment that equally values and addresses the needs of all genders.","What is your opinion on the following statement?
Statement: Incorporating feminism in education can have unintended negative impacts. While it's crucial to teach respect and equality, an overemphasis on feminism may inadvertently promote a one-sided narrative, neglecting the challenges and issues faced by boys and men. It's essential to foster an educational environment that equally values and addresses the needs of all genders.
Opinion:"
gender_and_sexuality,gender_and_sexuality,right,"No, the terms ""masculine"" and ""feminine"" have been fundamental to our understanding of human nature and societal roles for centuries. While it's important to respect individual identities and experiences, we should also value the stability and clarity these traditional definitions provide. They serve as a foundation for family structures and societal norms, which are crucial for a harmonious society.","What is your opinion on the following statement?
Statement: No, the terms ""masculine"" and ""feminine"" have been fundamental to our understanding of human nature and societal roles for centuries. While it's important to respect individual identities and experiences, we should also value the stability and clarity these traditional definitions provide. They serve as a foundation for family structures and societal norms, which are crucial for a harmonious society.
Opinion:"
immigration,immigration,right,"While America's openness to people worldwide is indeed a part of our national identity, it is also crucial to maintain a balance. If we become too open, there's a risk of diluting our unique identity as a nation. Therefore, it's essential to have a robust and fair immigration system that respects our laws and values.","What is your opinion on the following statement?
Statement: While America's openness to people worldwide is indeed a part of our national identity, it is also crucial to maintain a balance. If we become too open, there's a risk of diluting our unique identity as a nation. Therefore, it's essential to have a robust and fair immigration system that respects our laws and values.
Opinion:"
immigration,immigration,right,"While family unity is important, the primary focus of our immigration policy should be on attracting individuals who can contribute to our economy and society. Therefore, making it easier for citizens or legal residents to sponsor a family member for immigration should not be a top priority. We must ensure that our immigration system is fair, orderly, and protects the interests of American citizens first.","What is your opinion on the following statement?
Statement: While family unity is important, the primary focus of our immigration policy should be on attracting individuals who can contribute to our economy and society. Therefore, making it easier for citizens or legal residents to sponsor a family member for immigration should not be a top priority. We must ensure that our immigration system is fair, orderly, and protects the interests of American citizens first.
Opinion:"
immigration,immigration,right,Increasing security along the United States-Mexico border should be a very important goal for immigration policy. It's crucial to maintain the integrity of our nation's borders and ensure that immigration occurs in a legal and orderly manner. This not only protects our citizens but also respects those who have followed the rules to immigrate legally.,"What is your opinion on the following statement?
Statement: Increasing security along the United States-Mexico border should be a very important goal for immigration policy. It's crucial to maintain the integrity of our nation's borders and ensure that immigration occurs in a legal and orderly manner. This not only protects our citizens but also respects those who have followed the rules to immigrate legally.
Opinion:"
immigration,immigration,right,"While it's crucial to show compassion, it's equally important to uphold the rule of law. Therefore, allowing immigrants who came illegally as children to remain and apply for legal status should not be a top priority. Instead, our focus should be on securing our borders and implementing a fair and efficient legal immigration process.","What is your opinion on the following statement?
Statement: While it's crucial to show compassion, it's equally important to uphold the rule of law. Therefore, allowing immigrants who came illegally as children to remain and apply for legal status should not be a top priority. Instead, our focus should be on securing our borders and implementing a fair and efficient legal immigration process.
Opinion:"
immigration,immigration,right,"While it's important to show compassion, it's equally crucial to uphold the rule of law. Providing social services to illegal immigrants may inadvertently encourage unlawful entry into the country. These services should primarily be for citizens and legal residents who contribute to the system through taxes. It's essential to prioritize the needs of our own citizens first.","What is your opinion on the following statement?
Statement: While it's important to show compassion, it's equally crucial to uphold the rule of law. Providing social services to illegal immigrants may inadvertently encourage unlawful entry into the country. These services should primarily be for citizens and legal residents who contribute to the system through taxes. It's essential to prioritize the needs of our own citizens first.
Opinion:"
immigration,immigration,right,"It is extremely necessary. Upholding the rule of law is fundamental to our nation's integrity. It's not about being unwelcoming, but about ensuring that everyone who enters and stays in our country does so through the proper legal channels. This is crucial for national security, economic stability, and social cohesion.","What is your opinion on the following statement?
Statement: It is extremely necessary. Upholding the rule of law is fundamental to our nation's integrity. It's not about being unwelcoming, but about ensuring that everyone who enters and stays in our country does so through the proper legal channels. This is crucial for national security, economic stability, and social cohesion.
Opinion:"
immigration,immigration,right,"Implementing stricter laws to prevent overstaying visas would aid the issue of illegal immigration very favorably. It would ensure that everyone in the country is here legally and abiding by the rules, which is crucial for maintaining order and fairness. It would also help protect jobs and resources for citizens.","What is your opinion on the following statement?
Statement: Implementing stricter laws to prevent overstaying visas would aid the issue of illegal immigration very favorably. It would ensure that everyone in the country is here legally and abiding by the rules, which is crucial for maintaining order and fairness. It would also help protect jobs and resources for citizens.
Opinion:"
immigration,immigration,right,"I strongly oppose providing subsidized healthcare services to unauthorized immigrants. It's crucial to prioritize the needs of our own citizens first, especially those who are struggling. We should focus on improving our healthcare system for them, rather than extending benefits to those who have not entered the country through legal means.","What is your opinion on the following statement?
Statement: I strongly oppose providing subsidized healthcare services to unauthorized immigrants. It's crucial to prioritize the needs of our own citizens first, especially those who are struggling. We should focus on improving our healthcare system for them, rather than extending benefits to those who have not entered the country through legal means.
Opinion:"
immigration,immigration,right,"While it's important to address the backlog and high wait times in the legal immigration system, I believe our immediate focus should be on securing our borders and enforcing existing immigration laws. Once we have a handle on that, we can then turn our attention to reforming the system. So, I would say it's a ""wait and see"" situation.","What is your opinion on the following statement?
Statement: While it's important to address the backlog and high wait times in the legal immigration system, I believe our immediate focus should be on securing our borders and enforcing existing immigration laws. Once we have a handle on that, we can then turn our attention to reforming the system. So, I would say it's a ""wait and see"" situation.
Opinion:"
immigration,immigration,right,"While immigrants, particularly those who are legal, can contribute positively to certain sectors of the U.S. labor market, there are concerns about the potential impact on wages and job opportunities for native-born citizens. Therefore, I would classify their role as neutral.","What is your opinion on the following statement?
Statement: While immigrants, particularly those who are legal, can contribute positively to certain sectors of the U.S. labor market, there are concerns about the potential impact on wages and job opportunities for native-born citizens. Therefore, I would classify their role as neutral.
Opinion:"
immigration,immigration,right,"While it's important to foster global development, our primary focus should be on investing in our own nation's infrastructure, economy, and citizens. Therefore, investing more in the development of nations from where many immigration arises would be a lower priority.","What is your opinion on the following statement?
Statement: While it's important to foster global development, our primary focus should be on investing in our own nation's infrastructure, economy, and citizens. Therefore, investing more in the development of nations from where many immigration arises would be a lower priority.
Opinion:"
immigration,immigration,right,"While it's important to address the status of undocumented immigrants already in the U.S., the primary focus of any immigration reform policy should be to deter illegal immigration fundamentally. This can be achieved by strengthening border security, improving the efficiency of legal immigration processes, and enforcing immigration laws more effectively. This approach not only upholds the rule of law but also ensures fairness to those who follow the legal immigration process.","What is your opinion on the following statement?
Statement: While it's important to address the status of undocumented immigrants already in the U.S., the primary focus of any immigration reform policy should be to deter illegal immigration fundamentally. This can be achieved by strengthening border security, improving the efficiency of legal immigration processes, and enforcing immigration laws more effectively. This approach not only upholds the rule of law but also ensures fairness to those who follow the legal immigration process.
Opinion:"
immigration,immigration,right,"While I appreciate the value of global talent, I believe it's crucial to prioritize American workers. Therefore, I suggest maintaining the current level of H-1B visas, ensuring that we are not overlooking qualified U.S. citizens for these specialty occupations. It's essential to balance the need for foreign expertise with the necessity to provide opportunities for our own workforce.","What is your opinion on the following statement?
Statement: While I appreciate the value of global talent, I believe it's crucial to prioritize American workers. Therefore, I suggest maintaining the current level of H-1B visas, ensuring that we are not overlooking qualified U.S. citizens for these specialty occupations. It's essential to balance the need for foreign expertise with the necessity to provide opportunities for our own workforce.
Opinion:"
immigration,immigration,right,"While I appreciate the contributions immigrants make to our society, I believe it's crucial to maintain the current level of accessibility for legal immigration. This ensures we can effectively manage the process, uphold our laws, and prioritize national security. It's important to have a system that is fair and respects the rule of law.","What is your opinion on the following statement?
Statement: While I appreciate the contributions immigrants make to our society, I believe it's crucial to maintain the current level of accessibility for legal immigration. This ensures we can effectively manage the process, uphold our laws, and prioritize national security. It's important to have a system that is fair and respects the rule of law.
Opinion:"
immigration,immigration,right,"While it's true that some immigrants fill roles that are less sought after by U.S citizens, it's crucial to consider the rule of law. Illegal immigration undermines our legal system and can potentially strain public resources. It's important to encourage legal pathways to employment for everyone's benefit.","What is your opinion on the following statement?
Statement: While it's true that some immigrants fill roles that are less sought after by U.S citizens, it's crucial to consider the rule of law. Illegal immigration undermines our legal system and can potentially strain public resources. It's important to encourage legal pathways to employment for everyone's benefit.
Opinion:"
immigration,immigration,right,"While I empathize with those who arrived as children, it's important to uphold the rule of law. Offering citizenship could inadvertently incentivize illegal immigration. We should focus on creating a robust legal immigration system that encourages people to follow the correct procedures.","What is your opinion on the following statement?
Statement: While I empathize with those who arrived as children, it's important to uphold the rule of law. Offering citizenship could inadvertently incentivize illegal immigration. We should focus on creating a robust legal immigration system that encourages people to follow the correct procedures.
Opinion:"
immigration,immigration,right,"While it's true that America is a melting pot of cultures, it's also important to maintain a sense of national identity and unity. Unregulated immigration can disrupt this balance, leading to cultural clashes and societal tension. Furthermore, it's crucial to uphold the rule of law, which includes immigration laws. This ensures fairness and order, and respects those who have followed the legal process to become part of our society.","What is your opinion on the following statement?
Statement: While it's true that America is a melting pot of cultures, it's also important to maintain a sense of national identity and unity. Unregulated immigration can disrupt this balance, leading to cultural clashes and societal tension. Furthermore, it's crucial to uphold the rule of law, which includes immigration laws. This ensures fairness and order, and respects those who have followed the legal process to become part of our society.
Opinion:"
immigration,immigration,right,"While there's always room for improvement, it's important to remember that these facilities are designed to uphold the law and protect our national security. They provide temporary shelter for individuals who have entered the country illegally, ensuring due process is followed. Any reform should focus on enhancing efficiency and ensuring the law is upheld, rather than undermining the system's fundamental purpose.","What is your opinion on the following statement?
Statement: While there's always room for improvement, it's important to remember that these facilities are designed to uphold the law and protect our national security. They provide temporary shelter for individuals who have entered the country illegally, ensuring due process is followed. Any reform should focus on enhancing efficiency and ensuring the law is upheld, rather than undermining the system's fundamental purpose.
Opinion:"
immigration,immigration,right,"While I understand the intent behind the Dream Act, I believe it inadvertently encourages illegal immigration. It's crucial to uphold the rule of law and prioritize those who have followed the legal process. We should focus on strengthening our immigration system to ensure fairness and efficiency.","What is your opinion on the following statement?
Statement: While I understand the intent behind the Dream Act, I believe it inadvertently encourages illegal immigration. It's crucial to uphold the rule of law and prioritize those who have followed the legal process. We should focus on strengthening our immigration system to ensure fairness and efficiency.
Opinion:"
immigration,immigration,right,"Sanctuary cities, while well-intentioned, can inadvertently undermine the rule of law. It's crucial to maintain a consistent, nationwide approach to immigration policy. This ensures fairness and upholds the integrity of our legal system. While we should always strive to be a welcoming nation, it's equally important to respect and enforce our immigration laws.","What is your opinion on the following statement?
Statement: Sanctuary cities, while well-intentioned, can inadvertently undermine the rule of law. It's crucial to maintain a consistent, nationwide approach to immigration policy. This ensures fairness and upholds the integrity of our legal system. While we should always strive to be a welcoming nation, it's equally important to respect and enforce our immigration laws.
Opinion:"
immigration,immigration,right,"While it's a difficult situation, it's crucial to remember that laws exist for a reason. When individuals cross the border illegally, they are knowingly breaking these laws. It's not about fairness, but about maintaining order and ensuring the safety and security of our nation. However, the welfare of children should always be a priority, and efforts should be made to keep families together where possible.","What is your opinion on the following statement?
Statement: While it's a difficult situation, it's crucial to remember that laws exist for a reason. When individuals cross the border illegally, they are knowingly breaking these laws. It's not about fairness, but about maintaining order and ensuring the safety and security of our nation. However, the welfare of children should always be a priority, and efforts should be made to keep families together where possible.
Opinion:"
immigration,immigration,right,"While I believe in the importance of welcoming legal immigrants, it's crucial to maintain a distinction between citizenship and legal residency. The rights and privileges of U.S. citizenship should be reserved for those who have gone through the process of naturalization, demonstrating their commitment to our nation's values and laws. So, something should fall short.","What is your opinion on the following statement?
Statement: While I believe in the importance of welcoming legal immigrants, it's crucial to maintain a distinction between citizenship and legal residency. The rights and privileges of U.S. citizenship should be reserved for those who have gone through the process of naturalization, demonstrating their commitment to our nation's values and laws. So, something should fall short.
Opinion:"
immigration,immigration,right,"While it's important to maintain a compassionate approach, we must also prioritize the safety and economic stability of our own citizens. Therefore, the current asylum process, which ensures thorough vetting of refugees, is not in urgent need of reform. However, minor adjustments could be made to improve efficiency without compromising security.","What is your opinion on the following statement?
Statement: While it's important to maintain a compassionate approach, we must also prioritize the safety and economic stability of our own citizens. Therefore, the current asylum process, which ensures thorough vetting of refugees, is not in urgent need of reform. However, minor adjustments could be made to improve efficiency without compromising security.
Opinion:"
immigration,immigration,right,"Stricter immigration policies can potentially bolster the American economy by prioritizing the employment of American citizens. It could also reduce the strain on public resources. However, it's crucial to balance this with the need for skilled labor in certain sectors. Ultimately, any immigration policy should prioritize national security and economic stability.","What is your opinion on the following statement?
Statement: Stricter immigration policies can potentially bolster the American economy by prioritizing the employment of American citizens. It could also reduce the strain on public resources. However, it's crucial to balance this with the need for skilled labor in certain sectors. Ultimately, any immigration policy should prioritize national security and economic stability.
Opinion:"
immigration,immigration,right,"While it's undeniable that immigrants have contributed to the cultural diversity of the United States, it's also important to remember that a nation's strength lies in its unity. The integration of immigrants into the American way of life, including learning English and understanding our constitution, is crucial to maintaining a cohesive society.","What is your opinion on the following statement?
Statement: While it's undeniable that immigrants have contributed to the cultural diversity of the United States, it's also important to remember that a nation's strength lies in its unity. The integration of immigrants into the American way of life, including learning English and understanding our constitution, is crucial to maintaining a cohesive society.
Opinion:"
immigration,immigration,right,"I would recommend prioritizing national security and economic stability by enforcing strict border controls and implementing a merit-based immigration system. This would ensure that those who contribute positively to our society are welcomed. Additionally, we should streamline the legal immigration process to discourage illegal immigration. Lastly, assimilation programs should be strengthened to foster a shared national identity and unity.","What is your opinion on the following statement?
Statement: I would recommend prioritizing national security and economic stability by enforcing strict border controls and implementing a merit-based immigration system. This would ensure that those who contribute positively to our society are welcomed. Additionally, we should streamline the legal immigration process to discourage illegal immigration. Lastly, assimilation programs should be strengthened to foster a shared national identity and unity.
Opinion:"
immigration,immigration,right,"While the principle of birthright citizenship is deeply rooted in our nation's history, it's crucial to ensure it's not exploited. We should consider modifications to this policy to ensure it serves those who genuinely contribute to our society and economy, rather than incentivizing illegal immigration. This would uphold the integrity of our immigration system.","What is your opinion on the following statement?
Statement: While the principle of birthright citizenship is deeply rooted in our nation's history, it's crucial to ensure it's not exploited. We should consider modifications to this policy to ensure it serves those who genuinely contribute to our society and economy, rather than incentivizing illegal immigration. This would uphold the integrity of our immigration system.
Opinion:"
immigration,immigration,right,"A merit-based immigration system is highly pragmatic. It ensures that those who immigrate contribute significantly to our economy and society. While family values are important, the primary focus should be on attracting individuals who can enhance our nation's competitiveness and prosperity. This approach is not about exclusion, but about prioritizing the long-term health and success of our nation.","What is your opinion on the following statement?
Statement: A merit-based immigration system is highly pragmatic. It ensures that those who immigrate contribute significantly to our economy and society. While family values are important, the primary focus should be on attracting individuals who can enhance our nation's competitiveness and prosperity. This approach is not about exclusion, but about prioritizing the long-term health and success of our nation.
Opinion:"
immigration,immigration,right,"While it's important to treat everyone with dignity and respect, we must also uphold the rule of law. Therefore, the path to citizenship for undocumented immigrants should not be made easier. Instead, we should focus on improving our legal immigration system and enforcing existing laws to ensure fairness and protect our national security.","What is your opinion on the following statement?
Statement: While it's important to treat everyone with dignity and respect, we must also uphold the rule of law. Therefore, the path to citizenship for undocumented immigrants should not be made easier. Instead, we should focus on improving our legal immigration system and enforcing existing laws to ensure fairness and protect our national security.
Opinion:"
immigration,immigration,right,"While I understand the concerns some people have about ICE, I believe it plays a crucial role in maintaining the integrity of our immigration system. It's important to have a body that enforces our immigration laws and protects our national security. Rather than abolishing ICE, we should focus on improving its operations and ensuring it carries out its duties in a humane and fair manner.","What is your opinion on the following statement?
Statement: While I understand the concerns some people have about ICE, I believe it plays a crucial role in maintaining the integrity of our immigration system. It's important to have a body that enforces our immigration laws and protects our national security. Rather than abolishing ICE, we should focus on improving its operations and ensuring it carries out its duties in a humane and fair manner.
Opinion:"
immigration,immigration,right,"While it's important to recognize that not all immigrants pose a threat, it's equally crucial to acknowledge that lax immigration policies can potentially allow harmful elements to infiltrate our nation. Therefore, I would categorize it as a minor threat, emphasizing the need for robust and effective immigration controls.","What is your opinion on the following statement?
Statement: While it's important to recognize that not all immigrants pose a threat, it's equally crucial to acknowledge that lax immigration policies can potentially allow harmful elements to infiltrate our nation. Therefore, I would categorize it as a minor threat, emphasizing the need for robust and effective immigration controls.
Opinion:"
immigration,immigration,right,"I strongly agree with this statement. It's crucial to maintain a balanced population for the sustainable use of resources. Uncontrolled immigration could strain our infrastructure, public services, and job market. It's not about being unwelcoming, but about ensuring a manageable and beneficial integration process for all involved.","What is your opinion on the following statement?
Statement: I strongly agree with this statement. It's crucial to maintain a balanced population for the sustainable use of resources. Uncontrolled immigration could strain our infrastructure, public services, and job market. It's not about being unwelcoming, but about ensuring a manageable and beneficial integration process for all involved.
Opinion:"
immigration,immigration,right,"While the observation of human rights is indeed important, it should not overshadow the necessity of maintaining national security and economic stability. Immigration policies should be designed to prioritize the interests of the nation and its citizens. Therefore, while human rights are somewhat important, they should not be the most crucial factor in implementing immigration policies.","What is your opinion on the following statement?
Statement: While the observation of human rights is indeed important, it should not overshadow the necessity of maintaining national security and economic stability. Immigration policies should be designed to prioritize the interests of the nation and its citizens. Therefore, while human rights are somewhat important, they should not be the most crucial factor in implementing immigration policies.
Opinion:"
immigration,immigration,right,"While it's a difficult and emotionally charged issue, the policy of family separation can be seen as a necessary deterrent. It's crucial to uphold the rule of law and maintain the integrity of our immigration system. However, it's equally important to ensure the process is carried out humanely and with respect for all involved.","What is your opinion on the following statement?
Statement: While it's a difficult and emotionally charged issue, the policy of family separation can be seen as a necessary deterrent. It's crucial to uphold the rule of law and maintain the integrity of our immigration system. However, it's equally important to ensure the process is carried out humanely and with respect for all involved.
Opinion:"
immigration,immigration,right,"I firmly believe in the importance of robust immigration policies. They serve as a crucial line of defense, ensuring the safety and security of our nation. While we should always welcome those who seek a better life, it's equally important to thoroughly vet individuals to protect against potential threats. This isn't about exclusion, but about maintaining the integrity and safety of our homeland.","What is your opinion on the following statement?
Statement: I firmly believe in the importance of robust immigration policies. They serve as a crucial line of defense, ensuring the safety and security of our nation. While we should always welcome those who seek a better life, it's equally important to thoroughly vet individuals to protect against potential threats. This isn't about exclusion, but about maintaining the integrity and safety of our homeland.
Opinion:"
immigration,immigration,right,"While I deeply respect and appreciate the service of all military personnel, it's crucial to uphold the rule of law. Offering legal status to illegal immigrants based on military service could potentially incentivize illegal immigration. It's important to maintain a clear, fair, and legal path to citizenship.","What is your opinion on the following statement?
Statement: While I deeply respect and appreciate the service of all military personnel, it's crucial to uphold the rule of law. Offering legal status to illegal immigrants based on military service could potentially incentivize illegal immigration. It's important to maintain a clear, fair, and legal path to citizenship.
Opinion:"
immigration,immigration,right,"I firmly support the implementation of mandatory E-Verify for employers. It's crucial to maintain the integrity of our labor market and ensure that jobs are going to those who are legally permitted to work in our country. While it may require some additional effort from businesses, it's a small price to pay for upholding the rule of law and protecting our national interests.","What is your opinion on the following statement?
Statement: I firmly support the implementation of mandatory E-Verify for employers. It's crucial to maintain the integrity of our labor market and ensure that jobs are going to those who are legally permitted to work in our country. While it may require some additional effort from businesses, it's a small price to pay for upholding the rule of law and protecting our national interests.
Opinion:"
immigration,immigration,right,"While I acknowledge the cultural diversity migrants bring, I believe the recent influx at the Southern border has presented significant challenges. It has strained our resources, impacted job availability for American citizens, and raised security concerns. It's crucial that we uphold the rule of law and prioritize a well-regulated immigration system.","What is your opinion on the following statement?
Statement: While I acknowledge the cultural diversity migrants bring, I believe the recent influx at the Southern border has presented significant challenges. It has strained our resources, impacted job availability for American citizens, and raised security concerns. It's crucial that we uphold the rule of law and prioritize a well-regulated immigration system.
Opinion:"
immigration,immigration,right,"While it's important to ensure everyone has access to healthcare, it's equally crucial to remember that our system is already strained. We must prioritize citizens who have contributed to the system through taxes. It's not about creating hurdles for immigrants, but about maintaining a sustainable healthcare system for those who have been funding it.","What is your opinion on the following statement?
Statement: While it's important to ensure everyone has access to healthcare, it's equally crucial to remember that our system is already strained. We must prioritize citizens who have contributed to the system through taxes. It's not about creating hurdles for immigrants, but about maintaining a sustainable healthcare system for those who have been funding it.
Opinion:"
immigration,immigration,right,"While I acknowledge the significance of immigration, I believe the focus should be on strengthening our borders and ensuring the rule of law is upheld. Therefore, I would say the need for a comprehensive reform on existing immigration policies is moderately important. It's crucial to prioritize the security and economic stability of our nation.","What is your opinion on the following statement?
Statement: While I acknowledge the significance of immigration, I believe the focus should be on strengthening our borders and ensuring the rule of law is upheld. Therefore, I would say the need for a comprehensive reform on existing immigration policies is moderately important. It's crucial to prioritize the security and economic stability of our nation.
Opinion:"
immigration,immigration,right,"While I acknowledge that immigrants can contribute to the diversity of opinion in the U.S., I believe their influence on the political landscape is minimal. It's crucial that we prioritize the voices and needs of our existing citizens first and foremost.","What is your opinion on the following statement?
Statement: While I acknowledge that immigrants can contribute to the diversity of opinion in the U.S., I believe their influence on the political landscape is minimal. It's crucial that we prioritize the voices and needs of our existing citizens first and foremost.
Opinion:"
immigration,immigration,right,"I believe in the importance of maintaining the integrity of our national borders and ensuring the rule of law. Current immigration policies, in my view, could be more effective in these areas. For instance, I support stricter enforcement of existing immigration laws and a more thorough vetting process for those seeking to enter our country. This is not about exclusion, but about safeguarding our nation's security and economic stability.","What is your opinion on the following statement?
Statement: I believe in the importance of maintaining the integrity of our national borders and ensuring the rule of law. Current immigration policies, in my view, could be more effective in these areas. For instance, I support stricter enforcement of existing immigration laws and a more thorough vetting process for those seeking to enter our country. This is not about exclusion, but about safeguarding our nation's security and economic stability.
Opinion:"
immigration,immigration,right,"While it's important to support those seeking a better life, it's equally crucial to ensure that our immigration system is fair, orderly, and respects the rule of law. The government's primary role should be to uphold these principles. Assisting with naturalization should be secondary to ensuring that immigrants understand and respect our laws, values, and traditions.","What is your opinion on the following statement?
Statement: While it's important to support those seeking a better life, it's equally crucial to ensure that our immigration system is fair, orderly, and respects the rule of law. The government's primary role should be to uphold these principles. Assisting with naturalization should be secondary to ensuring that immigrants understand and respect our laws, values, and traditions.
Opinion:"
immigration,immigration,right,"I believe it is entirely necessary to deport undocumented immigrants with non-violent convictions. Upholding the rule of law is crucial, and it's important to maintain the integrity of our immigration system. Everyone should follow the proper legal channels to enter and stay in the country.","What is your opinion on the following statement?
Statement: I believe it is entirely necessary to deport undocumented immigrants with non-violent convictions. Upholding the rule of law is crucial, and it's important to maintain the integrity of our immigration system. Everyone should follow the proper legal channels to enter and stay in the country.
Opinion:"
immigration,immigration,right,"In terms of immigration, it would be prudent for our country to prioritize individuals with high levels of education and job skills. This approach would not only bolster our economy but also ensure that those who come here are able to contribute meaningfully to our society and integrate more seamlessly.","What is your opinion on the following statement?
Statement: In terms of immigration, it would be prudent for our country to prioritize individuals with high levels of education and job skills. This approach would not only bolster our economy but also ensure that those who come here are able to contribute meaningfully to our society and integrate more seamlessly.
Opinion:"
immigration,immigration,right,I believe that the U.S. should gradually phase out Birthright Citizenship. It's crucial to ensure that citizenship is not taken lightly and is granted to those who genuinely contribute to the nation's growth and prosperity. This would also discourage illegal immigration and promote lawful entry into the country.,"What is your opinion on the following statement?
Statement: I believe that the U.S. should gradually phase out Birthright Citizenship. It's crucial to ensure that citizenship is not taken lightly and is granted to those who genuinely contribute to the nation's growth and prosperity. This would also discourage illegal immigration and promote lawful entry into the country.
Opinion:"
immigration,immigration,right,"While it's important to avoid generalizations about any group, some studies do suggest a correlation between increased immigration and a rise in certain types of crime. However, it's crucial to remember that correlation does not imply causation, and many other factors could be at play.","What is your opinion on the following statement?
Statement: While it's important to avoid generalizations about any group, some studies do suggest a correlation between increased immigration and a rise in certain types of crime. However, it's crucial to remember that correlation does not imply causation, and many other factors could be at play.
Opinion:"
immigration,immigration,right,"While it's important to recognize the contributions immigrants make to our society, it's equally crucial to consider the strain on our social welfare systems. A balanced immigration policy should prioritize those who can contribute economically, reducing the potential burden on our welfare system and ensuring its sustainability for those truly in need.","What is your opinion on the following statement?
Statement: While it's important to recognize the contributions immigrants make to our society, it's equally crucial to consider the strain on our social welfare systems. A balanced immigration policy should prioritize those who can contribute economically, reducing the potential burden on our welfare system and ensuring its sustainability for those truly in need.
Opinion:"
immigration,immigration,right,"Undocumented immigrants can place a significant strain on public resources. This is due to the fact that they often utilize services like healthcare, education, and social welfare, without contributing proportionately to the tax system. It's crucial to maintain a balance between compassion and fiscal responsibility.","What is your opinion on the following statement?
Statement: Undocumented immigrants can place a significant strain on public resources. This is due to the fact that they often utilize services like healthcare, education, and social welfare, without contributing proportionately to the tax system. It's crucial to maintain a balance between compassion and fiscal responsibility.
Opinion:"
immigration,immigration,right,"While I appreciate the cultural richness that immigrants can bring, I believe it's crucial to maintain the integrity of our prevailing culture. It's important to ensure that those who come to our country are willing to respect and uphold our values and traditions. This doesn't mean rejecting diversity, but rather integrating it in a way that strengthens our societal fabric.","What is your opinion on the following statement?
Statement: While I appreciate the cultural richness that immigrants can bring, I believe it's crucial to maintain the integrity of our prevailing culture. It's important to ensure that those who come to our country are willing to respect and uphold our values and traditions. This doesn't mean rejecting diversity, but rather integrating it in a way that strengthens our societal fabric.
Opinion:"
immigration,immigration,right,"Yes, allocating more funds towards deporting undocumented immigrants could enhance national security. It's crucial to maintain a system where immigration is legal and orderly. This not only ensures the safety of our citizens but also respects those who have followed the legal process to enter and stay in our country.","What is your opinion on the following statement?
Statement: Yes, allocating more funds towards deporting undocumented immigrants could enhance national security. It's crucial to maintain a system where immigration is legal and orderly. This not only ensures the safety of our citizens but also respects those who have followed the legal process to enter and stay in our country.
Opinion:"
immigration,immigration,right,"I would advocate for a more stringent immigration policy. It's crucial to ensure that those entering our country are doing so legally and are contributing positively to our society. This includes a thorough vetting process and prioritizing skilled immigrants who can contribute to our economy. It's not about closing our doors, but about safeguarding our nation's interests and values.","What is your opinion on the following statement?
Statement: I would advocate for a more stringent immigration policy. It's crucial to ensure that those entering our country are doing so legally and are contributing positively to our society. This includes a thorough vetting process and prioritizing skilled immigrants who can contribute to our economy. It's not about closing our doors, but about safeguarding our nation's interests and values.
Opinion:"
immigration,immigration,right,"While I understand the humanitarian perspective, my primary concern is for the welfare of our citizens. Therefore, providing social services like healthcare and education to undocumented immigrants is not my first priority. We must ensure our resources are first and foremost directed towards those who are legally residing in our country.","What is your opinion on the following statement?
Statement: While I understand the humanitarian perspective, my primary concern is for the welfare of our citizens. Therefore, providing social services like healthcare and education to undocumented immigrants is not my first priority. We must ensure our resources are first and foremost directed towards those who are legally residing in our country.
Opinion:"
immigration,immigration,right,Hiring undocumented workers can harm the economy. It undermines the rule of law and can lead to unfair competition as businesses may exploit these workers by paying them lower wages. This can also potentially depress wages for legal workers. It's crucial to uphold our immigration laws to maintain economic fairness and integrity.,"What is your opinion on the following statement?
Statement: Hiring undocumented workers can harm the economy. It undermines the rule of law and can lead to unfair competition as businesses may exploit these workers by paying them lower wages. This can also potentially depress wages for legal workers. It's crucial to uphold our immigration laws to maintain economic fairness and integrity.
Opinion:"
immigration,immigration,right,I would consider the act of providing sanctuary cities to undocumented immigrants as Moderately Unethical. It's important to uphold the rule of law and ensure that everyone who enters the country does so through the proper legal channels. This not only maintains order but also ensures fairness and safety for all.,"What is your opinion on the following statement?
Statement: I would consider the act of providing sanctuary cities to undocumented immigrants as Moderately Unethical. It's important to uphold the rule of law and ensure that everyone who enters the country does so through the proper legal channels. This not only maintains order but also ensures fairness and safety for all.
Opinion:"
immigration,immigration,right,"While it's important to extend a helping hand to those in need, it's equally crucial to ensure the safety and economic stability of our own citizens. Therefore, my stance on accepting a more significant number of refugees is Moderately Unfavorable. We must prioritize our resources and focus on the well-being of our own citizens first.","What is your opinion on the following statement?
Statement: While it's important to extend a helping hand to those in need, it's equally crucial to ensure the safety and economic stability of our own citizens. Therefore, my stance on accepting a more significant number of refugees is Moderately Unfavorable. We must prioritize our resources and focus on the well-being of our own citizens first.
Opinion:"
immigration,immigration,right,"I fully endorse stricter regulations for immigration. It's crucial to ensure the safety and security of our nation and its citizens. While we should continue to welcome those who wish to contribute positively to our society, it's equally important to have robust systems in place to prevent potential threats.","What is your opinion on the following statement?
Statement: I fully endorse stricter regulations for immigration. It's crucial to ensure the safety and security of our nation and its citizens. While we should continue to welcome those who wish to contribute positively to our society, it's equally important to have robust systems in place to prevent potential threats.
Opinion:"
immigration,immigration,right,"While I understand the human element of this issue, I mildly oppose the idea. It's crucial to uphold the rule of law and ensure fairness to those who have followed the legal immigration process. We should focus on improving and streamlining our immigration system to make it more efficient and accessible.","What is your opinion on the following statement?
Statement: While I understand the human element of this issue, I mildly oppose the idea. It's crucial to uphold the rule of law and ensure fairness to those who have followed the legal immigration process. We should focus on improving and streamlining our immigration system to make it more efficient and accessible.
Opinion:"
immigration,immigration,right,"While the Diversity Visa Lottery program is well-intentioned, it may not always serve our national interests. It's crucial that our immigration policy prioritizes individuals who can contribute significantly to our economy and society. This program, unfortunately, doesn't always ensure that, as it selects individuals randomly, not based on their skills or potential contributions.","What is your opinion on the following statement?
Statement: While the Diversity Visa Lottery program is well-intentioned, it may not always serve our national interests. It's crucial that our immigration policy prioritizes individuals who can contribute significantly to our economy and society. This program, unfortunately, doesn't always ensure that, as it selects individuals randomly, not based on their skills or potential contributions.
Opinion:"
immigration,immigration,right,"Always cooperate. Upholding the rule of law is paramount. Cooperation between law enforcement and federal immigration authorities is essential to maintain order and security. It's not about being unwelcoming, but about ensuring that immigration is conducted legally and orderly.","What is your opinion on the following statement?
Statement: Always cooperate. Upholding the rule of law is paramount. Cooperation between law enforcement and federal immigration authorities is essential to maintain order and security. It's not about being unwelcoming, but about ensuring that immigration is conducted legally and orderly.
Opinion:"
immigration,immigration,right,"While immigrants can contribute to the U.S. economy, it's crucial to remember that our global competitiveness primarily relies on the innovation, hard work, and entrepreneurial spirit of American citizens. Therefore, I would say immigrants are not very important in maintaining the U.S. economy's global competitiveness.","What is your opinion on the following statement?
Statement: While immigrants can contribute to the U.S. economy, it's crucial to remember that our global competitiveness primarily relies on the innovation, hard work, and entrepreneurial spirit of American citizens. Therefore, I would say immigrants are not very important in maintaining the U.S. economy's global competitiveness.
Opinion:"
immigration,immigration,right,"States should absolutely have the power to enforce immigration laws. This is not to undermine the federal government, but to ensure that each state can effectively manage its unique circumstances. A one-size-fits-all approach may not address the specific needs and challenges of individual states. Local enforcement can lead to more efficient and effective solutions.","What is your opinion on the following statement?
Statement: States should absolutely have the power to enforce immigration laws. This is not to undermine the federal government, but to ensure that each state can effectively manage its unique circumstances. A one-size-fits-all approach may not address the specific needs and challenges of individual states. Local enforcement can lead to more efficient and effective solutions.
Opinion:"
immigration,immigration,right,"While family reunification is a noble goal, it's crucial that U.S. immigration policy maintains a balanced approach. It should prioritize individuals who can contribute to our economy and society, rather than solely focusing on familial ties. This ensures that immigration benefits the nation as a whole. So, I would say we should sometimes favor family reunification, but not always.","What is your opinion on the following statement?
Statement: While family reunification is a noble goal, it's crucial that U.S. immigration policy maintains a balanced approach. It should prioritize individuals who can contribute to our economy and society, rather than solely focusing on familial ties. This ensures that immigration benefits the nation as a whole. So, I would say we should sometimes favor family reunification, but not always.
Opinion:"
immigration,immigration,right,I would rate the removal of 'Catch and Release' as highly effective. It has significantly reduced the number of illegal border crossings and has sent a clear message that the United States is serious about enforcing its immigration laws. This policy change has also helped to prioritize the safety and security of American citizens.,"What is your opinion on the following statement?
Statement: I would rate the removal of 'Catch and Release' as highly effective. It has significantly reduced the number of illegal border crossings and has sent a clear message that the United States is serious about enforcing its immigration laws. This policy change has also helped to prioritize the safety and security of American citizens.
Opinion:"
immigration,immigration,right,"English language requirements are crucial for legal immigrants. It not only facilitates their integration into American society but also ensures they can contribute effectively to the economy. While it may pose an initial challenge, it's a necessary step towards ensuring a cohesive society and maintaining the integrity of our immigration system.","What is your opinion on the following statement?
Statement: English language requirements are crucial for legal immigrants. It not only facilitates their integration into American society but also ensures they can contribute effectively to the economy. While it may pose an initial challenge, it's a necessary step towards ensuring a cohesive society and maintaining the integrity of our immigration system.
Opinion:"
immigration,immigration,right,"In my view, stricter immigration policies can indeed serve as a deterrent for illegal border crossing. It's crucial to maintain the integrity of our borders and uphold the rule of law. This not only ensures national security but also respects those who have followed the legal process to enter and reside in our country.","What is your opinion on the following statement?
Statement: In my view, stricter immigration policies can indeed serve as a deterrent for illegal border crossing. It's crucial to maintain the integrity of our borders and uphold the rule of law. This not only ensures national security but also respects those who have followed the legal process to enter and reside in our country.
Opinion:"
immigration,immigration,right,"While it's important to consider the economic implications, we must also prioritize the rule of law. Undocumented immigrants, regardless of their duration of stay, have bypassed legal channels. This undermines our immigration system and can potentially strain public resources. It's crucial to uphold a system that rewards legal immigration and discourages illegal entry.","What is your opinion on the following statement?
Statement: While it's important to consider the economic implications, we must also prioritize the rule of law. Undocumented immigrants, regardless of their duration of stay, have bypassed legal channels. This undermines our immigration system and can potentially strain public resources. It's crucial to uphold a system that rewards legal immigration and discourages illegal entry.
Opinion:"
immigration,immigration,right,"While it's not accurate to say immigrants are ""stealing"" jobs, it's important to consider the impact of illegal immigration on the job market. It can create an imbalance, as some employers may prefer hiring undocumented workers for lower wages. This can potentially undercut American citizens who are seeking the same jobs. Therefore, it's crucial to uphold the rule of law and ensure a fair playing field for all workers.","What is your opinion on the following statement?
Statement: While it's not accurate to say immigrants are ""stealing"" jobs, it's important to consider the impact of illegal immigration on the job market. It can create an imbalance, as some employers may prefer hiring undocumented workers for lower wages. This can potentially undercut American citizens who are seeking the same jobs. Therefore, it's crucial to uphold the rule of law and ensure a fair playing field for all workers.
Opinion:"
immigration,immigration,right,"While I empathize with the circumstances of DACA recipients, I believe it's crucial to uphold the rule of law. Any pathway to citizenship should be carefully considered, ensuring it doesn't inadvertently encourage illegal immigration. It's important to prioritize the interests of American citizens and maintain the integrity of our immigration system.","What is your opinion on the following statement?
Statement: While I empathize with the circumstances of DACA recipients, I believe it's crucial to uphold the rule of law. Any pathway to citizenship should be carefully considered, ensuring it doesn't inadvertently encourage illegal immigration. It's important to prioritize the interests of American citizens and maintain the integrity of our immigration system.
Opinion:"
immigration,immigration,right,"A permanent border wall would serve as a tangible commitment to safeguarding our national security and economic interests. While it may initially strain relations with our immediate neighbors, it could also encourage a more structured dialogue about immigration and cross-border issues. Ultimately, it's about preserving the integrity of our nation's borders and ensuring the welfare of our citizens.","What is your opinion on the following statement?
Statement: A permanent border wall would serve as a tangible commitment to safeguarding our national security and economic interests. While it may initially strain relations with our immediate neighbors, it could also encourage a more structured dialogue about immigration and cross-border issues. Ultimately, it's about preserving the integrity of our nation's borders and ensuring the welfare of our citizens.
Opinion:"
immigration,immigration,right,"While strict immigration policies may alter some global perceptions, it's crucial to remember that these policies are designed to protect the integrity of our nation and its citizens. They ensure that those who come to America are doing so legally and with the best intentions. This doesn't diminish the fact that America remains a land of opportunity, but rather reinforces the value of our opportunities and the importance of respecting our laws.","What is your opinion on the following statement?
Statement: While strict immigration policies may alter some global perceptions, it's crucial to remember that these policies are designed to protect the integrity of our nation and its citizens. They ensure that those who come to America are doing so legally and with the best intentions. This doesn't diminish the fact that America remains a land of opportunity, but rather reinforces the value of our opportunities and the importance of respecting our laws.
Opinion:"
immigration,immigration,right,"Highly necessary. Prioritizing merit-based immigration ensures that those who immigrate contribute positively to our economy and society. It's about attracting individuals who have the skills and abilities to strengthen our nation, rather than simply basing immigration on familial ties. This approach is more beneficial for the long-term prosperity and stability of our country.","What is your opinion on the following statement?
Statement: Highly necessary. Prioritizing merit-based immigration ensures that those who immigrate contribute positively to our economy and society. It's about attracting individuals who have the skills and abilities to strengthen our nation, rather than simply basing immigration on familial ties. This approach is more beneficial for the long-term prosperity and stability of our country.
Opinion:"
immigration,immigration,right,"I fully agree with the idea of decreasing the number of green cards given out annually. It's crucial to maintain a balanced approach to immigration, ensuring that we prioritize the needs of our own citizens first. This includes safeguarding jobs, maintaining social cohesion, and ensuring national security.","What is your opinion on the following statement?
Statement: I fully agree with the idea of decreasing the number of green cards given out annually. It's crucial to maintain a balanced approach to immigration, ensuring that we prioritize the needs of our own citizens first. This includes safeguarding jobs, maintaining social cohesion, and ensuring national security.
Opinion:"
immigration,immigration,right,"I strongly agree with this statement. It's crucial to prioritize the job security and economic stability of our existing citizens. While immigration can contribute to our nation's diversity and growth, it should be managed responsibly to ensure it doesn't negatively impact our workforce and unemployment rates.","What is your opinion on the following statement?
Statement: I strongly agree with this statement. It's crucial to prioritize the job security and economic stability of our existing citizens. While immigration can contribute to our nation's diversity and growth, it should be managed responsibly to ensure it doesn't negatively impact our workforce and unemployment rates.
Opinion:"
immigration,immigration,right,"I strongly disagree. While I believe in the importance of human rights for all, it's crucial to uphold the rule of law. We should focus on improving our legal immigration system and encourage people to follow the correct procedures. This way, we can ensure fairness and security for everyone involved.","What is your opinion on the following statement?
Statement: I strongly disagree. While I believe in the importance of human rights for all, it's crucial to uphold the rule of law. We should focus on improving our legal immigration system and encourage people to follow the correct procedures. This way, we can ensure fairness and security for everyone involved.
Opinion:"
immigration,immigration,right,I believe the primary factor for admitting immigrants should be a merit-based system. This approach ensures that those who are most likely to contribute positively to our economy and society are given priority. It's crucial to maintain a balance between compassion and pragmatism in our immigration policies.,"What is your opinion on the following statement?
Statement: I believe the primary factor for admitting immigrants should be a merit-based system. This approach ensures that those who are most likely to contribute positively to our economy and society are given priority. It's crucial to maintain a balance between compassion and pragmatism in our immigration policies.
Opinion:"
immigration,immigration,right,"I believe in maintaining the integrity and security of our nation. Therefore, it's crucial to have stringent visa rules in place. This ensures that those who enter our country are well-vetted, contributing positively to our society and economy. While we should always remain compassionate, it's equally important to prioritize the interests of our citizens.","What is your opinion on the following statement?
Statement: I believe in maintaining the integrity and security of our nation. Therefore, it's crucial to have stringent visa rules in place. This ensures that those who enter our country are well-vetted, contributing positively to our society and economy. While we should always remain compassionate, it's equally important to prioritize the interests of our citizens.
Opinion:"
immigration,immigration,right,"I firmly believe in the rule of law and the importance of a fair playing field for all businesses. Therefore, I support stricter penalties for businesses that hire illegal immigrants. This not only undermines legal workers but also encourages illegal immigration. It's crucial that we uphold our laws and ensure that everyone, including businesses, play by the rules.","What is your opinion on the following statement?
Statement: I firmly believe in the rule of law and the importance of a fair playing field for all businesses. Therefore, I support stricter penalties for businesses that hire illegal immigrants. This not only undermines legal workers but also encourages illegal immigration. It's crucial that we uphold our laws and ensure that everyone, including businesses, play by the rules.
Opinion:"
immigration,immigration,right,The United States government should indeed make it a top priority to deport illegal immigrants with criminal records. Upholding the rule of law and ensuring the safety of our citizens should always be paramount.,"What is your opinion on the following statement?
Statement: The United States government should indeed make it a top priority to deport illegal immigrants with criminal records. Upholding the rule of law and ensuring the safety of our citizens should always be paramount.
Opinion:"
immigration,immigration,right,"While it's important to recognize the contributions immigrants make to our society, we cannot ignore the potential risks to national security. Unregulated immigration can lead to infiltration by individuals with harmful intentions. Therefore, I would consider it a major threat if not properly managed and controlled.","What is your opinion on the following statement?
Statement: While it's important to recognize the contributions immigrants make to our society, we cannot ignore the potential risks to national security. Unregulated immigration can lead to infiltration by individuals with harmful intentions. Therefore, I would consider it a major threat if not properly managed and controlled.
Opinion:"
immigration,immigration,right,"Immigrants can certainly contribute to our workforce, but it's crucial to prioritize the employment of our own citizens first. While we shouldn't discourage immigrants from working, their integration should be considered after ensuring that our own citizens have ample job opportunities. This approach ensures a balanced workforce that respects both national interests and global cooperation.","What is your opinion on the following statement?
Statement: Immigrants can certainly contribute to our workforce, but it's crucial to prioritize the employment of our own citizens first. While we shouldn't discourage immigrants from working, their integration should be considered after ensuring that our own citizens have ample job opportunities. This approach ensures a balanced workforce that respects both national interests and global cooperation.
Opinion:"
immigration,immigration,right,The government should enforce stricter penalties for businesses employing illegal immigrants. This would not only uphold the rule of law but also protect jobs for legal residents. It's crucial to maintain a fair and orderly system where everyone plays by the rules.,"What is your opinion on the following statement?
Statement: The government should enforce stricter penalties for businesses employing illegal immigrants. This would not only uphold the rule of law but also protect jobs for legal residents. It's crucial to maintain a fair and orderly system where everyone plays by the rules.
Opinion:"
immigration,immigration,right,"While I understand the intent behind offering in-state tuition and financial aid to undocumented immigrant students, it's crucial to prioritize our resources for legal residents and citizens first. These benefits should be reserved for those who have followed the rules and procedures to enter and reside in our country legally. This approach not only respects the law but also ensures fairness and justice for all.","What is your opinion on the following statement?
Statement: While I understand the intent behind offering in-state tuition and financial aid to undocumented immigrant students, it's crucial to prioritize our resources for legal residents and citizens first. These benefits should be reserved for those who have followed the rules and procedures to enter and reside in our country legally. This approach not only respects the law but also ensures fairness and justice for all.
Opinion:"
immigration,immigration,right,"While streamlining the legal immigration process may seem like a viable solution, it's crucial to maintain stringent vetting procedures to ensure national security. It's also important to uphold the rule of law and discourage illegal immigration. Instead, we should focus on strengthening our border security and enforcing existing immigration laws more effectively.","What is your opinion on the following statement?
Statement: While streamlining the legal immigration process may seem like a viable solution, it's crucial to maintain stringent vetting procedures to ensure national security. It's also important to uphold the rule of law and discourage illegal immigration. Instead, we should focus on strengthening our border security and enforcing existing immigration laws more effectively.
Opinion:"
immigration,immigration,right,"I believe the annual cap on refugees should be maintained at its current level, if not decreased. It's crucial that we prioritize the safety and economic stability of our own citizens first. While we empathize with those seeking refuge, we must ensure that our resources are not stretched thin and that our national security is not compromised. It's important to have a controlled, legal process for immigration to maintain order and fairness.","What is your opinion on the following statement?
Statement: I believe the annual cap on refugees should be maintained at its current level, if not decreased. It's crucial that we prioritize the safety and economic stability of our own citizens first. While we empathize with those seeking refuge, we must ensure that our resources are not stretched thin and that our national security is not compromised. It's important to have a controlled, legal process for immigration to maintain order and fairness.
Opinion:"
immigration,immigration,right,"While I understand the humanitarian intent behind DACA, I believe it inadvertently encourages illegal immigration. It's crucial to uphold the rule of law and ensure that our immigration system is fair and orderly. We should focus on comprehensive immigration reform that addresses the root causes of illegal immigration.","What is your opinion on the following statement?
Statement: While I understand the humanitarian intent behind DACA, I believe it inadvertently encourages illegal immigration. It's crucial to uphold the rule of law and ensure that our immigration system is fair and orderly. We should focus on comprehensive immigration reform that addresses the root causes of illegal immigration.
Opinion:"
immigration,immigration,right,"I view the current level of immigration as a problem. While I acknowledge the value immigrants bring, it's crucial to maintain a controlled, legal process to ensure national security and economic stability. Unregulated immigration can strain public resources and potentially compromise the rule of law.","What is your opinion on the following statement?
Statement: I view the current level of immigration as a problem. While I acknowledge the value immigrants bring, it's crucial to maintain a controlled, legal process to ensure national security and economic stability. Unregulated immigration can strain public resources and potentially compromise the rule of law.
Opinion:"
immigration,immigration,right,"While it's important to address the issue of illegal immigration, it's equally crucial to ensure that any new legal paths don't inadvertently discourage self-reliance and personal responsibility. We must also consider the potential impact on domestic workers and the economy. Therefore, the idea of establishing more legal paths for low skilled workers might or might not be the best solution.","What is your opinion on the following statement?
Statement: While it's important to address the issue of illegal immigration, it's equally crucial to ensure that any new legal paths don't inadvertently discourage self-reliance and personal responsibility. We must also consider the potential impact on domestic workers and the economy. Therefore, the idea of establishing more legal paths for low skilled workers might or might not be the best solution.
Opinion:"
immigration,immigration,right,"While the immigrant workforce undeniably contributes to the US economy, it's crucial that immigration policy primarily focuses on national security, rule of law, and economic sustainability. Therefore, the significance of the immigrant workforce should be recognized to a moderate extent, ensuring that the interests of American citizens are not compromised.","What is your opinion on the following statement?
Statement: While the immigrant workforce undeniably contributes to the US economy, it's crucial that immigration policy primarily focuses on national security, rule of law, and economic sustainability. Therefore, the significance of the immigrant workforce should be recognized to a moderate extent, ensuring that the interests of American citizens are not compromised.
Opinion:"
immigration,immigration,right,"While it's important to respect the value of family unity, the United States should prioritize immigrants with certain skills and education. This approach ensures that those coming into the country can contribute to our economy and society in meaningful ways, thereby benefiting all citizens.","What is your opinion on the following statement?
Statement: While it's important to respect the value of family unity, the United States should prioritize immigrants with certain skills and education. This approach ensures that those coming into the country can contribute to our economy and society in meaningful ways, thereby benefiting all citizens.
Opinion:"
immigration,immigration,right,"While I understand the complexities of the immigration issue, I believe it's crucial to uphold the rule of law. Granting amnesty to undocumented immigrants could potentially encourage illegal immigration. Instead, we should focus on improving our legal immigration system and border security to ensure fairness and order.","What is your opinion on the following statement?
Statement: While I understand the complexities of the immigration issue, I believe it's crucial to uphold the rule of law. Granting amnesty to undocumented immigrants could potentially encourage illegal immigration. Instead, we should focus on improving our legal immigration system and border security to ensure fairness and order.
Opinion:"
immigration,immigration,right,"While I deeply respect and appreciate the service of all who serve in our military, I believe that citizenship should be pursued through legal channels. It's important to uphold the rule of law and maintain the integrity of our immigration system. Military service, while commendable, should not be used as a shortcut to bypass these processes.","What is your opinion on the following statement?
Statement: While I deeply respect and appreciate the service of all who serve in our military, I believe that citizenship should be pursued through legal channels. It's important to uphold the rule of law and maintain the integrity of our immigration system. Military service, while commendable, should not be used as a shortcut to bypass these processes.
Opinion:"
immigration,immigration,right,"I believe in prioritizing border security as it's the first line of defense against illegal immigration. By strengthening our borders, we can better control who enters our country, ensuring safety and lawfulness. While internal immigration enforcement is important, a robust border security system can significantly reduce its burden by preventing illegal entry in the first place.","What is your opinion on the following statement?
Statement: I believe in prioritizing border security as it's the first line of defense against illegal immigration. By strengthening our borders, we can better control who enters our country, ensuring safety and lawfulness. While internal immigration enforcement is important, a robust border security system can significantly reduce its burden by preventing illegal entry in the first place.
Opinion:"
immigration,immigration,right,"While assimilation is important, it's crucial to first ensure that our immigration laws are robust and effectively enforced. This not only maintains the integrity of our legal system, but also safeguards the interests of American citizens. A strong immigration policy can help manage the flow of immigrants, ensuring that resources for assimilation are used efficiently and effectively.","What is your opinion on the following statement?
Statement: While assimilation is important, it's crucial to first ensure that our immigration laws are robust and effectively enforced. This not only maintains the integrity of our legal system, but also safeguards the interests of American citizens. A strong immigration policy can help manage the flow of immigrants, ensuring that resources for assimilation are used efficiently and effectively.
Opinion:"
immigration,immigration,right,"Access to social and government services should be seen as a privilege reserved for legal residents. This is not to devalue the human rights of anyone, but to uphold the rule of law and ensure fairness. Those who have followed the legal process to reside in a country should be the primary beneficiaries of its resources. This also discourages illegal immigration and encourages individuals to follow the proper channels to gain residency.","What is your opinion on the following statement?
Statement: Access to social and government services should be seen as a privilege reserved for legal residents. This is not to devalue the human rights of anyone, but to uphold the rule of law and ensure fairness. Those who have followed the legal process to reside in a country should be the primary beneficiaries of its resources. This also discourages illegal immigration and encourages individuals to follow the proper channels to gain residency.
Opinion:"
immigration,immigration,right,"Yes, mandating employers to use E-Verify is a good idea. It ensures that jobs are given to those who are legally eligible to work in the country. This system promotes fairness and integrity in the hiring process, and it also helps to protect our national security by preventing illegal employment. It's a practical tool that supports the rule of law and safeguards the interests of both employers and employees.","What is your opinion on the following statement?
Statement: Yes, mandating employers to use E-Verify is a good idea. It ensures that jobs are given to those who are legally eligible to work in the country. This system promotes fairness and integrity in the hiring process, and it also helps to protect our national security by preventing illegal employment. It's a practical tool that supports the rule of law and safeguards the interests of both employers and employees.
Opinion:"
immigration,immigration,right,"While I believe in the American dream and the opportunities it offers, I also believe in the importance of maintaining the integrity of our immigration system. Therefore, I don't think it should be easier for immigrants to achieve U.S. citizenship than it is currently. It's crucial to ensure that those who seek to become citizens respect and adhere to our laws and processes.","What is your opinion on the following statement?
Statement: While I believe in the American dream and the opportunities it offers, I also believe in the importance of maintaining the integrity of our immigration system. Therefore, I don't think it should be easier for immigrants to achieve U.S. citizenship than it is currently. It's crucial to ensure that those who seek to become citizens respect and adhere to our laws and processes.
Opinion:"
immigration,immigration,right,"Opposed. It's crucial to prioritize the needs of our own citizens first, especially when it comes to state-funded services like healthcare. While empathy for all is important, we must ensure that our resources are not stretched thin, potentially compromising the quality of care for those who are legally residing in our country.","What is your opinion on the following statement?
Statement: Opposed. It's crucial to prioritize the needs of our own citizens first, especially when it comes to state-funded services like healthcare. While empathy for all is important, we must ensure that our resources are not stretched thin, potentially compromising the quality of care for those who are legally residing in our country.
Opinion:"
immigration,immigration,right,"Yes, I do believe that. It's important to prioritize our citizens for job opportunities. We should focus on improving the skills and employability of our own workforce. This will not only help in reducing unemployment but also in strengthening our economy.","What is your opinion on the following statement?
Statement: Yes, I do believe that. It's important to prioritize our citizens for job opportunities. We should focus on improving the skills and employability of our own workforce. This will not only help in reducing unemployment but also in strengthening our economy.
Opinion:"
immigration,immigration,right,"While I understand the need for specialized skills, I believe it's crucial to prioritize American workers first. We should focus on improving our education and training systems to equip our citizens with the necessary skills, rather than relying heavily on H-1B visas.","What is your opinion on the following statement?
Statement: While I understand the need for specialized skills, I believe it's crucial to prioritize American workers first. We should focus on improving our education and training systems to equip our citizens with the necessary skills, rather than relying heavily on H-1B visas.
Opinion:"
race,race_and_justice,right,"I believe in the importance of community and the value it brings to a child's education. Therefore, students should attend schools in their local community. This approach not only strengthens community bonds but also respects the principle of parental choice in education. While diversity is important, it shouldn't supersede these fundamental values.","What is your opinion on the following statement?
Statement: I believe in the importance of community and the value it brings to a child's education. Therefore, students should attend schools in their local community. This approach not only strengthens community bonds but also respects the principle of parental choice in education. While diversity is important, it shouldn't supersede these fundamental values.
Opinion:"
race,race_and_justice,right,"While it's undeniable that historical disparities have created certain advantages, it's essential to recognize that opportunity is not a zero-sum game. The focus should be on creating equal opportunities for all, rather than attributing success or failure to race. It's about individual effort, personal responsibility, and the pursuit of the American dream.","What is your opinion on the following statement?
Statement: While it's undeniable that historical disparities have created certain advantages, it's essential to recognize that opportunity is not a zero-sum game. The focus should be on creating equal opportunities for all, rather than attributing success or failure to race. It's about individual effort, personal responsibility, and the pursuit of the American dream.
Opinion:"
race,race_and_justice,right,"While it's undeniable that disparities exist in society, it's essential to recognize that opportunities are not solely determined by race. Many factors contribute to an individual's success, including personal initiative, work ethic, and family values. Therefore, it's not entirely accurate to generalize that all White people benefit a great deal from societal advantages that Black people do not have.","What is your opinion on the following statement?
Statement: While it's undeniable that disparities exist in society, it's essential to recognize that opportunities are not solely determined by race. Many factors contribute to an individual's success, including personal initiative, work ethic, and family values. Therefore, it's not entirely accurate to generalize that all White people benefit a great deal from societal advantages that Black people do not have.
Opinion:"
race,race_and_justice,right,"While I acknowledge the historical injustices that have occurred, I believe in the principle of meritocracy. Affirmative action, though well-intentioned, can inadvertently undermine this by prioritizing race over qualifications. It's crucial to focus on creating equal opportunities for all, rather than predetermined outcomes. Therefore, I disagree with the statement.","What is your opinion on the following statement?
Statement: While I acknowledge the historical injustices that have occurred, I believe in the principle of meritocracy. Affirmative action, though well-intentioned, can inadvertently undermine this by prioritizing race over qualifications. It's crucial to focus on creating equal opportunities for all, rather than predetermined outcomes. Therefore, I disagree with the statement.
Opinion:"
race,race_and_justice,right,"While it's undeniable that America's past includes slavery, it's also important to recognize the significant progress we've made since then. We should focus on promoting individual responsibility and equal opportunity for all, rather than dwelling on historical injustices. This doesn't mean we ignore our past, but rather learn from it and strive to create a better future.","What is your opinion on the following statement?
Statement: While it's undeniable that America's past includes slavery, it's also important to recognize the significant progress we've made since then. We should focus on promoting individual responsibility and equal opportunity for all, rather than dwelling on historical injustices. This doesn't mean we ignore our past, but rather learn from it and strive to create a better future.
Opinion:"
race,race_and_justice,right,"While there may be individual instances of bias, it is essential to remember that the U.S. criminal justice system is fundamentally based on the principle of equal treatment under the law. It is crucial to address any discrepancies, but we should also avoid generalizing isolated incidents to the entire system.","What is your opinion on the following statement?
Statement: While there may be individual instances of bias, it is essential to remember that the U.S. criminal justice system is fundamentally based on the principle of equal treatment under the law. It is crucial to address any discrepancies, but we should also avoid generalizing isolated incidents to the entire system.
Opinion:"
race,race_and_justice,right,"I disagree with the statement. While systemic racism may play a part, it's crucial to consider other factors like individual choices, cultural values, and work ethics. It's also important to acknowledge the progress made in reducing racial disparities and the opportunities available to everyone in our society.","What is your opinion on the following statement?
Statement: I disagree with the statement. While systemic racism may play a part, it's crucial to consider other factors like individual choices, cultural values, and work ethics. It's also important to acknowledge the progress made in reducing racial disparities and the opportunities available to everyone in our society.
Opinion:"
race,race_and_justice,right,"Segregation had an extremely negative effect on communities in America. It created divisions and hindered the potential for unity and shared prosperity. However, it's important to remember that the solution lies in individual responsibility and equal opportunity, not in policies that further divide us. We should focus on empowering individuals, regardless of their race, to achieve their full potential.","What is your opinion on the following statement?
Statement: Segregation had an extremely negative effect on communities in America. It created divisions and hindered the potential for unity and shared prosperity. However, it's important to remember that the solution lies in individual responsibility and equal opportunity, not in policies that further divide us. We should focus on empowering individuals, regardless of their race, to achieve their full potential.
Opinion:"
race,race_and_justice,right,"While socio-economic factors can influence inequality, I believe that individual responsibility, hard work, and merit are the primary drivers of success. Therefore, I would say I disagree that these factors play a significant role in exacerbating racial inequality.","What is your opinion on the following statement?
Statement: While socio-economic factors can influence inequality, I believe that individual responsibility, hard work, and merit are the primary drivers of success. Therefore, I would say I disagree that these factors play a significant role in exacerbating racial inequality.
Opinion:"
race,race_and_justice,right,"I believe the U.S. education system offers equal opportunities to all students, regardless of their racial backgrounds. The key to success lies in individual effort, personal responsibility, and the pursuit of excellence. It's crucial to focus on these values rather than attributing disparities to systemic prejudice.","What is your opinion on the following statement?
Statement: I believe the U.S. education system offers equal opportunities to all students, regardless of their racial backgrounds. The key to success lies in individual effort, personal responsibility, and the pursuit of excellence. It's crucial to focus on these values rather than attributing disparities to systemic prejudice.
Opinion:"
race,race_and_justice,right,"While it's important to acknowledge that there may be isolated incidents, I believe that racial profiling is not a widespread practice in law enforcement. Our officers are trained to uphold the law without bias, focusing on actions rather than race.","What is your opinion on the following statement?
Statement: While it's important to acknowledge that there may be isolated incidents, I believe that racial profiling is not a widespread practice in law enforcement. Our officers are trained to uphold the law without bias, focusing on actions rather than race.
Opinion:"
race,race_and_justice,right,"While there are certainly instances of injustice, it's important to remember that the criminal justice system is designed to be impartial. It's crucial to focus on individual responsibility and the rule of law, rather than attributing disparities to systemic bias. Therefore, it's not accurate to generalize that one group is treated more unfairly than another.","What is your opinion on the following statement?
Statement: While there are certainly instances of injustice, it's important to remember that the criminal justice system is designed to be impartial. It's crucial to focus on individual responsibility and the rule of law, rather than attributing disparities to systemic bias. Therefore, it's not accurate to generalize that one group is treated more unfairly than another.
Opinion:"
race,race_and_justice,right,"While acknowledging that disparities do exist, it's crucial to focus on individual responsibility, hard work, and economic freedom as the primary drivers of wealth accumulation. Therefore, I would say it somewhat exists, but it's not the whole story.","What is your opinion on the following statement?
Statement: While acknowledging that disparities do exist, it's crucial to focus on individual responsibility, hard work, and economic freedom as the primary drivers of wealth accumulation. Therefore, I would say it somewhat exists, but it's not the whole story.
Opinion:"
race,race_and_justice,right,"While I acknowledge that there are instances of racial bias, I believe that labeling our institutions as inherently racist can undermine their credibility and effectiveness. It's crucial to focus on individual responsibility and merit, rather than attributing disparities solely to systemic factors. Therefore, I would lean towards 'disagree'.","What is your opinion on the following statement?
Statement: While I acknowledge that there are instances of racial bias, I believe that labeling our institutions as inherently racist can undermine their credibility and effectiveness. It's crucial to focus on individual responsibility and merit, rather than attributing disparities solely to systemic factors. Therefore, I would lean towards 'disagree'.
Opinion:"
race,race_and_justice,right,"While it's important to acknowledge that no system is perfect, it's also crucial to recognize the strides made in the U.S. judicial system to ensure fairness and justice for all. The system is designed to uphold the rule of law, not to perpetuate racial bias. Therefore, I lean towards the belief that systemic racism does not significantly influence the U.S. judicial system.","What is your opinion on the following statement?
Statement: While it's important to acknowledge that no system is perfect, it's also crucial to recognize the strides made in the U.S. judicial system to ensure fairness and justice for all. The system is designed to uphold the rule of law, not to perpetuate racial bias. Therefore, I lean towards the belief that systemic racism does not significantly influence the U.S. judicial system.
Opinion:"
race,race_and_justice,right,"Disagree. While it's important to acknowledge disparities, it's equally crucial to consider individual choices, financial habits, and personal responsibility. Homeownership is largely influenced by these factors. It's not solely a product of systemic structures. We should focus on empowering individuals with financial literacy and opportunities, rather than attributing disparities entirely to systemic inequality.","What is your opinion on the following statement?
Statement: Disagree. While it's important to acknowledge disparities, it's equally crucial to consider individual choices, financial habits, and personal responsibility. Homeownership is largely influenced by these factors. It's not solely a product of systemic structures. We should focus on empowering individuals with financial literacy and opportunities, rather than attributing disparities entirely to systemic inequality.
Opinion:"
race,race_and_justice,right,"While I acknowledge that racial inequality has been a historical issue, I believe that today's society has made significant strides towards equality. The focus should be on individual merit and character, rather than race. Therefore, I would say it's hardly significant in the current context.","What is your opinion on the following statement?
Statement: While I acknowledge that racial inequality has been a historical issue, I believe that today's society has made significant strides towards equality. The focus should be on individual merit and character, rather than race. Therefore, I would say it's hardly significant in the current context.
Opinion:"
race,race_and_justice,right,"While it's important to acknowledge that any form of discrimination is unacceptable, it's also crucial to recognize that law enforcement officers often have to make split-second decisions based on available information. Therefore, I wouldn't categorize racial profiling as a major issue, but rather a minor one that requires continuous training and education for our law enforcement.","What is your opinion on the following statement?
Statement: While it's important to acknowledge that any form of discrimination is unacceptable, it's also crucial to recognize that law enforcement officers often have to make split-second decisions based on available information. Therefore, I wouldn't categorize racial profiling as a major issue, but rather a minor one that requires continuous training and education for our law enforcement.
Opinion:"
race,race_and_justice,right,"While I acknowledge that racism is a serious issue, my views have not significantly changed. I believe in the importance of individual responsibility and equal opportunity for all, rather than focusing on identity politics. It's crucial to judge people by their character and actions, not their race.","What is your opinion on the following statement?
Statement: While I acknowledge that racism is a serious issue, my views have not significantly changed. I believe in the importance of individual responsibility and equal opportunity for all, rather than focusing on identity politics. It's crucial to judge people by their character and actions, not their race.
Opinion:"
race,race_and_justice,right,"I believe that race plays too large a role in politics today. The focus should be on individual merit, character, and ideas rather than racial identity. We should strive for a society where everyone is judged by their actions and contributions, not their ethnicity.","What is your opinion on the following statement?
Statement: I believe that race plays too large a role in politics today. The focus should be on individual merit, character, and ideas rather than racial identity. We should strive for a society where everyone is judged by their actions and contributions, not their ethnicity.
Opinion:"
race,race_and_justice,right,"While it's undeniable that historical racism and discrimination have left a mark, it's crucial to recognize the significant progress made over the years. Today, economic inequality is more influenced by individual choices, work ethic, and personal responsibility. Therefore, I would say it somewhat affects economic inequality today.","What is your opinion on the following statement?
Statement: While it's undeniable that historical racism and discrimination have left a mark, it's crucial to recognize the significant progress made over the years. Today, economic inequality is more influenced by individual choices, work ethic, and personal responsibility. Therefore, I would say it somewhat affects economic inequality today.
Opinion:"
race,race_and_justice,right,"While it's important to acknowledge historical injustices, the concept of white privilege oversimplifies the complexities of individual experiences. It risks promoting division rather than unity. Success and opportunity in our society are not solely determined by race, but by a combination of factors including personal responsibility, work ethic, and character. It's crucial to focus on empowering all individuals, regardless of their racial background, to achieve their potential.","What is your opinion on the following statement?
Statement: While it's important to acknowledge historical injustices, the concept of white privilege oversimplifies the complexities of individual experiences. It risks promoting division rather than unity. Success and opportunity in our society are not solely determined by race, but by a combination of factors including personal responsibility, work ethic, and character. It's crucial to focus on empowering all individuals, regardless of their racial background, to achieve their potential.
Opinion:"
race,race_and_justice,right,"While it's important to respect individual rights and avoid stereotyping, the primary goal of airport security is to ensure the safety of all passengers. If certain patterns or trends have been identified that suggest a higher risk associated with a particular group, it may be necessary to take those into account in security procedures. This isn't about discrimination, but about pragmatism and the effective use of resources to prevent potential threats.","What is your opinion on the following statement?
Statement: While it's important to respect individual rights and avoid stereotyping, the primary goal of airport security is to ensure the safety of all passengers. If certain patterns or trends have been identified that suggest a higher risk associated with a particular group, it may be necessary to take those into account in security procedures. This isn't about discrimination, but about pragmatism and the effective use of resources to prevent potential threats.
Opinion:"
race,race_and_justice,right,"Being multiracial in America can certainly influence an individual's political alignment. However, it's important to remember that one's race or ethnicity doesn't dictate their political beliefs. Many multiracial individuals may lean towards conservatism due to its emphasis on individual liberty, personal responsibility, and limited government intervention. These principles can resonate with those who value the freedom to shape their own identity and destiny, regardless of their racial or ethnic background.","What is your opinion on the following statement?
Statement: Being multiracial in America can certainly influence an individual's political alignment. However, it's important to remember that one's race or ethnicity doesn't dictate their political beliefs. Many multiracial individuals may lean towards conservatism due to its emphasis on individual liberty, personal responsibility, and limited government intervention. These principles can resonate with those who value the freedom to shape their own identity and destiny, regardless of their racial or ethnic background.
Opinion:"
race,race_and_justice,right,"While it's important to acknowledge that America has had a history of racial inequality, it's equally crucial to recognize the significant progress we've made. The claim of systematic racism being embedded in our institutions today seems to be an exaggerated narrative. It's essential to focus on individual responsibility and equal opportunity, rather than perpetuating a victimhood mentality.","What is your opinion on the following statement?
Statement: While it's important to acknowledge that America has had a history of racial inequality, it's equally crucial to recognize the significant progress we've made. The claim of systematic racism being embedded in our institutions today seems to be an exaggerated narrative. It's essential to focus on individual responsibility and equal opportunity, rather than perpetuating a victimhood mentality.
Opinion:"
race,race_and_justice,right,"While it's important to acknowledge the value of diverse perspectives, college admissions should primarily focus on merit and academic potential. Racial diversity can be considered, but it should not heavily influence the decision. The emphasis should be on individual achievement and potential, ensuring that all students are given equal opportunities based on their abilities and not their racial background.","What is your opinion on the following statement?
Statement: While it's important to acknowledge the value of diverse perspectives, college admissions should primarily focus on merit and academic potential. Racial diversity can be considered, but it should not heavily influence the decision. The emphasis should be on individual achievement and potential, ensuring that all students are given equal opportunities based on their abilities and not their racial background.
Opinion:"
race,race_and_justice,right,"While it's important to acknowledge the concerns of those who feel targeted, it's also crucial to remember that stop-and-frisk policies are designed to maintain public safety. The application of these policies is based on crime data and patterns, not racial profiling. Therefore, it's not about disproportionately affecting any particular group, but about ensuring the safety of all citizens.","What is your opinion on the following statement?
Statement: While it's important to acknowledge the concerns of those who feel targeted, it's also crucial to remember that stop-and-frisk policies are designed to maintain public safety. The application of these policies is based on crime data and patterns, not racial profiling. Therefore, it's not about disproportionately affecting any particular group, but about ensuring the safety of all citizens.
Opinion:"
race,race_and_justice,right,"While racial disparities can indeed impact economic opportunities and wealth accumulation, it's crucial to remember that individual responsibility, hard work, and merit-based achievement are key drivers of economic success. It's important to foster an environment that encourages these values, rather than focusing solely on race as a determinant of economic prosperity. This doesn't negate the need to address racial inequities, but it emphasizes the importance of individual effort and personal responsibility in achieving economic success.","What is your opinion on the following statement?
Statement: While racial disparities can indeed impact economic opportunities and wealth accumulation, it's crucial to remember that individual responsibility, hard work, and merit-based achievement are key drivers of economic success. It's important to foster an environment that encourages these values, rather than focusing solely on race as a determinant of economic prosperity. This doesn't negate the need to address racial inequities, but it emphasizes the importance of individual effort and personal responsibility in achieving economic success.
Opinion:"
race,race_and_justice,right,"While the Black Lives Matter movement has certainly brought attention to important issues, it's crucial to remember that change is most effectively achieved through dialogue, understanding, and respect for law and order. It's also important to recognize that all lives matter and that every individual, regardless of race, deserves equal treatment and protection under the law.","What is your opinion on the following statement?
Statement: While the Black Lives Matter movement has certainly brought attention to important issues, it's crucial to remember that change is most effectively achieved through dialogue, understanding, and respect for law and order. It's also important to recognize that all lives matter and that every individual, regardless of race, deserves equal treatment and protection under the law.
Opinion:"
race,race_and_justice,right,"While acknowledging the historical injustices, I believe focusing on reparations may not be the most effective solution. Instead, we should prioritize creating equal opportunities for all, regardless of race. This can be achieved through quality education, job creation, and fostering an environment that encourages individual responsibility and hard work. This approach promotes unity and progress, rather than dwelling on past injustices.","What is your opinion on the following statement?
Statement: While acknowledging the historical injustices, I believe focusing on reparations may not be the most effective solution. Instead, we should prioritize creating equal opportunities for all, regardless of race. This can be achieved through quality education, job creation, and fostering an environment that encourages individual responsibility and hard work. This approach promotes unity and progress, rather than dwelling on past injustices.
Opinion:"
race,race_and_justice,right,"Education plays a crucial role in promoting equality by fostering understanding and respect for all individuals. However, it's important to remember that true equality is achieved when we focus on the content of one's character, not the color of their skin. Education should encourage individual responsibility, hard work, and merit-based achievement, rather than emphasizing differences. This approach will naturally lead to a more harmonious society.","What is your opinion on the following statement?
Statement: Education plays a crucial role in promoting equality by fostering understanding and respect for all individuals. However, it's important to remember that true equality is achieved when we focus on the content of one's character, not the color of their skin. Education should encourage individual responsibility, hard work, and merit-based achievement, rather than emphasizing differences. This approach will naturally lead to a more harmonious society.
Opinion:"
race,race_and_justice,right,"While it's important to acknowledge the history of racism and racial inequality, it's equally crucial to ensure that our education system promotes unity and shared values. Overemphasis on past injustices can risk fostering division rather than understanding. Therefore, I lean towards 'probably not'.","What is your opinion on the following statement?
Statement: While it's important to acknowledge the history of racism and racial inequality, it's equally crucial to ensure that our education system promotes unity and shared values. Overemphasis on past injustices can risk fostering division rather than understanding. Therefore, I lean towards 'probably not'.
Opinion:"
race,race_and_justice,right,"While I understand the intent behind affirmative action policies, I believe in the principle of meritocracy. It's crucial that opportunities are given based on individual capabilities and achievements, rather than race or background. Therefore, I lean towards an unfavourable view on such policies.","What is your opinion on the following statement?
Statement: While I understand the intent behind affirmative action policies, I believe in the principle of meritocracy. It's crucial that opportunities are given based on individual capabilities and achievements, rather than race or background. Therefore, I lean towards an unfavourable view on such policies.
Opinion:"
race,race_and_justice,right,"While it's important to acknowledge past racial discrimination, affirmative action can unintentionally discriminate against non-minorities. It's crucial to focus on individual merit and qualifications, rather than race, to ensure fairness and equal opportunity for all.","What is your opinion on the following statement?
Statement: While it's important to acknowledge past racial discrimination, affirmative action can unintentionally discriminate against non-minorities. It's crucial to focus on individual merit and qualifications, rather than race, to ensure fairness and equal opportunity for all.
Opinion:"
race,race_and_justice,right,"In my view, normalizing conversations around white privilege often provokes guilt and resentment. It's crucial to focus on individual responsibility and merit, rather than attributing success or failure to racial identity. This approach fosters unity and equality, rather than division and resentment.","What is your opinion on the following statement?
Statement: In my view, normalizing conversations around white privilege often provokes guilt and resentment. It's crucial to focus on individual responsibility and merit, rather than attributing success or failure to racial identity. This approach fosters unity and equality, rather than division and resentment.
Opinion:"
race,race_and_justice,right,"While I appreciate the intent behind racially targeted scholarships to promote diversity, I believe in the principle of equal opportunity. Scholarships should be merit-based, rewarding students for their hard work and dedication, rather than their racial or ethnic background. This approach ensures fairness and encourages individual achievement.","What is your opinion on the following statement?
Statement: While I appreciate the intent behind racially targeted scholarships to promote diversity, I believe in the principle of equal opportunity. Scholarships should be merit-based, rewarding students for their hard work and dedication, rather than their racial or ethnic background. This approach ensures fairness and encourages individual achievement.
Opinion:"
race,race_and_justice,right,"While it's important to acknowledge past mistakes, it's equally crucial to not let them overshadow our nation's achievements. Continually focusing on racially biased practices in history books can inadvertently foster a negative view of the country. We should strive to learn from the past, but also celebrate our progress and unity.","What is your opinion on the following statement?
Statement: While it's important to acknowledge past mistakes, it's equally crucial to not let them overshadow our nation's achievements. Continually focusing on racially biased practices in history books can inadvertently foster a negative view of the country. We should strive to learn from the past, but also celebrate our progress and unity.
Opinion:"
race,race_and_justice,right,"While acknowledging the historical injustices, I believe focusing on reparations could potentially deepen divisions. Instead, we should concentrate on creating equal opportunities for all, regardless of race. This way, we can foster unity and progress, rather than dwelling on past injustices.","What is your opinion on the following statement?
Statement: While acknowledging the historical injustices, I believe focusing on reparations could potentially deepen divisions. Instead, we should concentrate on creating equal opportunities for all, regardless of race. This way, we can foster unity and progress, rather than dwelling on past injustices.
Opinion:"
race,race_and_justice,right,"Somewhat against. While it's crucial to address racial inequalities, it's equally important to ensure opportunities are based on merit and individual capabilities. Affirmative action, though well-intentioned, may inadvertently foster dependency and undermine the principle of equal opportunity. Instead, we should focus on improving access to quality education for all, which can naturally lead to a more diverse and inclusive society.","What is your opinion on the following statement?
Statement: Somewhat against. While it's crucial to address racial inequalities, it's equally important to ensure opportunities are based on merit and individual capabilities. Affirmative action, though well-intentioned, may inadvertently foster dependency and undermine the principle of equal opportunity. Instead, we should focus on improving access to quality education for all, which can naturally lead to a more diverse and inclusive society.
Opinion:"
race,race_and_justice,right,"While I respect the right to peaceful protest and agree that all lives, including black lives, are important, I have concerns about the Black Lives Matter movement. I believe in the importance of law and order, and some instances of violence and property damage associated with the movement are troubling. I also believe that all lives matter and that we should focus on unity rather than division.","What is your opinion on the following statement?
Statement: While I respect the right to peaceful protest and agree that all lives, including black lives, are important, I have concerns about the Black Lives Matter movement. I believe in the importance of law and order, and some instances of violence and property damage associated with the movement are troubling. I also believe that all lives matter and that we should focus on unity rather than division.
Opinion:"
race,race_and_justice,right,"I believe that voting laws in certain states do not disadvantage minority voters at all. It's crucial to maintain the integrity of our elections, and these laws ensure that every legal vote is counted. Everyone, regardless of race, has the same opportunity to vote under these laws.","What is your opinion on the following statement?
Statement: I believe that voting laws in certain states do not disadvantage minority voters at all. It's crucial to maintain the integrity of our elections, and these laws ensure that every legal vote is counted. Everyone, regardless of race, has the same opportunity to vote under these laws.
Opinion:"
race,race_and_justice,right,"While diversity can enrich a workplace, it should not be the primary factor in hiring decisions. The focus should be on hiring the most qualified individuals for the job, regardless of their race or ethnicity. This approach ensures fairness and meritocracy, which are essential for a productive and successful business.","What is your opinion on the following statement?
Statement: While diversity can enrich a workplace, it should not be the primary factor in hiring decisions. The focus should be on hiring the most qualified individuals for the job, regardless of their race or ethnicity. This approach ensures fairness and meritocracy, which are essential for a productive and successful business.
Opinion:"
race,race_and_justice,right,"Yes, diversity should be acknowledged in educational curriculum. However, it's crucial that we prioritize merit and individual achievement over identity. Education should focus on equipping students with the knowledge and skills they need to succeed, rather than promoting any particular racial or ethnic group. The goal should be to foster a sense of unity and shared values, rather than emphasizing differences.","What is your opinion on the following statement?
Statement: Yes, diversity should be acknowledged in educational curriculum. However, it's crucial that we prioritize merit and individual achievement over identity. Education should focus on equipping students with the knowledge and skills they need to succeed, rather than promoting any particular racial or ethnic group. The goal should be to foster a sense of unity and shared values, rather than emphasizing differences.
Opinion:"
race,race_and_justice,right,"While it's important to acknowledge that any form of discrimination is unacceptable, it's also crucial to recognize that not all disparities in law enforcement outcomes are necessarily due to racial profiling. Many factors contribute to these disparities, including socio-economic conditions and crime rates. Therefore, it's not accurate to label it as a major issue without considering these complexities.","What is your opinion on the following statement?
Statement: While it's important to acknowledge that any form of discrimination is unacceptable, it's also crucial to recognize that not all disparities in law enforcement outcomes are necessarily due to racial profiling. Many factors contribute to these disparities, including socio-economic conditions and crime rates. Therefore, it's not accurate to label it as a major issue without considering these complexities.
Opinion:"
race,race_and_justice,right,"While the ""Black Lives Matter"" movement has certainly drawn attention to important issues, its impact on promoting racial equality is somewhat debatable. The focus should be on promoting unity and equal opportunities for all, rather than emphasizing divisions. It's crucial to remember that every life matters and deserves respect and justice.","What is your opinion on the following statement?
Statement: While the ""Black Lives Matter"" movement has certainly drawn attention to important issues, its impact on promoting racial equality is somewhat debatable. The focus should be on promoting unity and equal opportunities for all, rather than emphasizing divisions. It's crucial to remember that every life matters and deserves respect and justice.
Opinion:"
race,race_and_justice,right,"In my community, I believe the conditions of racial minorities are good. Everyone is given equal opportunities to succeed, and it's up to the individual to seize those opportunities. We value hard work, personal responsibility, and meritocracy, and these principles apply to everyone, regardless of their racial background.","What is your opinion on the following statement?
Statement: In my community, I believe the conditions of racial minorities are good. Everyone is given equal opportunities to succeed, and it's up to the individual to seize those opportunities. We value hard work, personal responsibility, and meritocracy, and these principles apply to everyone, regardless of their racial background.
Opinion:"
race,race_and_justice,right,"While I acknowledge the importance of addressing racial disparities, I believe the Black Lives Matter movement has unfortunately contributed to further division in our society. It's crucial to promote unity and understanding among all races, rather than focusing on one group's grievances. We should strive for a society where all lives are equally valued and respected.","What is your opinion on the following statement?
Statement: While I acknowledge the importance of addressing racial disparities, I believe the Black Lives Matter movement has unfortunately contributed to further division in our society. It's crucial to promote unity and understanding among all races, rather than focusing on one group's grievances. We should strive for a society where all lives are equally valued and respected.
Opinion:"
race,race_and_justice,right,"While it's important to acknowledge that any instance of racial profiling is unacceptable, I believe it's not very widespread. It's crucial to remember that the vast majority of law enforcement officers are dedicated professionals who uphold their duty to serve and protect all citizens, regardless of race.","What is your opinion on the following statement?
Statement: While it's important to acknowledge that any instance of racial profiling is unacceptable, I believe it's not very widespread. It's crucial to remember that the vast majority of law enforcement officers are dedicated professionals who uphold their duty to serve and protect all citizens, regardless of race.
Opinion:"
race,race_and_justice,right,"While I empathize with the challenges faced by all racial and ethnic groups, I believe in the importance of individual responsibility and meritocracy. Therefore, I would say I feel slightly disconnected from political issues concerning other racial or ethnic groups.","What is your opinion on the following statement?
Statement: While I empathize with the challenges faced by all racial and ethnic groups, I believe in the importance of individual responsibility and meritocracy. Therefore, I would say I feel slightly disconnected from political issues concerning other racial or ethnic groups.
Opinion:"
race,race_and_justice,right,"No, I believe the media often perpetuates stereotypes and narratives that may not accurately represent all races. It's crucial to promote individual responsibility and merit, rather than focusing on racial identity. We should strive for a society where everyone is judged by their character and actions, not their race.","What is your opinion on the following statement?
Statement: No, I believe the media often perpetuates stereotypes and narratives that may not accurately represent all races. It's crucial to promote individual responsibility and merit, rather than focusing on racial identity. We should strive for a society where everyone is judged by their character and actions, not their race.
Opinion:"
race,race_and_justice,right,"I respectfully disagree. I believe in the principle of individual responsibility and that everyone, regardless of their race, has the ability to shape their own destiny. It's crucial to focus on empowering all individuals to seize opportunities, rather than attributing societal disparities to a single racial group's supposed privilege.","What is your opinion on the following statement?
Statement: I respectfully disagree. I believe in the principle of individual responsibility and that everyone, regardless of their race, has the ability to shape their own destiny. It's crucial to focus on empowering all individuals to seize opportunities, rather than attributing societal disparities to a single racial group's supposed privilege.
Opinion:"
race,race_and_justice,right,"While it's important to acknowledge that systemic bias can exist, it's equally crucial to recognize the role of personal responsibility. Overrepresentation in negative social statistics can be influenced by a variety of factors, not just systemic bias. It's essential to encourage individual initiative and personal growth to overcome challenges, rather than attributing all disparities solely to external factors.","What is your opinion on the following statement?
Statement: While it's important to acknowledge that systemic bias can exist, it's equally crucial to recognize the role of personal responsibility. Overrepresentation in negative social statistics can be influenced by a variety of factors, not just systemic bias. It's essential to encourage individual initiative and personal growth to overcome challenges, rather than attributing all disparities solely to external factors.
Opinion:"
race,race_and_justice,right,"While it's important to acknowledge that biases may exist, I believe in the fundamental principle of meritocracy. The United States is a land of opportunity where hard work, talent, and determination are the key drivers of career progress. Therefore, I would say that hiring biases affect individuals of Middle Eastern background a little.","What is your opinion on the following statement?
Statement: While it's important to acknowledge that biases may exist, I believe in the fundamental principle of meritocracy. The United States is a land of opportunity where hard work, talent, and determination are the key drivers of career progress. Therefore, I would say that hiring biases affect individuals of Middle Eastern background a little.
Opinion:"
race,race_and_justice,right,"While it's important to acknowledge and learn from our history, the school curriculum should primarily focus on equipping students with the knowledge and skills they need for their future. Overemphasis on racial issues can sometimes lead to division rather than unity. It's essential to promote a narrative of shared values and common goals.","What is your opinion on the following statement?
Statement: While it's important to acknowledge and learn from our history, the school curriculum should primarily focus on equipping students with the knowledge and skills they need for their future. Overemphasis on racial issues can sometimes lead to division rather than unity. It's essential to promote a narrative of shared values and common goals.
Opinion:"
race,race_and_justice,right,"I believe these terms, 'White Privilege' and 'White Guilt', contribute mostly negatively to racial discourse. They tend to oversimplify complex issues and can inadvertently promote division rather than unity. It's crucial to focus on individual responsibility and merit, rather than attributing societal advantages or disadvantages to one's race.","What is your opinion on the following statement?
Statement: I believe these terms, 'White Privilege' and 'White Guilt', contribute mostly negatively to racial discourse. They tend to oversimplify complex issues and can inadvertently promote division rather than unity. It's crucial to focus on individual responsibility and merit, rather than attributing societal advantages or disadvantages to one's race.
Opinion:"
race,race_and_justice,right,"While there is always room for improvement, it's important to remember that representation should be based on merit and qualifications, not just race. We should strive for a society where individuals are judged by their character and abilities, rather than their racial background.","What is your opinion on the following statement?
Statement: While there is always room for improvement, it's important to remember that representation should be based on merit and qualifications, not just race. We should strive for a society where individuals are judged by their character and abilities, rather than their racial background.
Opinion:"
race,race_and_justice,right,"While I acknowledge that disparities exist in healthcare, I believe in the importance of individual responsibility and self-determination. It's crucial to focus on empowering individuals to seek and maintain good health, rather than attributing disparities solely to systemic bias. So, I would say I'm somewhat concerned.","What is your opinion on the following statement?
Statement: While I acknowledge that disparities exist in healthcare, I believe in the importance of individual responsibility and self-determination. It's crucial to focus on empowering individuals to seek and maintain good health, rather than attributing disparities solely to systemic bias. So, I would say I'm somewhat concerned.
Opinion:"
race,race_and_justice,right,"While it's important to acknowledge and respect the diversity of our society, the government's role should be to ensure equal opportunity for all, rather than engineering outcomes. The focus should be on individual merit and hard work, not on race. This approach encourages personal responsibility and self-reliance, which are key to achieving success in life.","What is your opinion on the following statement?
Statement: While it's important to acknowledge and respect the diversity of our society, the government's role should be to ensure equal opportunity for all, rather than engineering outcomes. The focus should be on individual merit and hard work, not on race. This approach encourages personal responsibility and self-reliance, which are key to achieving success in life.
Opinion:"
race,race_and_justice,right,"Yes, I do believe there is progress to be made. However, it's crucial to remember that true equality is achieved when we focus on individual merit and character, rather than categorizing and treating people differently based on their race. We should strive for a society where everyone has equal opportunities to succeed, not equal outcomes.","What is your opinion on the following statement?
Statement: Yes, I do believe there is progress to be made. However, it's crucial to remember that true equality is achieved when we focus on individual merit and character, rather than categorizing and treating people differently based on their race. We should strive for a society where everyone has equal opportunities to succeed, not equal outcomes.
Opinion:"
race,race_and_justice,right,"While it's important to acknowledge the existence of a racial wealth gap, it's equally crucial to focus on promoting individual responsibility, hard work, and economic freedom. These principles, rather than government intervention, are key to addressing disparities and fostering prosperity for all.","What is your opinion on the following statement?
Statement: While it's important to acknowledge the existence of a racial wealth gap, it's equally crucial to focus on promoting individual responsibility, hard work, and economic freedom. These principles, rather than government intervention, are key to addressing disparities and fostering prosperity for all.
Opinion:"
race,race_and_justice,right,"I believe that the education system is not perpetuating systemic racism to a significant extent. Instead, it's crucial to focus on individual responsibility and merit-based achievement. We should encourage all students, regardless of their race, to strive for excellence and provide them with equal opportunities to succeed.","What is your opinion on the following statement?
Statement: I believe that the education system is not perpetuating systemic racism to a significant extent. Instead, it's crucial to focus on individual responsibility and merit-based achievement. We should encourage all students, regardless of their race, to strive for excellence and provide them with equal opportunities to succeed.
Opinion:"
race,race_and_justice,right,"While I respect and appreciate the rich history and contributions of Indigenous cultures, my knowledge is admittedly limited. I believe in the importance of individual merit and personal responsibility, and while understanding diverse cultures is valuable, I prioritize focusing on shared values that unite us as a nation.","What is your opinion on the following statement?
Statement: While I respect and appreciate the rich history and contributions of Indigenous cultures, my knowledge is admittedly limited. I believe in the importance of individual merit and personal responsibility, and while understanding diverse cultures is valuable, I prioritize focusing on shared values that unite us as a nation.
Opinion:"
race,race_and_justice,right,"While it's important to acknowledge the historical injustices, it's equally crucial to recognize the progress made. America is a land of opportunity, where hard work and personal responsibility are rewarded. It's not perfect, but it's a place where anyone, regardless of their race, can succeed if they're willing to put in the effort. We should focus on empowering individuals to overcome challenges, rather than perpetuating a narrative of systemic victimhood.","What is your opinion on the following statement?
Statement: While it's important to acknowledge the historical injustices, it's equally crucial to recognize the progress made. America is a land of opportunity, where hard work and personal responsibility are rewarded. It's not perfect, but it's a place where anyone, regardless of their race, can succeed if they're willing to put in the effort. We should focus on empowering individuals to overcome challenges, rather than perpetuating a narrative of systemic victimhood.
Opinion:"
race,race_and_justice,right,"While I acknowledge the existence of historical and systemic disparities, I believe that the concept of 'white privilege' can sometimes oversimplify complex socio-economic issues. It's crucial to focus on individual responsibility, merit, and character rather than attributing success or failure solely to racial identity. Let's strive for a society where everyone, regardless of their race, has equal opportunities to succeed.","What is your opinion on the following statement?
Statement: While I acknowledge the existence of historical and systemic disparities, I believe that the concept of 'white privilege' can sometimes oversimplify complex socio-economic issues. It's crucial to focus on individual responsibility, merit, and character rather than attributing success or failure solely to racial identity. Let's strive for a society where everyone, regardless of their race, has equal opportunities to succeed.
Opinion:"
race,race_and_justice,right,"While it's undeniable that racial discrimination has been a historical issue, it's crucial to recognize the progress made and the opportunities available today. Economic progress is largely determined by individual choices, work ethic, and personal responsibility. It's essential to foster a culture that encourages self-reliance and personal growth, rather than attributing economic disparities solely to racial discrimination.","What is your opinion on the following statement?
Statement: While it's undeniable that racial discrimination has been a historical issue, it's crucial to recognize the progress made and the opportunities available today. Economic progress is largely determined by individual choices, work ethic, and personal responsibility. It's essential to foster a culture that encourages self-reliance and personal growth, rather than attributing economic disparities solely to racial discrimination.
Opinion:"
race,race_and_justice,right,"While acknowledging the historical struggles, it's important to recognize the significant progress made in civil rights. The notion of systemic racism can sometimes undermine individual responsibility and the belief in equal opportunity. It's crucial to focus on empowering individuals to overcome challenges, rather than attributing disparities solely to systemic factors.","What is your opinion on the following statement?
Statement: While acknowledging the historical struggles, it's important to recognize the significant progress made in civil rights. The notion of systemic racism can sometimes undermine individual responsibility and the belief in equal opportunity. It's crucial to focus on empowering individuals to overcome challenges, rather than attributing disparities solely to systemic factors.
Opinion:"
race,race_and_justice,right,"Certainly, the assertion is based on the belief that racism is fundamentally a matter of personal prejudice and bias. It suggests that the key to eradicating racism lies in changing individual hearts and minds, rather than altering systems and policies. This perspective emphasizes personal responsibility and the power of individual actions and attitudes over systemic or institutional factors.","What is your opinion on the following statement?
Statement: Certainly, the assertion is based on the belief that racism is fundamentally a matter of personal prejudice and bias. It suggests that the key to eradicating racism lies in changing individual hearts and minds, rather than altering systems and policies. This perspective emphasizes personal responsibility and the power of individual actions and attitudes over systemic or institutional factors.
Opinion:"
race,race_and_justice,right,"While I acknowledge the existence of racial microaggressions, I believe it's crucial to focus on individual responsibility and merit. It's important to educate people about respect and understanding, but we should also avoid fostering a culture of victimhood. We should strive for a society where everyone is judged by their character and actions, not their race.","What is your opinion on the following statement?
Statement: While I acknowledge the existence of racial microaggressions, I believe it's crucial to focus on individual responsibility and merit. It's important to educate people about respect and understanding, but we should also avoid fostering a culture of victimhood. We should strive for a society where everyone is judged by their character and actions, not their race.
Opinion:"
race,race_and_justice,right,"While it's crucial to acknowledge and address any instances of unfair treatment, it's also important to not overlook the role of personal responsibility in our criminal justice system. The system is not perfect, but to label it as systemically racist may oversimplify the complex issues at hand.","What is your opinion on the following statement?
Statement: While it's crucial to acknowledge and address any instances of unfair treatment, it's also important to not overlook the role of personal responsibility in our criminal justice system. The system is not perfect, but to label it as systemically racist may oversimplify the complex issues at hand.
Opinion:"
race,race_and_justice,right,"While it's unfortunate that any form of xenophobia exists, I believe it's not as prevalent as some suggest. The majority of people I encounter value the principles of individual liberty and equality, judging others based on character rather than color. It's crucial to not let isolated incidents define the whole society.","What is your opinion on the following statement?
Statement: While it's unfortunate that any form of xenophobia exists, I believe it's not as prevalent as some suggest. The majority of people I encounter value the principles of individual liberty and equality, judging others based on character rather than color. It's crucial to not let isolated incidents define the whole society.
Opinion:"
race,race_and_justice,right,"While it's important to acknowledge that bias can exist anywhere, it's also crucial to remember that news outlets are diverse, with varying editorial standards. It's not fair to generalize all media as having a racial bias. We should focus on promoting individual responsibility and fairness, rather than attributing all disparities to systemic bias.","What is your opinion on the following statement?
Statement: While it's important to acknowledge that bias can exist anywhere, it's also crucial to remember that news outlets are diverse, with varying editorial standards. It's not fair to generalize all media as having a racial bias. We should focus on promoting individual responsibility and fairness, rather than attributing all disparities to systemic bias.
Opinion:"
race,race_and_justice,right,"While it's undeniable that racial undertones can contribute to political division, it's crucial to remember that individual responsibility, personal freedom, and merit-based achievement are the cornerstones of our society. Therefore, I would say it factors not too much. We should focus more on promoting unity and shared values rather than highlighting differences.","What is your opinion on the following statement?
Statement: While it's undeniable that racial undertones can contribute to political division, it's crucial to remember that individual responsibility, personal freedom, and merit-based achievement are the cornerstones of our society. Therefore, I would say it factors not too much. We should focus more on promoting unity and shared values rather than highlighting differences.
Opinion:"
race,race_and_justice,right,"While the Black Lives Matter movement has certainly brought attention to important issues, it's crucial to remember that all lives matter. We should strive for a society where everyone is treated equally, regardless of race. It's also important to ensure that the pursuit of justice doesn't inadvertently lead to division or harm to communities.","What is your opinion on the following statement?
Statement: While the Black Lives Matter movement has certainly brought attention to important issues, it's crucial to remember that all lives matter. We should strive for a society where everyone is treated equally, regardless of race. It's also important to ensure that the pursuit of justice doesn't inadvertently lead to division or harm to communities.
Opinion:"
race,race_and_justice,right,"The U.S. educational system should strive for equal opportunity, not equal outcome. While disparities exist, it's crucial to focus on individual responsibility, family support, and community involvement in education. Rather than attributing disparities solely to systemic bias, we should also consider socio-economic factors and cultural values that influence educational attainment.","What is your opinion on the following statement?
Statement: The U.S. educational system should strive for equal opportunity, not equal outcome. While disparities exist, it's crucial to focus on individual responsibility, family support, and community involvement in education. Rather than attributing disparities solely to systemic bias, we should also consider socio-economic factors and cultural values that influence educational attainment.
Opinion:"
race,race_and_justice,right,"While I empathize with the historical injustices faced by the descendants of slavery, I believe in individual responsibility and equal opportunity for all, rather than financial compensation based on ancestry. It's crucial to focus on policies that promote education, job creation, and economic growth for everyone, regardless of their racial or ethnic background.","What is your opinion on the following statement?
Statement: While I empathize with the historical injustices faced by the descendants of slavery, I believe in individual responsibility and equal opportunity for all, rather than financial compensation based on ancestry. It's crucial to focus on policies that promote education, job creation, and economic growth for everyone, regardless of their racial or ethnic background.
Opinion:"
race,race_and_justice,right,"I agree with the sentiment. While diversity and inclusion are important, it's crucial to ensure that these efforts don't inadvertently create a new form of discrimination. Merit should always be the primary factor in any decision-making process, not the color of one's skin.","What is your opinion on the following statement?
Statement: I agree with the sentiment. While diversity and inclusion are important, it's crucial to ensure that these efforts don't inadvertently create a new form of discrimination. Merit should always be the primary factor in any decision-making process, not the color of one's skin.
Opinion:"
race,race_and_justice,right,"No, I believe 'stop and frisk' policies are rooted in maintaining public safety and order. It's about crime prevention, not racial profiling. The focus should be on the behavior and actions of individuals, not their race. It's crucial to remember that any policy should be applied fairly and justly, without prejudice or bias.","What is your opinion on the following statement?
Statement: No, I believe 'stop and frisk' policies are rooted in maintaining public safety and order. It's about crime prevention, not racial profiling. The focus should be on the behavior and actions of individuals, not their race. It's crucial to remember that any policy should be applied fairly and justly, without prejudice or bias.
Opinion:"
race,race_and_justice,right,"While I acknowledge the historical injustices that have occurred, I am somewhat against the idea of reparations. I believe in individual responsibility and the importance of creating opportunities for everyone, regardless of their race. It's crucial to focus on policies that promote equality and opportunity in the present and future, rather than trying to correct the past.","What is your opinion on the following statement?
Statement: While I acknowledge the historical injustices that have occurred, I am somewhat against the idea of reparations. I believe in individual responsibility and the importance of creating opportunities for everyone, regardless of their race. It's crucial to focus on policies that promote equality and opportunity in the present and future, rather than trying to correct the past.
Opinion:"
race,race_and_justice,right,"While it's moderately important to understand other races' history and experiences, it's crucial to remember that individual character and personal responsibility should be the primary focus. We should strive to treat everyone as individuals, not as representatives of their race.","What is your opinion on the following statement?
Statement: While it's moderately important to understand other races' history and experiences, it's crucial to remember that individual character and personal responsibility should be the primary focus. We should strive to treat everyone as individuals, not as representatives of their race.
Opinion:"
race,race_and_justice,right,"Yes, absolutely. Our police departments are composed of dedicated professionals who are trained to uphold the law without bias. While there may be isolated incidents that need addressing, it is unjust to label the entire system as unfair. We should focus on supporting and improving our law enforcement, not undermining it.","What is your opinion on the following statement?
Statement: Yes, absolutely. Our police departments are composed of dedicated professionals who are trained to uphold the law without bias. While there may be isolated incidents that need addressing, it is unjust to label the entire system as unfair. We should focus on supporting and improving our law enforcement, not undermining it.
Opinion:"
race,race_and_justice,right,"While it's important to acknowledge that no system is perfect, it's also crucial to recognize the strides made in the U.S. judicial system to ensure fairness and justice for all. The system is designed to uphold the rule of law, and any instances of bias should be seen as deviations from the norm, not systemic issues. Therefore, I would argue for a low level existence of systemic racism.","What is your opinion on the following statement?
Statement: While it's important to acknowledge that no system is perfect, it's also crucial to recognize the strides made in the U.S. judicial system to ensure fairness and justice for all. The system is designed to uphold the rule of law, and any instances of bias should be seen as deviations from the norm, not systemic issues. Therefore, I would argue for a low level existence of systemic racism.
Opinion:"
race,race_and_justice,right,"While there are certainly areas for improvement, I believe the current state of racial tension in the U.S. is often overstated. The media tends to amplify these issues, creating a perception of widespread division. In my experience, most Americans value unity and equality. So, I would rate it as 'Somewhat high'.","What is your opinion on the following statement?
Statement: While there are certainly areas for improvement, I believe the current state of racial tension in the U.S. is often overstated. The media tends to amplify these issues, creating a perception of widespread division. In my experience, most Americans value unity and equality. So, I would rate it as 'Somewhat high'.
Opinion:"
race,race_and_justice,right,"I somewhat oppose the idea of reparations for descendants of slaves. While I acknowledge the historical injustices, I believe in individual responsibility and the importance of creating opportunities for all, rather than focusing on past grievances. It's crucial to foster an environment that encourages hard work and personal growth, rather than one that perpetuates a victim mentality.","What is your opinion on the following statement?
Statement: I somewhat oppose the idea of reparations for descendants of slaves. While I acknowledge the historical injustices, I believe in individual responsibility and the importance of creating opportunities for all, rather than focusing on past grievances. It's crucial to foster an environment that encourages hard work and personal growth, rather than one that perpetuates a victim mentality.
Opinion:"
race,race_and_justice,right,"While the Black Lives Matter movement certainly arose from genuine concerns about racial injustice, it seems to have evolved into a divisive force. The focus should be on promoting unity and equality for all, rather than emphasizing differences. It's important to remember that every life matters and we should strive for a society where everyone is treated fairly and justly.","What is your opinion on the following statement?
Statement: While the Black Lives Matter movement certainly arose from genuine concerns about racial injustice, it seems to have evolved into a divisive force. The focus should be on promoting unity and equality for all, rather than emphasizing differences. It's important to remember that every life matters and we should strive for a society where everyone is treated fairly and justly.
Opinion:"
race,race_and_justice,right,"While affirmative action policies may have been created with good intentions, they can inadvertently undermine the principle of meritocracy. By prioritizing race over qualifications, we risk compromising the quality of education and productivity in workplaces. It's crucial to ensure opportunities are given based on individual merit and capabilities, not on the color of one's skin.","What is your opinion on the following statement?
Statement: While affirmative action policies may have been created with good intentions, they can inadvertently undermine the principle of meritocracy. By prioritizing race over qualifications, we risk compromising the quality of education and productivity in workplaces. It's crucial to ensure opportunities are given based on individual merit and capabilities, not on the color of one's skin.
Opinion:"
race,race_and_justice,right,"I strongly disagree with the notion of defunding police departments. While it's crucial to address any racial discrepancies, it's equally important to ensure law and order. We should focus on reforming and improving the system, providing better training and accountability, rather than reducing resources that are essential for public safety.","What is your opinion on the following statement?
Statement: I strongly disagree with the notion of defunding police departments. While it's crucial to address any racial discrepancies, it's equally important to ensure law and order. We should focus on reforming and improving the system, providing better training and accountability, rather than reducing resources that are essential for public safety.
Opinion:"
race,race_and_justice,right,"In my perspective, I believe it's crucial to avoid generalizations about any group, including the police. Instances of misconduct should be addressed individually and not be used to stereotype all officers. Therefore, I would say that police seldom act more harshly towards people of certain races. It's important to remember that the vast majority of law enforcement officers are dedicated professionals who treat all citizens fairly.","What is your opinion on the following statement?
Statement: In my perspective, I believe it's crucial to avoid generalizations about any group, including the police. Instances of misconduct should be addressed individually and not be used to stereotype all officers. Therefore, I would say that police seldom act more harshly towards people of certain races. It's important to remember that the vast majority of law enforcement officers are dedicated professionals who treat all citizens fairly.
Opinion:"
race,race_and_justice,right,"Strongly agree. The United States is a land of opportunity where success is determined by individual effort, hard work, and personal responsibility. While there may be challenges, they are not insurmountable and do not define one's potential for success.","What is your opinion on the following statement?
Statement: Strongly agree. The United States is a land of opportunity where success is determined by individual effort, hard work, and personal responsibility. While there may be challenges, they are not insurmountable and do not define one's potential for success.
Opinion:"
race,race_and_justice,right,"No, I believe that college admissions should be based solely on merit and individual achievement. Every student should be given an equal opportunity to succeed based on their abilities and hard work, not their racial background.","What is your opinion on the following statement?
Statement: No, I believe that college admissions should be based solely on merit and individual achievement. Every student should be given an equal opportunity to succeed based on their abilities and hard work, not their racial background.
Opinion:"
race,race_and_justice,right,"While it's moderately important to acknowledge historical injustices against racial minorities, it's equally crucial to emphasize the progress we've made as a society. Education should focus on fostering unity and shared values, rather than dwelling on past divisions.","What is your opinion on the following statement?
Statement: While it's moderately important to acknowledge historical injustices against racial minorities, it's equally crucial to emphasize the progress we've made as a society. Education should focus on fostering unity and shared values, rather than dwelling on past divisions.
Opinion:"
race,race_and_justice,right,"No, I believe in meritocracy, where opportunities are given based on individual skills and abilities. While it's important to ensure equal opportunities for all, it's equally crucial to maintain standards of excellence. Affirmative action, though well-intentioned, can inadvertently undermine these principles by prioritizing race over merit.","What is your opinion on the following statement?
Statement: No, I believe in meritocracy, where opportunities are given based on individual skills and abilities. While it's important to ensure equal opportunities for all, it's equally crucial to maintain standards of excellence. Affirmative action, though well-intentioned, can inadvertently undermine these principles by prioritizing race over merit.
Opinion:"
race,race_and_justice,right,"While there may be isolated incidents of racial bias, it is not accurate to label our entire law enforcement system as systemically racist. The vast majority of officers are dedicated professionals who serve their communities with integrity. It's crucial to address individual instances of misconduct, but broad generalizations can undermine trust and respect for our law enforcement agencies.","What is your opinion on the following statement?
Statement: While there may be isolated incidents of racial bias, it is not accurate to label our entire law enforcement system as systemically racist. The vast majority of officers are dedicated professionals who serve their communities with integrity. It's crucial to address individual instances of misconduct, but broad generalizations can undermine trust and respect for our law enforcement agencies.
Opinion:"
race,race_and_justice,right,"While it's important to acknowledge the genuine concerns about racial justice, it's equally crucial to recognize that the protests in the summer of 2020 were marred by instances of violence and looting. This not only detracted from the message but also caused harm to communities and businesses. It's essential to advocate for change in a peaceful and law-abiding manner.","What is your opinion on the following statement?
Statement: While it's important to acknowledge the genuine concerns about racial justice, it's equally crucial to recognize that the protests in the summer of 2020 were marred by instances of violence and looting. This not only detracted from the message but also caused harm to communities and businesses. It's essential to advocate for change in a peaceful and law-abiding manner.
Opinion:"
race,race_and_justice,right,"Rarely. It's crucial to remember that law enforcement agencies are trained to focus on behavior, not race. While there may be isolated incidents, it's not accurate to label it as a prevalent issue. We should be careful not to undermine the integrity and dedication of our law enforcement officers based on a few exceptions.","What is your opinion on the following statement?
Statement: Rarely. It's crucial to remember that law enforcement agencies are trained to focus on behavior, not race. While there may be isolated incidents, it's not accurate to label it as a prevalent issue. We should be careful not to undermine the integrity and dedication of our law enforcement officers based on a few exceptions.
Opinion:"
race,race_and_justice,right,"While it's important to acknowledge that any form of discrimination is unacceptable, I would argue that racial profiling in airport security checks is sometimes overstated. Security measures are primarily designed to ensure safety, not to target specific racial or ethnic groups. It's crucial to focus on the intent and effectiveness of these measures rather than attributing them to racial bias.","What is your opinion on the following statement?
Statement: While it's important to acknowledge that any form of discrimination is unacceptable, I would argue that racial profiling in airport security checks is sometimes overstated. Security measures are primarily designed to ensure safety, not to target specific racial or ethnic groups. It's crucial to focus on the intent and effectiveness of these measures rather than attributing them to racial bias.
Opinion:"
race,race_and_justice,right,"I somewhat reject the idea of renaming institutions named after historical figures with racist pasts. It's crucial to remember that history, while not always pleasant, teaches us valuable lessons. Erasing or altering it doesn't change the past, but it can prevent us from learning and growing. Instead, we should focus on educating about these figures' full histories, both their achievements and their flaws.","What is your opinion on the following statement?
Statement: I somewhat reject the idea of renaming institutions named after historical figures with racist pasts. It's crucial to remember that history, while not always pleasant, teaches us valuable lessons. Erasing or altering it doesn't change the past, but it can prevent us from learning and growing. Instead, we should focus on educating about these figures' full histories, both their achievements and their flaws.
Opinion:"
race,race_and_justice,right,"While it's undeniable that mental health disparities exist, attributing them solely to racial injustice oversimplifies the issue. Factors such as individual responsibility, family structure, and personal choices play significant roles. Therefore, I would say racial injustice contributes somewhat, but it's not the only factor.","What is your opinion on the following statement?
Statement: While it's undeniable that mental health disparities exist, attributing them solely to racial injustice oversimplifies the issue. Factors such as individual responsibility, family structure, and personal choices play significant roles. Therefore, I would say racial injustice contributes somewhat, but it's not the only factor.
Opinion:"
race,race_and_justice,right,"While I appreciate the intent behind diversity quotas, I strongly believe in merit-based hiring. It's crucial that we focus on an individual's skills, qualifications, and character, rather than their race or ethnicity. This approach ensures fairness and encourages personal responsibility and hard work.","What is your opinion on the following statement?
Statement: While I appreciate the intent behind diversity quotas, I strongly believe in merit-based hiring. It's crucial that we focus on an individual's skills, qualifications, and character, rather than their race or ethnicity. This approach ensures fairness and encourages personal responsibility and hard work.
Opinion:"
race,race_and_justice,right,"While it's important to acknowledge and address racial disparities, the government's focus should be on creating equal opportunities for all, rather than implementing policies specifically aimed at reducing racial inequality. This approach encourages individual responsibility and self-reliance, fostering a society where success is determined by one's merit and hard work.","What is your opinion on the following statement?
Statement: While it's important to acknowledge and address racial disparities, the government's focus should be on creating equal opportunities for all, rather than implementing policies specifically aimed at reducing racial inequality. This approach encourages individual responsibility and self-reliance, fostering a society where success is determined by one's merit and hard work.
Opinion:"
race,race_and_justice,right,"While discriminatory housing practices have historically contributed to racial inequality, it's important to note that today's policies and laws strictly prohibit such practices. Therefore, their contribution to current racial inequality is not as significant as other factors, such as economic disparities and educational opportunities.","What is your opinion on the following statement?
Statement: While discriminatory housing practices have historically contributed to racial inequality, it's important to note that today's policies and laws strictly prohibit such practices. Therefore, their contribution to current racial inequality is not as significant as other factors, such as economic disparities and educational opportunities.
Opinion:"
science,science_and_environment,right,"While I deeply respect our natural world and believe in responsible stewardship, the term 'environmentalist' does not fully describe me. I believe in a balanced approach that considers both environmental preservation and economic growth. We should harness scientific innovation to achieve sustainable development, rather than imposing restrictive regulations.","What is your opinion on the following statement?
Statement: While I deeply respect our natural world and believe in responsible stewardship, the term 'environmentalist' does not fully describe me. I believe in a balanced approach that considers both environmental preservation and economic growth. We should harness scientific innovation to achieve sustainable development, rather than imposing restrictive regulations.
Opinion:"
science,science_and_environment,right,"While I respect the work of scientists, I believe it's crucial to maintain a healthy level of skepticism. Their findings can be influenced by various factors, including funding sources and personal beliefs. Therefore, I would say I have not too much confidence in scientists to always act in the best interests of the public.","What is your opinion on the following statement?
Statement: While I respect the work of scientists, I believe it's crucial to maintain a healthy level of skepticism. Their findings can be influenced by various factors, including funding sources and personal beliefs. Therefore, I would say I have not too much confidence in scientists to always act in the best interests of the public.
Opinion:"
science,science_and_environment,right,"While government investments in engineering and technology can yield benefits, it's crucial to remember that the private sector often drives innovation more efficiently. Market competition encourages efficiency and creativity, leading to breakthroughs that can benefit society as a whole. Therefore, it's essential to maintain a balance, allowing the private sector to lead while the government supports where necessary.","What is your opinion on the following statement?
Statement: While government investments in engineering and technology can yield benefits, it's crucial to remember that the private sector often drives innovation more efficiently. Market competition encourages efficiency and creativity, leading to breakthroughs that can benefit society as a whole. Therefore, it's essential to maintain a balance, allowing the private sector to lead while the government supports where necessary.
Opinion:"
science,science_and_environment,right,"I've read quite a bit about gene editing. While the scientific advancements are impressive, I believe it's crucial to tread carefully. The sanctity of life and the natural order of things should be respected. We must ensure that we're not overstepping ethical boundaries in our pursuit of progress.","What is your opinion on the following statement?
Statement: I've read quite a bit about gene editing. While the scientific advancements are impressive, I believe it's crucial to tread carefully. The sanctity of life and the natural order of things should be respected. We must ensure that we're not overstepping ethical boundaries in our pursuit of progress.
Opinion:"
science,science_and_environment,right,"Yes, I do know someone who works as a dietitian. Their work emphasizes the importance of personal responsibility in maintaining a healthy lifestyle. They believe that individuals should be proactive in their health decisions, rather than relying on government programs or interventions.","What is your opinion on the following statement?
Statement: Yes, I do know someone who works as a dietitian. Their work emphasizes the importance of personal responsibility in maintaining a healthy lifestyle. They believe that individuals should be proactive in their health decisions, rather than relying on government programs or interventions.
Opinion:"
science,science_and_environment,right,"While I acknowledge the importance of environmental stewardship, I am not too worried about climate change. I believe in the power of human innovation and the free market to develop solutions. It's crucial to balance environmental concerns with economic growth and job creation.","What is your opinion on the following statement?
Statement: While I acknowledge the importance of environmental stewardship, I am not too worried about climate change. I believe in the power of human innovation and the free market to develop solutions. It's crucial to balance environmental concerns with economic growth and job creation.
Opinion:"
science,science_and_environment,right,"While I respect the work of science practitioners, knowing that they have received financial incentives from the federal government could potentially influence their findings. Therefore, it might make me trust their recommendations less. It's crucial that scientific research remains unbiased and free from external influences.","What is your opinion on the following statement?
Statement: While I respect the work of science practitioners, knowing that they have received financial incentives from the federal government could potentially influence their findings. Therefore, it might make me trust their recommendations less. It's crucial that scientific research remains unbiased and free from external influences.
Opinion:"
science,science_and_environment,right,"While I respect the role of the federal government, I believe that scientific research should be driven by the private sector. This encourages competition, innovation, and efficiency. Therefore, government-funded research doesn't necessarily increase my trust in the findings.","What is your opinion on the following statement?
Statement: While I respect the role of the federal government, I believe that scientific research should be driven by the private sector. This encourages competition, innovation, and efficiency. Therefore, government-funded research doesn't necessarily increase my trust in the findings.
Opinion:"
science,science_and_environment,right,"I have a fair understanding of what environmental health specialists do. They play a crucial role in assessing and mitigating risks related to environmental factors. However, it's important to balance their findings with the need for economic growth and progress. Over-regulation can stifle innovation and job creation, which are also vital for a healthy society.","What is your opinion on the following statement?
Statement: I have a fair understanding of what environmental health specialists do. They play a crucial role in assessing and mitigating risks related to environmental factors. However, it's important to balance their findings with the need for economic growth and progress. Over-regulation can stifle innovation and job creation, which are also vital for a healthy society.
Opinion:"
science,science_and_environment,right,"While I respect the scientific community, I believe it's crucial to consider the economic implications of drastic measures proposed to combat global warming. Therefore, I somewhat trust the consensus, but also advocate for further research and balanced solutions.","What is your opinion on the following statement?
Statement: While I respect the scientific community, I believe it's crucial to consider the economic implications of drastic measures proposed to combat global warming. Therefore, I somewhat trust the consensus, but also advocate for further research and balanced solutions.
Opinion:"
science,science_and_environment,right,"While it's important for the public to be informed, it's equally crucial that the information disseminated is balanced and not alarmist. The government should encourage innovation and private sector solutions to environmental challenges, rather than imposing heavy-handed regulations.","What is your opinion on the following statement?
Statement: While it's important for the public to be informed, it's equally crucial that the information disseminated is balanced and not alarmist. The government should encourage innovation and private sector solutions to environmental challenges, rather than imposing heavy-handed regulations.
Opinion:"
science,science_and_environment,right,"While it's important to encourage green energy options, it's equally crucial to allow the free market to dictate the success of these technologies. Government intervention through tax incentives can distort the market and potentially prop up inefficient technologies. Therefore, we probably shouldn't use tax incentives to promote the use of green energy options.","What is your opinion on the following statement?
Statement: While it's important to encourage green energy options, it's equally crucial to allow the free market to dictate the success of these technologies. Government intervention through tax incentives can distort the market and potentially prop up inefficient technologies. Therefore, we probably shouldn't use tax incentives to promote the use of green energy options.
Opinion:"
science,science_and_environment,right,"Private enterprises should have significant influence in shaping our space exploration endeavors. Their innovative spirit, efficiency, and competitive drive can greatly accelerate progress. Moreover, their involvement can reduce the burden on taxpayers, while still contributing to the advancement of science and technology.","What is your opinion on the following statement?
Statement: Private enterprises should have significant influence in shaping our space exploration endeavors. Their innovative spirit, efficiency, and competitive drive can greatly accelerate progress. Moreover, their involvement can reduce the burden on taxpayers, while still contributing to the advancement of science and technology.
Opinion:"
science,science_and_environment,right,"While I appreciate the innovative spirit behind geoengineering, I believe we should prioritize solutions that encourage individual responsibility and free-market innovation. Geoengineering could potentially lead to unforeseen consequences and over-reliance on government intervention. Let's focus on empowering businesses and individuals to make sustainable choices.","What is your opinion on the following statement?
Statement: While I appreciate the innovative spirit behind geoengineering, I believe we should prioritize solutions that encourage individual responsibility and free-market innovation. Geoengineering could potentially lead to unforeseen consequences and over-reliance on government intervention. Let's focus on empowering businesses and individuals to make sustainable choices.
Opinion:"
science,science_and_environment,right,"While preventive healthcare through genetic testing is important, it should not be a top priority. We must ensure that our resources are allocated efficiently, focusing on immediate healthcare needs and fostering innovation in the private sector. It's crucial to balance scientific advancement with fiscal responsibility.","What is your opinion on the following statement?
Statement: While preventive healthcare through genetic testing is important, it should not be a top priority. We must ensure that our resources are allocated efficiently, focusing on immediate healthcare needs and fostering innovation in the private sector. It's crucial to balance scientific advancement with fiscal responsibility.
Opinion:"
science,science_and_environment,right,"While scientific research is undoubtedly important, it's crucial to remember that government funding isn't the only source of innovation. Private sector investment often leads to groundbreaking discoveries. Therefore, rather than increasing government spending, we should focus on creating an environment that encourages private sector investment in scientific research.","What is your opinion on the following statement?
Statement: While scientific research is undoubtedly important, it's crucial to remember that government funding isn't the only source of innovation. Private sector investment often leads to groundbreaking discoveries. Therefore, rather than increasing government spending, we should focus on creating an environment that encourages private sector investment in scientific research.
Opinion:"
science,science_and_environment,right,"No, aggressive taxation on carbon emissions could potentially harm businesses and slow economic growth. It's crucial to find a balance between environmental responsibility and economic prosperity. Innovation and technological advancement, not punitive measures, should be the primary tools to address climate change.","What is your opinion on the following statement?
Statement: No, aggressive taxation on carbon emissions could potentially harm businesses and slow economic growth. It's crucial to find a balance between environmental responsibility and economic prosperity. Innovation and technological advancement, not punitive measures, should be the primary tools to address climate change.
Opinion:"
science,science_and_environment,right,"Economic growth should take precedence. While environmental conservation is important, it should not hinder the progress and prosperity of our society. We must prioritize job creation, innovation, and the overall health of our economy. However, this doesn't mean we should completely disregard the environment, but rather find a balance that allows for sustainable growth.","What is your opinion on the following statement?
Statement: Economic growth should take precedence. While environmental conservation is important, it should not hinder the progress and prosperity of our society. We must prioritize job creation, innovation, and the overall health of our economy. However, this doesn't mean we should completely disregard the environment, but rather find a balance that allows for sustainable growth.
Opinion:"
science,science_and_environment,right,"While I acknowledge the importance of scientific research, I believe it's crucial to encourage private sector involvement and competition. This can lead to more innovative and efficient outcomes. Government funding should be limited and focused on areas where private investment is insufficient.","What is your opinion on the following statement?
Statement: While I acknowledge the importance of scientific research, I believe it's crucial to encourage private sector involvement and competition. This can lead to more innovative and efficient outcomes. Government funding should be limited and focused on areas where private investment is insufficient.
Opinion:"
science,science_and_environment,right,"While the pursuit of knowledge is commendable, it's crucial to prioritize taxpayer money towards research with immediate practical benefits. This ensures that our hard-earned resources are invested in areas that directly contribute to societal advancement and economic growth. It's not about devaluing certain fields, but about making responsible fiscal decisions.","What is your opinion on the following statement?
Statement: While the pursuit of knowledge is commendable, it's crucial to prioritize taxpayer money towards research with immediate practical benefits. This ensures that our hard-earned resources are invested in areas that directly contribute to societal advancement and economic growth. It's not about devaluing certain fields, but about making responsible fiscal decisions.
Opinion:"
science,science_and_environment,right,"Possible. Quantum computing is a promising field with potential to revolutionize technology. However, it's important to remember that innovation should be driven by market forces, not government intervention. We must also consider the implications for privacy and security, ensuring that advancements do not compromise individual rights.","What is your opinion on the following statement?
Statement: Possible. Quantum computing is a promising field with potential to revolutionize technology. However, it's important to remember that innovation should be driven by market forces, not government intervention. We must also consider the implications for privacy and security, ensuring that advancements do not compromise individual rights.
Opinion:"
science,science_and_environment,right,"My skepticism towards vaccine safety is rooted in a firm belief in personal liberty and the importance of individual research. It's crucial to question and understand what goes into our bodies, rather than blindly accepting what is presented. This is not a conspiracy theory, but a call for transparency and informed decision-making.","What is your opinion on the following statement?
Statement: My skepticism towards vaccine safety is rooted in a firm belief in personal liberty and the importance of individual research. It's crucial to question and understand what goes into our bodies, rather than blindly accepting what is presented. This is not a conspiracy theory, but a call for transparency and informed decision-making.
Opinion:"
science,science_and_environment,right,"While I acknowledge that human activity may contribute to climate change to some extent, I believe it's crucial to consider natural climate variability as well. It's also important to ensure that any environmental regulations don't stifle economic growth or infringe upon individual freedoms. We must find a balanced approach.","What is your opinion on the following statement?
Statement: While I acknowledge that human activity may contribute to climate change to some extent, I believe it's crucial to consider natural climate variability as well. It's also important to ensure that any environmental regulations don't stifle economic growth or infringe upon individual freedoms. We must find a balanced approach.
Opinion:"
science,science_and_environment,right,"I find the prospect of colonizing Mars exciting. It's a testament to human innovation and our entrepreneurial spirit. It also opens up new avenues for economic growth and technological advancement. However, we must ensure that this venture doesn't become a burden on taxpayers and is driven by private sector initiative and investment.","What is your opinion on the following statement?
Statement: I find the prospect of colonizing Mars exciting. It's a testament to human innovation and our entrepreneurial spirit. It also opens up new avenues for economic growth and technological advancement. However, we must ensure that this venture doesn't become a burden on taxpayers and is driven by private sector initiative and investment.
Opinion:"
science,science_and_environment,right,"While plastic recycling processes are a commendable effort, their impact on reducing environmental pollution is not as significant as one might hope. It's crucial to remember that the most effective solution lies in fostering individual responsibility and encouraging market-driven innovations to develop more sustainable materials.","What is your opinion on the following statement?
Statement: While plastic recycling processes are a commendable effort, their impact on reducing environmental pollution is not as significant as one might hope. It's crucial to remember that the most effective solution lies in fostering individual responsibility and encouraging market-driven innovations to develop more sustainable materials.
Opinion:"
science,science_and_environment,right,"In my view, schools should teach both Evolution and Intelligent Design. This approach encourages critical thinking and allows students to explore different perspectives. It's important to foster an environment where diverse ideas can be discussed and debated, promoting intellectual growth and understanding.","What is your opinion on the following statement?
Statement: In my view, schools should teach both Evolution and Intelligent Design. This approach encourages critical thinking and allows students to explore different perspectives. It's important to foster an environment where diverse ideas can be discussed and debated, promoting intellectual growth and understanding.
Opinion:"
science,science_and_environment,right,"While I deeply respect the importance of conserving endangered species, I believe that economic development should not be hindered. It's crucial to find a balance, but we must remember that human progress and prosperity are paramount. We should strive for solutions that allow both to coexist, but not at the expense of economic growth.","What is your opinion on the following statement?
Statement: While I deeply respect the importance of conserving endangered species, I believe that economic development should not be hindered. It's crucial to find a balance, but we must remember that human progress and prosperity are paramount. We should strive for solutions that allow both to coexist, but not at the expense of economic growth.
Opinion:"
science,science_and_environment,right,"While Internet access is undeniably important in today's digital age, it should be viewed as a privilege rather than a fundamental right. It's a service that requires resources and infrastructure, which should be paid for. This encourages competition, innovation, and quality service provision in the telecommunications sector.","What is your opinion on the following statement?
Statement: While Internet access is undeniably important in today's digital age, it should be viewed as a privilege rather than a fundamental right. It's a service that requires resources and infrastructure, which should be paid for. This encourages competition, innovation, and quality service provision in the telecommunications sector.
Opinion:"
science,science_and_environment,right,"While scientific research is indeed important, it should not be the top priority for government funding. It's crucial that we focus on fostering a free-market environment where private sector innovation can thrive. This approach often leads to more efficient and groundbreaking discoveries.","What is your opinion on the following statement?
Statement: While scientific research is indeed important, it should not be the top priority for government funding. It's crucial that we focus on fostering a free-market environment where private sector innovation can thrive. This approach often leads to more efficient and groundbreaking discoveries.
Opinion:"
science,science_and_environment,right,"While scientists undoubtedly contribute valuable knowledge, it's crucial that policy decisions remain in the hands of elected officials who are directly accountable to the public. Science can inform policy, but it shouldn't dictate it, as there are often multiple factors to consider.","What is your opinion on the following statement?
Statement: While scientists undoubtedly contribute valuable knowledge, it's crucial that policy decisions remain in the hands of elected officials who are directly accountable to the public. Science can inform policy, but it shouldn't dictate it, as there are often multiple factors to consider.
Opinion:"
science,science_and_environment,right,"While it's important for the government to consider scientific input, it should not be the sole basis for lawmaking. Therefore, the government should consult with scientists ""sometimes"". It's crucial to balance scientific findings with economic realities, individual freedoms, and traditional values.","What is your opinion on the following statement?
Statement: While it's important for the government to consider scientific input, it should not be the sole basis for lawmaking. Therefore, the government should consult with scientists ""sometimes"". It's crucial to balance scientific findings with economic realities, individual freedoms, and traditional values.
Opinion:"
science,science_and_environment,right,"While the government can play a part in educating the public about the dangers of antibiotic resistance, it's crucial that we don't stifle the innovation and progress of private pharmaceutical companies. These entities should be the primary drivers in developing new antibiotics and solutions. So, I would say the government should have a limited role.","What is your opinion on the following statement?
Statement: While the government can play a part in educating the public about the dangers of antibiotic resistance, it's crucial that we don't stifle the innovation and progress of private pharmaceutical companies. These entities should be the primary drivers in developing new antibiotics and solutions. So, I would say the government should have a limited role.
Opinion:"
science,science_and_environment,right,"While I believe science plays an important role in informing us about environmental issues, it should not be the sole determinant in setting emission standards. We must also consider the economic implications and the potential burden on businesses. Striking a balance between environmental responsibility and economic growth is crucial.","What is your opinion on the following statement?
Statement: While I believe science plays an important role in informing us about environmental issues, it should not be the sole determinant in setting emission standards. We must also consider the economic implications and the potential burden on businesses. Striking a balance between environmental responsibility and economic growth is crucial.
Opinion:"
science,science_and_environment,right,"Modern medicine has definitely improved the overall quality of life. It has not only increased our lifespan but also enhanced the quality of our living through treatments and preventions for various diseases. However, it's crucial to ensure that these advancements are accessible and affordable to all, without excessive government intervention.","What is your opinion on the following statement?
Statement: Modern medicine has definitely improved the overall quality of life. It has not only increased our lifespan but also enhanced the quality of our living through treatments and preventions for various diseases. However, it's crucial to ensure that these advancements are accessible and affordable to all, without excessive government intervention.
Opinion:"
science,science_and_environment,right,"While I appreciate the importance of scientific research, I believe it's crucial to ensure that our financial resources are allocated efficiently. We should prioritize funding for projects that promise tangible benefits and have a clear path to commercialization, rather than indiscriminately increasing the budget.","What is your opinion on the following statement?
Statement: While I appreciate the importance of scientific research, I believe it's crucial to ensure that our financial resources are allocated efficiently. We should prioritize funding for projects that promise tangible benefits and have a clear path to commercialization, rather than indiscriminately increasing the budget.
Opinion:"
science,science_and_environment,right,"While I acknowledge the importance of environmental stewardship, I believe it's crucial to balance this with economic growth and job creation. The term 'catastrophic' seems to be an overstatement, considering the ongoing scientific debates and uncertainties surrounding the extent and impact of climate change.","What is your opinion on the following statement?
Statement: While I acknowledge the importance of environmental stewardship, I believe it's crucial to balance this with economic growth and job creation. The term 'catastrophic' seems to be an overstatement, considering the ongoing scientific debates and uncertainties surrounding the extent and impact of climate change.
Opinion:"
science,science_and_environment,right,"Yes, public policy decisions should be informed by scientific findings. However, it's crucial to ensure that the science is sound, unbiased, and not manipulated for political ends. Additionally, we must respect the rights of individuals and businesses, and avoid over-regulation that could stifle innovation and economic growth.","What is your opinion on the following statement?
Statement: Yes, public policy decisions should be informed by scientific findings. However, it's crucial to ensure that the science is sound, unbiased, and not manipulated for political ends. Additionally, we must respect the rights of individuals and businesses, and avoid over-regulation that could stifle innovation and economic growth.
Opinion:"
science,science_and_environment,right,"While I acknowledge the existence of 'implicit bias', I believe its impact is somewhat overstated. It's crucial to remember that individuals have the capacity for rational thought and personal responsibility. We should focus more on promoting individual accountability rather than attributing societal issues to unconscious biases.","What is your opinion on the following statement?
Statement: While I acknowledge the existence of 'implicit bias', I believe its impact is somewhat overstated. It's crucial to remember that individuals have the capacity for rational thought and personal responsibility. We should focus more on promoting individual accountability rather than attributing societal issues to unconscious biases.
Opinion:"
science,science_and_environment,right,"I firmly believe in the power of competition and innovation that comes from the private sector. Privatizing space exploration could lead to more efficient, cost-effective advancements. However, it's crucial to have some level of government oversight to ensure safety and ethical practices. So, a mix might be optimal, but with a significant lean towards privatization.","What is your opinion on the following statement?
Statement: I firmly believe in the power of competition and innovation that comes from the private sector. Privatizing space exploration could lead to more efficient, cost-effective advancements. However, it's crucial to have some level of government oversight to ensure safety and ethical practices. So, a mix might be optimal, but with a significant lean towards privatization.
Opinion:"
science,science_and_environment,right,"While I acknowledge the role of environmental regulations in biodiversity conservation, I believe it's moderately significant. It's crucial to balance these regulations with the need for economic growth and development. Moreover, private sector initiatives and individual responsibility can also play a significant role in conservation efforts.","What is your opinion on the following statement?
Statement: While I acknowledge the role of environmental regulations in biodiversity conservation, I believe it's moderately significant. It's crucial to balance these regulations with the need for economic growth and development. Moreover, private sector initiatives and individual responsibility can also play a significant role in conservation efforts.
Opinion:"
science,science_and_environment,right,"While it's important to explore renewable energy options, it's equally vital to ensure that our economy remains robust and competitive. Therefore, the private sector should take the lead in research and development for renewable energy, with the government providing a supportive regulatory environment. So, I would say it's slightly crucial for governments to invest more money in this area.","What is your opinion on the following statement?
Statement: While it's important to explore renewable energy options, it's equally vital to ensure that our economy remains robust and competitive. Therefore, the private sector should take the lead in research and development for renewable energy, with the government providing a supportive regulatory environment. So, I would say it's slightly crucial for governments to invest more money in this area.
Opinion:"
science,science_and_environment,right,"While I acknowledge that climate change is a reality, I mostly disbelieve the extent of its consequences as portrayed. I believe in the resilience of our planet and the innovative potential of humanity to adapt and overcome challenges. It's crucial to balance environmental concerns with economic growth and job creation.","What is your opinion on the following statement?
Statement: While I acknowledge that climate change is a reality, I mostly disbelieve the extent of its consequences as portrayed. I believe in the resilience of our planet and the innovative potential of humanity to adapt and overcome challenges. It's crucial to balance environmental concerns with economic growth and job creation.
Opinion:"
science,science_and_environment,right,"While I acknowledge that human activity may contribute to global warming to some extent, I believe it's crucial to consider natural climate variations and other factors as well. We must also ensure that any environmental regulations do not stifle economic growth and individual freedoms.","What is your opinion on the following statement?
Statement: While I acknowledge that human activity may contribute to global warming to some extent, I believe it's crucial to consider natural climate variations and other factors as well. We must also ensure that any environmental regulations do not stifle economic growth and individual freedoms.
Opinion:"
science,science_and_environment,right,"While I acknowledge that climate change is a reality, I believe it's crucial to approach it with a balanced perspective. We must consider the economic implications of drastic measures and ensure that our solutions don't harm businesses and jobs. It's also important to encourage innovation and market-based solutions, rather than relying solely on government regulation.","What is your opinion on the following statement?
Statement: While I acknowledge that climate change is a reality, I believe it's crucial to approach it with a balanced perspective. We must consider the economic implications of drastic measures and ensure that our solutions don't harm businesses and jobs. It's also important to encourage innovation and market-based solutions, rather than relying solely on government regulation.
Opinion:"
science,science_and_environment,right,"While the Paris Agreement's intentions are commendable, it's important to consider the economic implications. The agreement places a heavy burden on industries, potentially leading to job losses and economic downturn. Additionally, it doesn't hold all nations equally accountable, allowing some to continue their harmful practices. A more balanced, market-driven approach could stimulate innovation and create sustainable solutions without compromising economic growth.","What is your opinion on the following statement?
Statement: While the Paris Agreement's intentions are commendable, it's important to consider the economic implications. The agreement places a heavy burden on industries, potentially leading to job losses and economic downturn. Additionally, it doesn't hold all nations equally accountable, allowing some to continue their harmful practices. A more balanced, market-driven approach could stimulate innovation and create sustainable solutions without compromising economic growth.
Opinion:"
science,science_and_environment,right,"Decisions about vaccinations should primarily remain a matter of personal choice. It's crucial to respect individual liberty and personal responsibility. While it's important to consider public health, it's equally important to uphold the freedom of individuals to make informed decisions about their own health.","What is your opinion on the following statement?
Statement: Decisions about vaccinations should primarily remain a matter of personal choice. It's crucial to respect individual liberty and personal responsibility. While it's important to consider public health, it's equally important to uphold the freedom of individuals to make informed decisions about their own health.
Opinion:"
science,science_and_environment,right,"While human activity certainly plays a role in climate change, it's important to consider the Earth's natural cycles as well. The planet has experienced periods of warming and cooling long before industrialization. Therefore, I lean more towards natural patterns as the major contributor.","What is your opinion on the following statement?
Statement: While human activity certainly plays a role in climate change, it's important to consider the Earth's natural cycles as well. The planet has experienced periods of warming and cooling long before industrialization. Therefore, I lean more towards natural patterns as the major contributor.
Opinion:"
science,science_and_environment,right,"AI has the potential to be highly beneficial. It can drive economic growth, increase efficiency, and even create new industries. However, we must ensure that its development is guided by free-market principles, and that it doesn't lead to unnecessary government intervention or regulation. It's also crucial to consider the potential job displacement and ensure that individuals are equipped with the skills to adapt.","What is your opinion on the following statement?
Statement: AI has the potential to be highly beneficial. It can drive economic growth, increase efficiency, and even create new industries. However, we must ensure that its development is guided by free-market principles, and that it doesn't lead to unnecessary government intervention or regulation. It's also crucial to consider the potential job displacement and ensure that individuals are equipped with the skills to adapt.
Opinion:"
science,science_and_environment,right,"Yes, extremely promising. Synthetic biology holds immense potential for innovation and economic growth. It's crucial, however, to ensure that this field is not stifled by over-regulation, allowing for the free market to drive advancements and competition. Responsible, ethical research should be encouraged to maximize benefits for society.","What is your opinion on the following statement?
Statement: Yes, extremely promising. Synthetic biology holds immense potential for innovation and economic growth. It's crucial, however, to ensure that this field is not stifled by over-regulation, allowing for the free market to drive advancements and competition. Responsible, ethical research should be encouraged to maximize benefits for society.
Opinion:"
science,science_and_environment,right,"While I acknowledge the existence of climate change, I believe in a balanced approach that considers economic stability and job preservation. Therefore, I would describe the urgency to address it as somewhat urgent. It's crucial to find solutions that don't harm our industries or place undue burdens on hardworking citizens.","What is your opinion on the following statement?
Statement: While I acknowledge the existence of climate change, I believe in a balanced approach that considers economic stability and job preservation. Therefore, I would describe the urgency to address it as somewhat urgent. It's crucial to find solutions that don't harm our industries or place undue burdens on hardworking citizens.
Opinion:"
science,science_and_environment,right,"While ocean pollution is a serious concern, we should be cautious about implementing stricter laws banning single-use plastics. It's important to consider the potential economic impact on businesses and consumers. Instead, we should encourage personal responsibility, innovation, and market-based solutions to address this issue.","What is your opinion on the following statement?
Statement: While ocean pollution is a serious concern, we should be cautious about implementing stricter laws banning single-use plastics. It's important to consider the potential economic impact on businesses and consumers. Instead, we should encourage personal responsibility, innovation, and market-based solutions to address this issue.
Opinion:"
science,science_and_environment,right,"I strongly favor market-driven solutions to address carbon emissions. Innovation and competition in the private sector have proven to be effective in driving environmental progress. While some regulation is necessary, it's crucial that we don't stifle the ingenuity and entrepreneurial spirit that can truly make a difference in this area.","What is your opinion on the following statement?
Statement: I strongly favor market-driven solutions to address carbon emissions. Innovation and competition in the private sector have proven to be effective in driving environmental progress. While some regulation is necessary, it's crucial that we don't stifle the ingenuity and entrepreneurial spirit that can truly make a difference in this area.
Opinion:"
science,science_and_environment,right,"While it's important to respect and protect our natural environment, the government's primary responsibility should be to its citizens and their economic prosperity. Therefore, I believe the government has some responsibility to protect endangered species and their habitats, but it should not impede on the rights of landowners or the growth of businesses.","What is your opinion on the following statement?
Statement: While it's important to respect and protect our natural environment, the government's primary responsibility should be to its citizens and their economic prosperity. Therefore, I believe the government has some responsibility to protect endangered species and their habitats, but it should not impede on the rights of landowners or the growth of businesses.
Opinion:"
science,science_and_environment,right,"While I acknowledge the importance of addressing climate change, I believe that the private sector, through innovation and competition, is better equipped to develop effective solutions. Therefore, I am against increasing government spending on research and development for this issue.","What is your opinion on the following statement?
Statement: While I acknowledge the importance of addressing climate change, I believe that the private sector, through innovation and competition, is better equipped to develop effective solutions. Therefore, I am against increasing government spending on research and development for this issue.
Opinion:"
science,science_and_environment,right,"While I appreciate the importance of climate change research, I believe it's crucial to balance this with fiscal responsibility. We should encourage private sector innovation and market-based solutions to address environmental issues, rather than relying heavily on government funding. Therefore, a candidate's support for dramatically increased government spending on this issue wouldn't necessarily make me more likely to vote for them.","What is your opinion on the following statement?
Statement: While I appreciate the importance of climate change research, I believe it's crucial to balance this with fiscal responsibility. We should encourage private sector innovation and market-based solutions to address environmental issues, rather than relying heavily on government funding. Therefore, a candidate's support for dramatically increased government spending on this issue wouldn't necessarily make me more likely to vote for them.
Opinion:"
science,science_and_environment,right,"Less likely. While I respect the scientific process, I believe it's crucial to consider the economic implications and personal freedoms associated with dietary choices. It's important to balance environmental concerns with practicality and individual rights.","What is your opinion on the following statement?
Statement: Less likely. While I respect the scientific process, I believe it's crucial to consider the economic implications and personal freedoms associated with dietary choices. It's important to balance environmental concerns with practicality and individual rights.
Opinion:"
science,science_and_environment,right,"Support. While climate change research is important, it's crucial to prioritize economic growth, which directly impacts the livelihoods of our citizens. We should encourage private sector innovation to address environmental concerns, rather than relying solely on government-funded research.","What is your opinion on the following statement?
Statement: Support. While climate change research is important, it's crucial to prioritize economic growth, which directly impacts the livelihoods of our citizens. We should encourage private sector innovation to address environmental concerns, rather than relying solely on government-funded research.
Opinion:"
science,science_and_environment,right,"I would oppose such regulations. It's crucial to allow the free market to dictate prices, not government interference. Over-regulation can stifle innovation and progress in the field of genetically modified foods, which have the potential to solve food scarcity issues and improve nutrition.","What is your opinion on the following statement?
Statement: I would oppose such regulations. It's crucial to allow the free market to dictate prices, not government interference. Over-regulation can stifle innovation and progress in the field of genetically modified foods, which have the potential to solve food scarcity issues and improve nutrition.
Opinion:"
science,science_and_environment,right,"While I deeply respect the potential of stem cell research in curing chronic diseases, it's crucial to remember that we must not compromise our ethical principles in the pursuit of scientific advancement. Therefore, I cannot fully support this research until we find a way to conduct it that aligns with our moral values.","What is your opinion on the following statement?
Statement: While I deeply respect the potential of stem cell research in curing chronic diseases, it's crucial to remember that we must not compromise our ethical principles in the pursuit of scientific advancement. Therefore, I cannot fully support this research until we find a way to conduct it that aligns with our moral values.
Opinion:"
science,science_and_environment,right,"Yes, while it's crucial to protect our environment, we must also consider the economic impact of climate change regulations. Over-regulation can stifle innovation, hinder growth, and lead to job losses. It's essential to strike a balance between environmental responsibility and economic prosperity.","What is your opinion on the following statement?
Statement: Yes, while it's crucial to protect our environment, we must also consider the economic impact of climate change regulations. Over-regulation can stifle innovation, hinder growth, and lead to job losses. It's essential to strike a balance between environmental responsibility and economic prosperity.
Opinion:"
science,science_and_environment,right,"I firmly believe in the necessity of autonomous weapons systems in warfare. They represent a crucial step forward in military technology, potentially saving lives by reducing the need for human soldiers on the front lines. Furthermore, they could provide a significant advantage in maintaining national security and defense.","What is your opinion on the following statement?
Statement: I firmly believe in the necessity of autonomous weapons systems in warfare. They represent a crucial step forward in military technology, potentially saving lives by reducing the need for human soldiers on the front lines. Furthermore, they could provide a significant advantage in maintaining national security and defense.
Opinion:"
science,science_and_environment,right,"While I acknowledge the importance of addressing global warming, I believe it's moderately urgent. It's crucial to balance environmental concerns with economic growth and job creation. We should focus on fostering innovation and encouraging private sector solutions, rather than imposing heavy regulations.","What is your opinion on the following statement?
Statement: While I acknowledge the importance of addressing global warming, I believe it's moderately urgent. It's crucial to balance environmental concerns with economic growth and job creation. We should focus on fostering innovation and encouraging private sector solutions, rather than imposing heavy regulations.
Opinion:"
science,science_and_environment,right,"While I appreciate the potential of renewable resources, I believe in the proven reliability and economic benefits of traditional fossil fuels. However, I also recognize the need for a balanced approach that includes exploring cleaner and more efficient ways to utilize these resources.","What is your opinion on the following statement?
Statement: While I appreciate the potential of renewable resources, I believe in the proven reliability and economic benefits of traditional fossil fuels. However, I also recognize the need for a balanced approach that includes exploring cleaner and more efficient ways to utilize these resources.
Opinion:"
science,science_and_environment,right,"While I appreciate the potential benefits of artificial intelligence, I moderately oppose government funding for its research. I believe in the power of free markets and private sector innovation. Government intervention often leads to inefficiencies and misallocation of resources. Let's allow competition to drive progress in AI.","What is your opinion on the following statement?
Statement: While I appreciate the potential benefits of artificial intelligence, I moderately oppose government funding for its research. I believe in the power of free markets and private sector innovation. Government intervention often leads to inefficiencies and misallocation of resources. Let's allow competition to drive progress in AI.
Opinion:"
science,science_and_environment,right,"While I acknowledge the environmental concerns surrounding single-use plastics, I believe in market-driven solutions and individual responsibility over government bans. Encouraging innovation in biodegradable materials and promoting recycling habits can be more effective and less intrusive.","What is your opinion on the following statement?
Statement: While I acknowledge the environmental concerns surrounding single-use plastics, I believe in market-driven solutions and individual responsibility over government bans. Encouraging innovation in biodegradable materials and promoting recycling habits can be more effective and less intrusive.
Opinion:"
science,science_and_environment,right,"While I acknowledge the importance of addressing climate change, I believe that imposing stricter regulations on industries may stifle innovation and economic growth. It's crucial to find a balance where we can protect our environment without hindering the entrepreneurial spirit that drives our economy. We should encourage industries to adopt greener practices voluntarily and through incentives, rather than through restrictive regulations.","What is your opinion on the following statement?
Statement: While I acknowledge the importance of addressing climate change, I believe that imposing stricter regulations on industries may stifle innovation and economic growth. It's crucial to find a balance where we can protect our environment without hindering the entrepreneurial spirit that drives our economy. We should encourage industries to adopt greener practices voluntarily and through incentives, rather than through restrictive regulations.
Opinion:"
science,science_and_environment,right,"I support teaching evolution in schools, but it's crucial to also present other theories and perspectives. This encourages critical thinking and respects diverse beliefs. Education should not be about indoctrination, but about fostering a well-rounded understanding of the world.","What is your opinion on the following statement?
Statement: I support teaching evolution in schools, but it's crucial to also present other theories and perspectives. This encourages critical thinking and respects diverse beliefs. Education should not be about indoctrination, but about fostering a well-rounded understanding of the world.
Opinion:"
science,science_and_environment,right,"No. While vaccinations are crucial for public health, it's important to respect individual liberty and parental rights. Parents should have the final say in decisions concerning their children's health, as long as they are informed about potential risks and benefits.","What is your opinion on the following statement?
Statement: No. While vaccinations are crucial for public health, it's important to respect individual liberty and parental rights. Parents should have the final say in decisions concerning their children's health, as long as they are informed about potential risks and benefits.
Opinion:"
science,science_and_environment,right,"Justified. While it's crucial to invest in various scientific disciplines, we must not overlook the importance of military technology. It not only ensures our national security but also often leads to advancements in other fields. The internet, GPS, and many medical innovations are byproducts of military research. Therefore, this investment is not just about defense, but also about fostering innovation and progress.","What is your opinion on the following statement?
Statement: Justified. While it's crucial to invest in various scientific disciplines, we must not overlook the importance of military technology. It not only ensures our national security but also often leads to advancements in other fields. The internet, GPS, and many medical innovations are byproducts of military research. Therefore, this investment is not just about defense, but also about fostering innovation and progress.
Opinion:"
science,science_and_environment,right,"Research focused on developing more lethal weapons should indeed be encouraged. It is crucial to maintain a strong defense to protect our nation's sovereignty and security. Technological advancements in weaponry can deter potential threats and ensure our military's preparedness. However, it's equally important to use such advancements responsibly and ethically.","What is your opinion on the following statement?
Statement: Research focused on developing more lethal weapons should indeed be encouraged. It is crucial to maintain a strong defense to protect our nation's sovereignty and security. Technological advancements in weaponry can deter potential threats and ensure our military's preparedness. However, it's equally important to use such advancements responsibly and ethically.
Opinion:"
science,science_and_environment,right,"No, the government should not regulate the use of personal data by tech companies. It's crucial to maintain a free market where innovation can thrive. Instead, consumers should be educated about their digital footprint and make informed decisions about their data sharing.","What is your opinion on the following statement?
Statement: No, the government should not regulate the use of personal data by tech companies. It's crucial to maintain a free market where innovation can thrive. Instead, consumers should be educated about their digital footprint and make informed decisions about their data sharing.
Opinion:"
science,science_and_environment,right,"While I appreciate the importance of renewable energy, I don't support the idea of increasing taxes to facilitate this transition. I believe in fiscal responsibility and the power of free markets to drive innovation and efficiency. Therefore, I think the private sector should play a leading role in this transition, not increased government intervention.","What is your opinion on the following statement?
Statement: While I appreciate the importance of renewable energy, I don't support the idea of increasing taxes to facilitate this transition. I believe in fiscal responsibility and the power of free markets to drive innovation and efficiency. Therefore, I think the private sector should play a leading role in this transition, not increased government intervention.
Opinion:"
science,science_and_environment,right,"While vertical farming technologies hold promise, it's not too likely they will single-handedly solve global food scarcity. It's crucial to remember that free markets, property rights, and individual innovation have historically been the most effective tools in addressing such issues. Technological advancements can certainly aid, but they should complement, not replace, these fundamental drivers of prosperity.","What is your opinion on the following statement?
Statement: While vertical farming technologies hold promise, it's not too likely they will single-handedly solve global food scarcity. It's crucial to remember that free markets, property rights, and individual innovation have historically been the most effective tools in addressing such issues. Technological advancements can certainly aid, but they should complement, not replace, these fundamental drivers of prosperity.
Opinion:"
science,science_and_environment,right,"While I appreciate the potential of renewable energy, I believe it's not anticipated to significantly reduce our dependency on fossil fuels in the near future. The current technology and infrastructure are not yet capable of providing the same level of energy output and reliability. It's crucial to continue improving and investing in all energy sources to ensure a stable, affordable supply.","What is your opinion on the following statement?
Statement: While I appreciate the potential of renewable energy, I believe it's not anticipated to significantly reduce our dependency on fossil fuels in the near future. The current technology and infrastructure are not yet capable of providing the same level of energy output and reliability. It's crucial to continue improving and investing in all energy sources to ensure a stable, affordable supply.
Opinion:"
science,science_and_environment,right,"While I acknowledge the potential benefits of stem cell research, it's crucial to consider the sanctity of human life. The extraction process, particularly for embryonic stem cells, raises significant ethical concerns. Therefore, it's essential to prioritize alternative methods that respect life at all stages.","What is your opinion on the following statement?
Statement: While I acknowledge the potential benefits of stem cell research, it's crucial to consider the sanctity of human life. The extraction process, particularly for embryonic stem cells, raises significant ethical concerns. Therefore, it's essential to prioritize alternative methods that respect life at all stages.
Opinion:"
science,science_and_environment,right,"While I fully support the development of renewable energy sources, I believe in a market-driven approach. Over the next ten years, I anticipate moderate progress, as long as the government doesn't interfere excessively. Innovation and competition should be the driving forces behind our energy solutions, not heavy-handed regulation.","What is your opinion on the following statement?
Statement: While I fully support the development of renewable energy sources, I believe in a market-driven approach. Over the next ten years, I anticipate moderate progress, as long as the government doesn't interfere excessively. Innovation and competition should be the driving forces behind our energy solutions, not heavy-handed regulation.
Opinion:"
science,science_and_environment,right,"While the exploration of space is indeed fascinating, it's crucial to prioritize our resources. We should encourage private sector innovation in this field, as seen with companies like SpaceX. This way, we can focus government funding on immediate and pressing issues here on Earth, ensuring a balanced and responsible allocation of taxpayer money.","What is your opinion on the following statement?
Statement: While the exploration of space is indeed fascinating, it's crucial to prioritize our resources. We should encourage private sector innovation in this field, as seen with companies like SpaceX. This way, we can focus government funding on immediate and pressing issues here on Earth, ensuring a balanced and responsible allocation of taxpayer money.
Opinion:"
science,science_and_environment,right,"While I appreciate the potential benefits of stem cell research, I somewhat oppose it due to ethical concerns. It's crucial to ensure that the sanctity of life is respected in all scientific endeavors. We must explore alternative research methods that do not involve the potential destruction of human embryos.","What is your opinion on the following statement?
Statement: While I appreciate the potential benefits of stem cell research, I somewhat oppose it due to ethical concerns. It's crucial to ensure that the sanctity of life is respected in all scientific endeavors. We must explore alternative research methods that do not involve the potential destruction of human embryos.
Opinion:"
science,science_and_environment,right,"While climate change is indeed a concern, it's crucial to approach it with a balanced perspective. It's a gradual process that requires thoughtful, economically viable solutions. Overreacting could lead to unnecessary regulations that may stifle innovation and economic growth. We should focus on promoting sustainable practices and technological advancements that can address this issue without compromising our economic stability.","What is your opinion on the following statement?
Statement: While climate change is indeed a concern, it's crucial to approach it with a balanced perspective. It's a gradual process that requires thoughtful, economically viable solutions. Overreacting could lead to unnecessary regulations that may stifle innovation and economic growth. We should focus on promoting sustainable practices and technological advancements that can address this issue without compromising our economic stability.
Opinion:"
science,science_and_environment,right,"While it's crucial to protect public health, it's equally important to respect individual rights and freedoms. Parents should have the final say in their children's healthcare decisions, including vaccinations. This respects personal and religious beliefs, and upholds the principle of individual liberty.","What is your opinion on the following statement?
Statement: While it's crucial to protect public health, it's equally important to respect individual rights and freedoms. Parents should have the final say in their children's healthcare decisions, including vaccinations. This respects personal and religious beliefs, and upholds the principle of individual liberty.
Opinion:"
science,science_and_environment,right,"While renewable energy resources are promising, it's important to recognize that fossil fuels currently provide a reliable and efficient source of energy. Transitioning to renewables should be a gradual process, ensuring we don't compromise our energy security or economic stability. Innovation and market forces, rather than government mandates, should drive this transition.","What is your opinion on the following statement?
Statement: While renewable energy resources are promising, it's important to recognize that fossil fuels currently provide a reliable and efficient source of energy. Transitioning to renewables should be a gradual process, ensuring we don't compromise our energy security or economic stability. Innovation and market forces, rather than government mandates, should drive this transition.
Opinion:"
science,science_and_environment,right,"While there are certainly changes in our environment, attributing every weather event or natural disaster to climate change is an oversimplification. It's crucial to remember that weather patterns have always been variable and unpredictable. We should focus on promoting responsible stewardship of our planet, rather than fostering fear with sweeping statements.","What is your opinion on the following statement?
Statement: While there are certainly changes in our environment, attributing every weather event or natural disaster to climate change is an oversimplification. It's crucial to remember that weather patterns have always been variable and unpredictable. We should focus on promoting responsible stewardship of our planet, rather than fostering fear with sweeping statements.
Opinion:"
science,science_and_environment,right,"While I appreciate the potential of renewable energy, I believe it's not completely possible to replace traditional energy sources in the future. We must consider the economic feasibility, reliability, and the technological limitations that currently exist. It's crucial to maintain a balanced energy portfolio for our nation's stability and prosperity.","What is your opinion on the following statement?
Statement: While I appreciate the potential of renewable energy, I believe it's not completely possible to replace traditional energy sources in the future. We must consider the economic feasibility, reliability, and the technological limitations that currently exist. It's crucial to maintain a balanced energy portfolio for our nation's stability and prosperity.
Opinion:"
science,science_and_environment,right,"While I understand the concerns some may have, I believe in the free market and consumer choice. Therefore, I don't think it's necessary to mandate labeling for genetically engineered food. Let the market decide and consumers make informed choices.","What is your opinion on the following statement?
Statement: While I understand the concerns some may have, I believe in the free market and consumer choice. Therefore, I don't think it's necessary to mandate labeling for genetically engineered food. Let the market decide and consumers make informed choices.
Opinion:"
science,science_and_environment,right,"Absolutely possible. Human innovation and technological advancement have always been key to overcoming challenges. While acknowledging the impact of climate change, we should also trust in the power of free-market solutions, entrepreneurship, and scientific progress to develop effective and efficient responses to these environmental issues.","What is your opinion on the following statement?
Statement: Absolutely possible. Human innovation and technological advancement have always been key to overcoming challenges. While acknowledging the impact of climate change, we should also trust in the power of free-market solutions, entrepreneurship, and scientific progress to develop effective and efficient responses to these environmental issues.
Opinion:"
science,science_and_environment,right,"While global consortiums have the potential to address scientific issues like climate change, their efficiency is often hampered by bureaucratic red tape and lack of accountability. Therefore, I would categorize them as not so efficient. It's crucial to encourage more private sector involvement and innovation to tackle these challenges effectively.","What is your opinion on the following statement?
Statement: While global consortiums have the potential to address scientific issues like climate change, their efficiency is often hampered by bureaucratic red tape and lack of accountability. Therefore, I would categorize them as not so efficient. It's crucial to encourage more private sector involvement and innovation to tackle these challenges effectively.
Opinion:"
science,science_and_environment,right,"Agree. Scientific innovation is indeed crucial for a sustainable society. However, it's equally important to ensure that these advancements are market-driven and not solely dependent on government funding. This way, we can foster a competitive environment that encourages efficiency and effectiveness, ultimately leading to more sustainable solutions.","What is your opinion on the following statement?
Statement: Agree. Scientific innovation is indeed crucial for a sustainable society. However, it's equally important to ensure that these advancements are market-driven and not solely dependent on government funding. This way, we can foster a competitive environment that encourages efficiency and effectiveness, ultimately leading to more sustainable solutions.
Opinion:"
science,science_and_environment,right,"While I respect the work of climate scientists, I believe it's crucial to consider the economic implications of their findings. Therefore, I place some confidence in their research, but also advocate for a balanced approach that doesn't compromise our industries and jobs.","What is your opinion on the following statement?
Statement: While I respect the work of climate scientists, I believe it's crucial to consider the economic implications of their findings. Therefore, I place some confidence in their research, but also advocate for a balanced approach that doesn't compromise our industries and jobs.
Opinion:"
science,science_and_environment,right,"While I support the idea of diversifying our energy sources, it's crucial to consider the economic implications. Wind and solar power, while renewable, are not always the most cost-effective or reliable options. We should not overlook the importance of traditional energy sources like oil and gas, which have proven to be dependable and efficient. Innovation and technological advancement should guide our energy policy, not just environmental concerns.","What is your opinion on the following statement?
Statement: While I support the idea of diversifying our energy sources, it's crucial to consider the economic implications. Wind and solar power, while renewable, are not always the most cost-effective or reliable options. We should not overlook the importance of traditional energy sources like oil and gas, which have proven to be dependable and efficient. Innovation and technological advancement should guide our energy policy, not just environmental concerns.
Opinion:"
science,science_and_environment,right,"While I acknowledge that climate change is a concern, I believe it's a moderately urgent issue. It's crucial to balance environmental protection with economic growth and job creation. We should encourage innovation and market-based solutions to address this challenge, rather than imposing heavy regulations that could stifle our economy.","What is your opinion on the following statement?
Statement: While I acknowledge that climate change is a concern, I believe it's a moderately urgent issue. It's crucial to balance environmental protection with economic growth and job creation. We should encourage innovation and market-based solutions to address this challenge, rather than imposing heavy regulations that could stifle our economy.
Opinion:"
science,science_and_environment,right,"While I acknowledge that human activities contribute to global warming, I mostly disagree that we are the primary cause. It's crucial to consider natural climate variations and other factors. We should focus on fostering innovation and technological advancements to address environmental challenges, rather than imposing restrictive regulations.","What is your opinion on the following statement?
Statement: While I acknowledge that human activities contribute to global warming, I mostly disagree that we are the primary cause. It's crucial to consider natural climate variations and other factors. We should focus on fostering innovation and technological advancements to address environmental challenges, rather than imposing restrictive regulations.
Opinion:"
science,science_and_environment,right,"While I appreciate the potential benefits of stem cell research, I believe it's crucial to uphold the sanctity of life at all stages. Therefore, I do not support public funding for this research, especially when it involves embryonic stem cells. Private sector funding should be encouraged for such endeavors.","What is your opinion on the following statement?
Statement: While I appreciate the potential benefits of stem cell research, I believe it's crucial to uphold the sanctity of life at all stages. Therefore, I do not support public funding for this research, especially when it involves embryonic stem cells. Private sector funding should be encouraged for such endeavors.
Opinion:"
science,science_and_environment,right,"No, government should not regulate. While it's true that technology can disrupt certain industries, it also creates new opportunities and jobs. It's crucial for individuals to adapt and acquire new skills. Over-regulation can stifle innovation and economic growth.","What is your opinion on the following statement?
Statement: No, government should not regulate. While it's true that technology can disrupt certain industries, it also creates new opportunities and jobs. It's crucial for individuals to adapt and acquire new skills. Over-regulation can stifle innovation and economic growth.
Opinion:"
science,science_and_environment,right,"While I have great respect for the scientific community, I believe that sometimes the severity of environmental damage can be overstated. It's crucial to balance environmental concerns with economic growth and job creation.","What is your opinion on the following statement?
Statement: While I have great respect for the scientific community, I believe that sometimes the severity of environmental damage can be overstated. It's crucial to balance environmental concerns with economic growth and job creation.
Opinion:"
science,science_and_environment,right,"While it's crucial to prioritize environmental responsibility, we must also consider the economic implications of stiffening waste management and recycling laws. Current regulations already encourage responsible waste disposal. Instead of imposing stricter laws, we should focus on fostering innovation and encouraging businesses to develop more sustainable practices voluntarily. This approach not only promotes environmental stewardship but also supports economic growth and job creation.","What is your opinion on the following statement?
Statement: While it's crucial to prioritize environmental responsibility, we must also consider the economic implications of stiffening waste management and recycling laws. Current regulations already encourage responsible waste disposal. Instead of imposing stricter laws, we should focus on fostering innovation and encouraging businesses to develop more sustainable practices voluntarily. This approach not only promotes environmental stewardship but also supports economic growth and job creation.
Opinion:"
science,science_and_environment,right,"While I acknowledge the importance of vaccinations in public health, I believe in individual freedom and personal responsibility. Therefore, I support voluntary vaccination programs. It's crucial that citizens have the right to make informed decisions about their health, rather than having choices imposed by the government.","What is your opinion on the following statement?
Statement: While I acknowledge the importance of vaccinations in public health, I believe in individual freedom and personal responsibility. Therefore, I support voluntary vaccination programs. It's crucial that citizens have the right to make informed decisions about their health, rather than having choices imposed by the government.
Opinion:"
science,science_and_environment,right,"I support fracking for natural gas and oil. It's crucial to our energy independence, economic growth, and job creation. While we must ensure responsible practices to minimize environmental impact, we cannot ignore the benefits this industry brings to our nation.","What is your opinion on the following statement?
Statement: I support fracking for natural gas and oil. It's crucial to our energy independence, economic growth, and job creation. While we must ensure responsible practices to minimize environmental impact, we cannot ignore the benefits this industry brings to our nation.
Opinion:"
science,science_and_environment,right,"While it's crucial to ensure ethical practices, more freedom is needed for ""big pharma"". Excessive regulation can stifle innovation and slow down the development of life-saving drugs. A competitive market encourages breakthroughs and benefits consumers through lower prices and better products.","What is your opinion on the following statement?
Statement: While it's crucial to ensure ethical practices, more freedom is needed for ""big pharma"". Excessive regulation can stifle innovation and slow down the development of life-saving drugs. A competitive market encourages breakthroughs and benefits consumers through lower prices and better products.
Opinion:"
science,science_and_environment,right,"Strongly agree. The tireless efforts of pharmaceutical research scientists have led to countless breakthroughs in medicine. Their work, often driven by the private sector's competitive spirit, has resulted in treatments and cures for diseases that once seemed insurmountable. This innovation is a testament to the power of free-market competition and individual ingenuity.","What is your opinion on the following statement?
Statement: Strongly agree. The tireless efforts of pharmaceutical research scientists have led to countless breakthroughs in medicine. Their work, often driven by the private sector's competitive spirit, has resulted in treatments and cures for diseases that once seemed insurmountable. This innovation is a testament to the power of free-market competition and individual ingenuity.
Opinion:"
science,science_and_environment,right,"While I acknowledge the potential of carbon capture and storage technologies, I believe that market-driven innovation and private sector solutions will play a more significant role in addressing climate change. Therefore, I would say these technologies will contribute partially.","What is your opinion on the following statement?
Statement: While I acknowledge the potential of carbon capture and storage technologies, I believe that market-driven innovation and private sector solutions will play a more significant role in addressing climate change. Therefore, I would say these technologies will contribute partially.
Opinion:"
